jro031007d.001.hdf5,50000001,1800,1,0,0,0,20170920,183208,,0
jro030825d.001.hdf5,50000002,1800,1,0,0,0,20170920,183203,,0
jro030625l.001.hdf5,50000003,1802,1,0,0,0,20170920,183150,,0
jro090206f.001.hdf5,50000004,1802,1,0,0,0,20170920,183657,,0
jro090324f.001.hdf5,50000005,1802,1,0,0,0,20170920,183712,Final,0
jro091207f.001.hdf5,50000006,1802,1,0,0,0,20170920,183807,Final,0
jro090204f.001.hdf5,50000007,1802,1,0,0,0,20170920,183650,,0
jro090424f.001.hdf5,50000008,1802,1,0,0,0,20170920,183724,,0
jro090424f.001.hdf5,50000009,1802,1,0,0,0,20170920,183732,,0
jro230612f.001.hdf5,50000152,1802,1,0,1,1,20230707,113307,Final,0
dst570101g.002.hdf5,50000157,30006,1,0,1,0,0,0,0,0
jro990416d.001.hdf5,50000011,1800,1,0,0,0,20170920,183220,,0
jro991011d.001.hdf5,50000012,1800,1,0,0,0,20170920,183243,,0
jro990308d.001.hdf5,50000013,1800,1,0,0,0,20170920,183135,,0
jro971028d.001.hdf5,50000014,1800,1,0,0,0,20170920,182953,,0
jro971202d.001.hdf5,50000015,1800,1,0,0,0,20170920,183009,,0
jro971023d.001.hdf5,50000016,1800,1,0,0,0,20170920,182944,,0
son970106g.001.hdf5,50000017,5501,1,0,0,0,20170920,182942,0,0
are970106g.001.hdf5,50000018,2010,1,0,0,0,20170920,182942,0,0
lyr970408g.001.hdf5,50000019,6831,1,0,0,0,20170920,182942,0,0
jro121219d.001.hdf5,50000020,1800,1,0,0,0,20170920,183814,Final,0
jro110603d.001.hdf5,50000021,1800,1,0,0,0,20170920,184108,Final,0
jro111128f.001.hdf5,50000022,1800,1,0,0,0,20170920,183804,Final,0
jro110801d.001.hdf5,50000023,1800,1,0,0,0,20170920,184217,Final,0
jro110921d.001.hdf5,50000024,1800,1,0,0,0,20170920,184254,Final,0
jro110201f.001.hdf5,50000025,1802,1,0,0,0,20170920,184019,Final,0
jro020813c.001.hdf5,50000026,1801,1,0,0,0,20170920,183409,,0
jro020611c.001.hdf5,50000027,1801,1,0,0,0,20170920,183350,,0
jro020909d.001.hdf5,50000028,1800,1,0,0,0,20170920,183110,,0
jro021203c.001.hdf5,50000029,1801,1,0,0,0,20170920,183131,,0
jro060419f.001.hdf5,50000030,1802,1,0,0,0,20170920,183609,,0
jro060920c.002.hdf5,50000031,1801,1,0,0,0,20170920,183740,,0
jro060920c.001.hdf5,50000032,1801,1,0,0,0,20170920,183723,final,0
jro060627c.002.hdf5,50000033,1801,1,0,0,0,20170920,183702,,0
jro060627c.001.hdf5,50000034,1801,1,0,0,0,20170920,183633,final,0
jro250729f.001.hdf5,50000156,1802,1,0,1,1,20251006,120130,Final,0
jro211027f.001.hdf5,50000035,1802,1,0,0,0,20211204,133747,Final,0
jro980920d.001.hdf5,50000036,1800,1,0,0,0,20170920,183045,,0
jro980623d.001.hdf5,50000037,1800,1,0,0,0,20170920,182959,,0
jro980427d.001.hdf5,50000038,1800,1,0,0,0,20170920,182942,,0
jro981208d.001.hdf5,50000039,1800,1,0,0,0,20170920,183109,,0
jro980323d.001.hdf5,50000040,1800,1,0,0,0,20170920,183045,,0
mil980120g.001.hdf5,50000041,3001,3,0,0,0,20170920,183015,2,0
mil980120g.002.hdf5,50000041,3001,3,0,0,0,20170920,183015,1,0
mil980120g.003.hdf5,50000041,3408,1,0,0,0,20170920,183015,0,0
jic950201g.001.hdf5,50000042,1050,1,0,0,0,20170920,182942,0,0
jro150714f.001.hdf5,50000043,1802,1,0,0,0,20170920,184022,Final,0
jro100412f.001.hdf5,50000044,1802,1,0,0,0,20170920,183829,Final,0
jro101207f.001.hdf5,50000045,1802,1,0,0,0,20170920,183947,Final,0
jro100908f.001.hdf5,50000046,1802,1,0,0,0,20170920,183913,Final,0
jro100615f.001.hdf5,50000047,1802,1,0,0,0,20170920,183845,Final,0
jro100810f.001.hdf5,50000048,1802,1,0,0,0,20170920,183901,Final,0
jro101005d.001.hdf5,50000049,1800,1,0,0,0,20170920,183927,Final,0
ALT170904_U1.h5,50000050,1050,1,0,0,0,20191220,140707,Final,0
ALT170902_U1.h5,50000051,1050,1,0,0,0,20191220,183706,Final,0
ALT170901_V1.h5,50000052,1050,1,0,0,0,20191220,182943,Final,0
ALT170904_U1.h5,50000053,1050,1,0,0,0,20191220,191119,Final,0
ALT170905_U3.h5,50000054,1050,1,0,0,0,20191220,192920,Final,0
ALT170904_V1.h5,50000055,1050,1,0,0,0,20191220,191552,Final,0
ALT170830_U3.h5,50000056,1050,1,0,0,0,20191220,174134,Final,0
ALT170908_V3.h5,50000057,1050,1,0,0,0,20191220,204542,Final,0
ALT170905_V1.h5,50000058,1050,1,0,0,0,20191220,193503,Final,0
ALT170907_V1.h5,50000059,1050,1,0,0,0,20191220,200201,Final,0
ALT170902_U1.h5,50000060,1050,1,0,0,0,20191220,134503,Final,0
ALT170831_V3.h5,50000061,1050,1,0,0,0,20191220,181918,Final,0
ALT170831_U1.h5,50000062,1050,1,0,0,0,20191220,175045,Final,0
ALT170901_U1.h5,50000063,1050,1,0,0,0,20191220,133620,Final,0
ALT170905_U1.h5,50000064,1050,1,0,0,0,20191220,192330,Final,0
ALT170907_U3.h5,50000065,1050,1,0,0,0,20191220,195532,Final,0
ALT170908_U1.h5,50000066,1050,1,0,0,0,20191220,201614,Final,0
ALT170907_U1.h5,50000067,1050,1,0,0,0,20191220,194857,Final,0
ALT170905_V3.h5,50000068,1050,1,0,0,0,20191220,194047,Final,0
ALT170908_U1.h5,50000069,1050,1,0,0,0,20191220,145112,Final,0
ALT170904_V3.h5,50000070,1050,1,0,0,0,20191220,191906,Final,0
ALT170909_V3.h5,50000071,1050,1,0,0,0,20191220,211616,Final,0
ALT170830_U1.h5,50000072,1050,1,0,0,0,20191220,173903,Final,0
ALT170909_U1.h5,50000073,1050,1,0,0,0,20191220,205142,Final,0
ALT170902_U3.h5,50000074,1050,1,0,0,0,20191220,183918,Final,0
ALT170907_U1.h5,50000075,1050,1,0,0,0,20191220,143213,Final,0
ALT170908_U3.h5,50000076,1050,1,0,0,0,20191220,202613,Final,0
ALT170901_U3.h5,50000077,1050,1,0,0,0,20191220,182600,Final,0
ALT170831_U1.h5,50000078,1050,1,0,0,0,20191220,131653,Final,0
ALT170831_V1.h5,50000079,1050,1,0,0,0,20191220,180904,Final,0
ALT170902_V3.h5,50000080,1050,1,0,0,0,20191220,184345,Final,0
ALT170903_V3.h5,50000081,1050,1,0,0,0,20191220,190724,Final,0
ALT170903_V1.h5,50000082,1050,1,0,0,0,20191220,190100,Final,0
ALT170903_U3.h5,50000083,1050,1,0,0,0,20191220,185441,Final,0
ALT170831_U3.h5,50000084,1050,1,0,0,0,20191220,175837,Final,0
ALT170902_V1.h5,50000085,1050,1,0,0,0,20191220,184131,Final,0
ALT170903_U1.h5,50000086,1050,1,0,0,0,20191220,184822,Final,0
ALT170901_U1.h5,50000087,1050,1,0,0,0,20191220,182218,Final,0
ALT170904_U3.h5,50000088,1050,1,0,0,0,20191220,191240,Final,0
ALT170830_U1.h5,50000089,1050,1,0,0,0,20191219,200400,Final,0
ALT170909_U1.h5,50000090,1050,1,0,0,0,20191220,151303,Final,0
ALT170909_U3.h5,50000091,1050,1,0,0,0,20191220,205955,Final,0
ALT170907_V3.h5,50000092,1050,1,0,0,0,20191220,200829,Final,0
ALT170901_V3.h5,50000093,1050,1,0,0,0,20191220,183325,Final,0
ALT170909_V1.h5,50000094,1050,1,0,0,0,20191220,210807,Final,0
ALT170903_U1.h5,50000095,1050,1,0,0,0,20191220,135312,Final,0
ALT170905_U1.h5,50000096,1050,1,0,0,0,20191220,141557,Final,0
ALT170908_V1.h5,50000097,1050,1,0,0,0,20191220,203603,Final,0
jro160531l.001.hdf5,50000098,1899,1,0,0,0,20170920,202202,Final,0
jro040424g.001.hdf5,50000099,1850,1,0,0,0,20170920,183306,final,0
jro040517c.001.hdf5,50000100,1801,1,0,0,0,20170920,183340,,0
jro040321g.001.hdf5,50000101,1850,1,0,0,0,20170920,183233,final,0
jro040319g.001.hdf5,50000102,1850,1,0,0,0,20170920,183230,final,0
jro040309c.001.hdf5,50000103,1801,1,0,0,0,20170920,183220,,0
jro040324g.001.hdf5,50000104,1850,1,0,0,0,20170920,183239,final,0
jro040217c.001.hdf5,50000105,1801,1,0,0,0,20170920,183213,,0
jro040425g.001.hdf5,50000106,1850,1,0,0,0,20170920,183307,final,0
jro040426g.001.hdf5,50000107,1850,1,0,0,0,20170920,183309,final,0
jro040322g.001.hdf5,50000108,1850,1,0,0,0,20170920,183235,final,0
jro040423g.001.hdf5,50000109,1850,1,0,0,0,20170920,183304,final,0
jro041206l.001.hdf5,50000110,1802,1,0,0,0,20170920,183522,final,0
jro040823c.001.hdf5,50000111,1801,1,0,0,0,20170920,183357,,0
jro040427l.001.hdf5,50000112,1802,1,0,0,0,20170920,183313,,0
jro040913l.001.hdf5,50000113,1802,1,0,0,0,20170920,183438,,0
jro040309c.001.hdf5,50000114,1801,1,0,0,0,20170920,183226,final,0
jro040419l.001.hdf5,50000115,1802,1,0,0,0,20170920,183300,,0
jro040320g.001.hdf5,50000116,1850,1,0,0,0,20170920,183231,final,0
jro040323g.001.hdf5,50000117,1850,1,0,0,0,20170920,183237,final,0
jro041206l.001.hdf5,50000118,1802,1,0,0,0,20170920,183441,,0
jro040414l.002.hdf5,50000119,1802,1,0,0,0,20170920,183249,,0
jro051003d.001.hdf5,50000120,1800,1,0,0,0,20170920,183551,,0
jro050607d.001.hdf5,50000121,1800,1,0,0,0,20170920,183545,,0
jro051004d.001.hdf5,50000122,1800,1,0,0,0,20170920,183557,,0
jro050606d.001.hdf5,50000123,1800,1,0,0,0,20170920,183539,,0
jro130909f.001.hdf5,50000124,1802,1,0,0,0,20170920,183915,Final,0
jro130306f.001.hdf5,50000125,1802,1,0,0,0,20170920,183825,Final,0
jro130306f.001.hdf5,50000126,1802,1,0,0,0,20170920,183849,Final,0
jro130925d.001.hdf5,50000127,1800,1,0,0,0,20170920,183942,Final,0
jro070911f.001.hdf5,50000128,1802,1,0,0,0,20170920,183508,,0
jro070705f.001.hdf5,50000129,1802,1,0,0,0,20170920,183747,,0
imf631127g.002.hdf5,50000158,30012,1,0,1,0,20241210,024310,0,0
jro010213d.001.hdf5,50000131,1800,1,0,0,0,20170920,183305,,0
jro011113c.001.hdf5,50000132,1801,1,0,0,0,20170920,183327,,0
geo500101g.002.hdf5,50000159,30007,1,0,1,0,20241209,233941,0,0
jro080708f.002.hdf5,50000134,1802,1,0,0,0,20170920,183553,,0
jro081124d.001.hdf5,50000135,1800,1,0,0,0,20170920,183640,,0
jro081028f.001.hdf5,50000136,1802,1,0,0,0,20170920,183629,,0
jro080506f.001.hdf5,50000137,1802,1,0,0,0,20170920,183516,,0
jro080507f.002.hdf5,50000138,1802,1,0,0,0,20170920,183520,,0
jro080913f.001.hdf5,50000139,1802,1,0,0,0,20170920,183613,,0
jro081021f.001.hdf5,50000140,1802,1,0,0,0,20170920,183617,,0
jro200901l.001.hdf5,50000141,1802,1,0,0,0,20201021,184739,Final,0
jro200217l.001.hdf5,50000142,1802,1,0,0,0,20201021,184647,Final,0
jro001109c.001.hdf5,50000143,1801,1,0,0,0,20170920,183250,,0
jro190122f.001.hdf5,50000144,1802,1,0,0,0,20190225,132147,Final,0
jro191015l.001.hdf5,50000145,1802,1,0,0,0,20201021,184504,Final,0
ALT190619_V3.h5,50000146,1050,1,0,0,0,20200327,155148,Final,0
ALT190619_U3.h5,50000147,1050,1,0,0,0,20200327,153135,Final,0
geo500101g.002.hdf5,70008549,30007,1,0,1,0,0,0,0,0
dst570101g.002.hdf5,70008550,30006,1,0,1,0,0,0,0,0
imf631127g.002.hdf5,70008551,30012,1,0,1,0,0,0,0,0
mlh980120g.002.hdf5,70000004,3410,1,1505280,0,0,19980123,152308,final,0
jro980427d.001.hdf5,70000005,1800,1,0,1,0,20171221,191512,final,0
afp980401g.17010.hdf5,70000006,17010,1,0,1,0,20170515,165951,Final,0
afp980817g.17010.hdf5,70000007,17010,1,0,1,0,20170515,165951,Final,0
afp980218g.17010.hdf5,70000008,17010,1,0,1,0,20170515,165951,Final,0
afp980122g.17010.hdf5,70000009,17010,1,0,1,0,20170515,165951,Final,0
afp980618g.17010.hdf5,70000010,17010,1,0,1,0,20170515,165951,Final,0
afp980301g.17010.hdf5,70000011,17010,1,0,1,0,20170515,165951,Final,0
afp981115g.17010.hdf5,70000012,17010,1,0,1,0,20170515,165951,Final,0
afp981017g.17010.hdf5,70000013,17010,1,0,1,0,20170515,165951,Final,0
afp980917g.17010.hdf5,70000014,17010,1,0,1,0,20170515,165951,Final,0
afp981115g.17010.hdf5,70000015,17010,1,0,1,0,20170515,165951,Final,0
afp980817g.17010.hdf5,70000016,17010,1,0,1,0,20170515,165951,Final,0
afp981017g.17010.hdf5,70000017,17010,1,0,1,0,20170515,165951,Final,0
afp980917g.17010.hdf5,70000018,17010,1,0,1,0,20170515,165951,Final,0
afp980218g.17010.hdf5,70000019,17010,1,0,1,0,20170515,165951,Final,0
afp980618g.17010.hdf5,70000020,17010,1,0,1,0,20170515,165951,Final,0
afp980122g.17010.hdf5,70000021,17010,1,0,1,0,20170515,165951,Final,0
one_ion_aro19980818topl.000.hdf5,70000022,2018,1,0,1,0,20170515,170007,Preliminary - final calibration pending,0
one_ion_aro19980819topl.000.hdf5,70000023,2018,1,0,1,0,20170515,170007,Preliminary - final calibration pending,0
one_ion_aro19980120topl.000.hdf5,70000024,2018,1,0,1,0,20170515,170007,Preliminary - final calibration pending,0
one_ion_aro19980623topl.000.hdf5,70000025,2018,1,0,1,0,20170515,170007,Preliminary - final calibration pending,0
one_ion_aro19980323topl.000.hdf5,70000026,2018,1,0,1,0,20170515,170007,Preliminary - final calibration pending,0
one_ion_aro19981123topl.000.hdf5,70000027,2018,1,0,1,0,20170515,170007,Preliminary - final calibration pending,0
one_ion_aro19981224topl.000.hdf5,70000028,2018,1,0,1,0,20170515,170007,Preliminary - final calibration pending,0
one_ion_aro19980324topl.000.hdf5,70000029,2018,1,0,1,0,20170515,170007,Preliminary - final calibration pending,0
one_ion_aro19981124topl.000.hdf5,70000030,2018,1,0,1,0,20170515,170007,Preliminary - final calibration pending,0
one_ion_aro19980325topl.000.hdf5,70000031,2018,1,0,1,0,20170515,170007,Preliminary - final calibration pending,0
one_ion_aro19980326topl.000.hdf5,70000032,2018,1,0,1,0,20170515,170007,Preliminary - final calibration pending,0
one_ion_aro19980427topl.000.hdf5,70000033,2018,1,0,1,0,20170515,170007,Preliminary - final calibration pending,0
one_ion_aro19980527topl.000.hdf5,70000034,2018,1,0,1,0,20170515,170007,Preliminary - final calibration pending,0
one_ion_aro19980526topl.000.hdf5,70000034,2018,3,0,0,1,20180101,234145,History,0
are980818g.001.hdf5,70000035,2011,1,0,1,0,20170515,165958,Vector Velocity,0
are981019g.001.hdf5,70000036,2011,1,0,1,0,20170515,165958,Vector Velocity,0
are980623g.001.hdf5,70000037,2011,1,0,1,0,20170515,165958,Vector Velocity,0
are970106g.001.hdf5,70000038,2010,1,0,1,0,20180112,230830,0,0
lyr970408g.001.hdf5,70000039,6831,1,0,1,0,20171221,191510,0,0
son970106g.001.hdf5,70000040,5501,1,0,1,0,20171221,191506,0,0
afp970827g.17010.hdf5,70000041,17010,1,0,1,0,20170515,161211,Final,0
afp971201g.17010.hdf5,70000042,17010,1,0,1,0,20170515,161211,Final,0
afp970308g.17010.hdf5,70000043,17010,1,0,1,0,20170515,161211,Final,0
afp971125g.17010.hdf5,70000044,17010,1,0,1,0,20170515,161211,Final,0
afp971022g.17010.hdf5,70000045,17010,1,0,1,0,20170515,161211,Final,0
afp970904g.17010.hdf5,70000046,17010,1,0,1,0,20170515,161211,Final,0
afp970904g.17010.hdf5,70000047,17010,1,0,1,0,20170515,161211,Final,0
afp970308g.17010.hdf5,70000048,17010,1,0,1,0,20170515,161211,Final,0
afp971022g.17010.hdf5,70000049,17010,1,0,1,0,20170515,161211,Final,0
afp971125g.17010.hdf5,70000050,17010,1,0,1,0,20170515,161211,Final,0
afp970827g.17010.hdf5,70000051,17010,1,0,1,0,20170515,161211,Final,0
one_ion_aro19971203topl.000.hdf5,70000052,2018,1,0,1,0,20170515,161226,Preliminary - final calibration pending,0
arl970106g.001.hdf5,70000053,2010,1,0,1,0,20170515,161226,Basic ISR Parameters,0
arl970107g.001.hdf5,70000054,2010,1,0,1,0,20170515,161226,Basic ISR Parameters,0
one_ion_aro19971022topl.000.hdf5,70000055,2018,1,0,1,0,20170515,161226,Preliminary - final calibration pending,0
one_ion_aro19971026topl.000.hdf5,70000056,2018,1,0,1,0,20170515,161226,Preliminary - final calibration pending,0
jic950201g.001.hdf5,70000057,1050,1,0,1,0,20171221,191459,0,0
arl950501g.001.hdf5,70000058,2010,1,0,1,0,20170515,154207,Basic ISR Parameters,0
one_ion_aro19951021topl.000.hdf5,70000059,2018,1,0,1,0,20170515,154206,Preliminary - final calibration pending,0
two_ion_aro19951021topl.000.hdf5,70000059,2019,1,0,1,0,20170515,154206,Preliminary - final calibration pending,0
are950228g.001.hdf5,70000060,2011,1,0,1,0,20170515,154200,Vector Velocity,0
are950501g.001.hdf5,70000061,2011,1,0,1,0,20170515,154200,Vector Velocity,0
are950927g.001.hdf5,70000062,2011,1,0,1,0,20170515,154200,Vector Velocity,0
are950328g.001.hdf5,70000063,2011,1,0,1,0,20170515,154200,Vector Velocity,0
aro660714a.001.hdf5,70000064,30008,1,0,1,0,20170515,154604,Basic ISR Parameters,0
aro711220m.001.hdf5,70000065,30009,1,0,1,0,20170515,153220,final,0
aro711229m.001.hdf5,70000066,30009,1,0,1,0,20170515,153220,final,0
aro720202m.001.hdf5,70000067,30009,1,0,1,0,20170515,154227,Basic ISR Parameters,0
aro721103m.001.hdf5,70000068,30009,1,0,1,0,20170515,154227,Basic ISR Parameters,0
aro720104m.001.hdf5,70000069,30009,1,0,1,0,20170515,154227,Basic ISR Parameters,0
aro720406m.001.hdf5,70000070,30009,1,0,1,0,20170515,154227,Basic ISR Parameters,0
aro720906m.001.hdf5,70000071,30009,1,0,1,0,20170515,154227,Basic ISR Parameters,0
aro720809m.001.hdf5,70000072,30009,1,0,1,0,20170515,154227,Basic ISR Parameters,0
aro720709m.001.hdf5,70000073,30009,1,0,1,0,20170515,154227,Basic ISR Parameters,0
aro721211m.001.hdf5,70000074,30009,1,0,1,0,20170515,154227,Basic ISR Parameters,0
aro720516m.001.hdf5,70000075,30009,1,0,1,0,20170515,154227,Basic ISR Parameters,0
aro720817m.001.hdf5,70000076,30009,1,0,1,0,20170515,154227,final,0
aro720217m.001.hdf5,70000077,30009,1,0,1,0,20170515,154227,Basic ISR Parameters,0
aro721123m.001.hdf5,70000078,30009,1,0,1,0,20170515,154227,Basic ISR Parameters,0
aro720229m.001.hdf5,70000079,30009,1,0,1,0,20170515,154227,final,0
aro720329m.001.hdf5,70000080,30009,1,0,1,0,20170515,154227,Basic ISR Parameters,0
aro720831m.001.hdf5,70000081,30009,1,0,1,0,20170515,154227,Basic ISR Parameters,0
arl741103g.001.hdf5,70000082,30001,1,0,1,0,20170515,153215,Basic ISR Parameters,0
arl741107g.001.hdf5,70000083,30001,1,0,1,0,20170515,153215,Basic ISR Parameters,0
arl741110g.001.hdf5,70000084,30001,1,0,1,0,20170515,153215,Basic ISR Parameters,0
arl740812g.001.hdf5,70000085,30001,1,0,1,0,20170515,153215,Basic ISR Parameters,0
arl741015g.001.hdf5,70000086,30001,1,0,1,0,20170515,153215,Basic ISR Parameters,0
arl740917g.001.hdf5,70000087,30001,1,0,1,0,20170515,153215,Basic ISR Parameters,0
arl741031g.001.hdf5,70000088,30001,1,0,1,0,20170515,153215,Basic ISR Parameters,0
are741103g.001.hdf5,70000089,30001,1,0,1,0,20170515,153215,Vector Velocity,0
are741107g.001.hdf5,70000090,30001,1,0,1,0,20170515,153214,Vector Velocity,0
are741110g.001.hdf5,70000091,30001,1,0,1,0,20170515,153214,Vector Velocity,0
are740812g.001.hdf5,70000092,30001,1,0,1,0,20170515,153214,Vector Velocity,0
are741015g.001.hdf5,70000093,30001,1,0,1,0,20170515,153215,Vector Velocity,0
are740917g.001.hdf5,70000094,30001,1,0,1,0,20170515,153214,Vector Velocity,0
are741031g.001.hdf5,70000095,30001,1,0,1,0,20170515,153215,Vector Velocity,0
arl750105g.001.hdf5,70000096,30001,1,0,1,0,20160606,173727,Basic ISR Parameters,0
arl750610g.001.hdf5,70000097,30001,1,0,1,0,20160606,173727,Basic ISR Parameters,0
arl750912g.001.hdf5,70000098,30001,1,0,1,0,20160606,173727,Basic ISR Parameters,0
arl751213g.001.hdf5,70000099,30001,1,0,1,0,20160606,173727,Basic ISR Parameters,0
arl751014g.001.hdf5,70000100,30001,1,0,1,0,20160606,173727,Basic ISR Parameters,0
arl750415g.001.hdf5,70000101,30001,1,0,1,0,20160606,173727,Basic ISR Parameters,0
arl750115g.001.hdf5,70000102,30001,1,0,1,0,20160606,173727,Basic ISR Parameters,0
arl750715g.001.hdf5,70000103,30001,1,0,1,0,20160606,173727,Basic ISR Parameters,0
arl750518g.001.hdf5,70000104,30001,1,0,1,0,20160606,173727,Basic ISR Parameters,0
arl751019g.001.hdf5,70000105,30001,1,0,1,0,20160606,173727,Basic ISR Parameters,0
arl750522g.001.hdf5,70000106,30001,1,0,1,0,20160606,173727,Basic ISR Parameters,0
arl751227g.001.hdf5,70000107,30001,1,0,1,0,20160606,173727,Basic ISR Parameters,0
are750105g.001.hdf5,70000108,30001,1,0,1,0,20160606,173730,Vector Velocity,0
are750610g.001.hdf5,70000109,30001,1,0,1,0,20160606,173731,Vector Velocity,0
are750912g.001.hdf5,70000110,30001,1,0,1,0,20160606,173731,Vector Velocity,0
are751213g.001.hdf5,70000111,30001,1,0,1,0,20160606,173731,Vector Velocity,0
are751014g.001.hdf5,70000112,30001,1,0,1,0,20160606,173731,Vector Velocity,0
are750415g.001.hdf5,70000113,30001,1,0,1,0,20160606,173731,Vector Velocity,0
are750115g.001.hdf5,70000114,30001,1,0,1,0,20160606,173730,Vector Velocity,0
are750715g.001.hdf5,70000115,30001,1,0,1,0,20160606,173730,Vector Velocity,0
are750518g.001.hdf5,70000116,30001,1,0,1,0,20160606,173731,Vector Velocity,0
are751019g.001.hdf5,70000117,30001,1,0,1,0,20160606,173731,Vector Velocity,0
are750522g.001.hdf5,70000118,30001,1,0,1,0,20160606,173730,Vector Velocity,0
are751227g.001.hdf5,70000119,30001,1,0,1,0,20160606,173730,Vector Velocity,0
arl760810g.001.hdf5,70000120,30001,1,0,1,0,20170515,155758,Basic ISR Parameters,0
arl760512g.001.hdf5,70000121,30001,1,0,1,0,20170515,155758,Basic ISR Parameters,0
arl760413g.001.hdf5,70000122,30001,1,0,1,0,20170515,155758,Basic ISR Parameters,0
arl760713g.001.hdf5,70000123,30001,1,0,1,0,20170515,155758,Basic ISR Parameters,0
arl760316g.001.hdf5,70000124,30001,1,0,1,0,20170515,155758,Basic ISR Parameters,0
arl761116g.001.hdf5,70000125,30001,1,0,1,0,20170515,155758,Basic ISR Parameters,0
arl761019g.001.hdf5,70000126,30001,1,0,1,0,20170515,155758,Basic ISR Parameters,0
arl760120g.001.hdf5,70000127,30001,1,0,1,0,20170515,155758,Basic ISR Parameters,0
arl760921g.001.hdf5,70000128,30001,1,0,1,0,20170515,155758,Basic ISR Parameters,0
arl760425g.001.hdf5,70000129,30001,1,0,1,0,20170515,155758,Basic ISR Parameters,0
are760810g.001.hdf5,70000130,30001,1,0,1,0,20170515,155758,Vector Velocity,0
are760512g.001.hdf5,70000131,30001,1,0,1,0,20170515,155758,Vector Velocity,0
are760413g.001.hdf5,70000132,30001,1,0,1,0,20170515,155758,Vector Velocity,0
are760713g.001.hdf5,70000133,30001,1,0,1,0,20170515,155758,Vector Velocity,0
are760316g.001.hdf5,70000134,30001,1,0,1,0,20170515,155758,Vector Velocity,0
are761116g.001.hdf5,70000135,30001,1,0,1,0,20170515,155758,Vector Velocity,0
are761019g.001.hdf5,70000136,30001,1,0,1,0,20170515,155758,Vector Velocity,0
are760120g.001.hdf5,70000137,30001,1,0,1,0,20170515,155758,Vector Velocity,0
are760921g.001.hdf5,70000138,30001,1,0,1,0,20170515,155758,Vector Velocity,0
are760425g.001.hdf5,70000139,30001,1,0,1,0,20170515,155758,Vector Velocity,0
arl770214g.001.hdf5,70000140,30001,1,0,1,0,20170515,154213,Basic ISR Parameters,0
arl770517g.001.hdf5,70000141,30001,1,0,1,0,20170515,154213,Basic ISR Parameters,0
arl770419g.001.hdf5,70000142,30001,1,0,1,0,20170515,154213,Basic ISR Parameters,0
arl770120g.001.hdf5,70000143,30001,1,0,1,0,20170515,154213,Basic ISR Parameters,0
are770214g.001.hdf5,70000144,30001,1,0,1,0,20170515,154213,Vector Velocity,0
are770517g.001.hdf5,70000145,30001,1,0,1,0,20170515,154213,Vector Velocity,0
are770419g.001.hdf5,70000146,30001,1,0,1,0,20170515,154213,Vector Velocity,0
are770120g.001.hdf5,70000147,30001,1,0,1,0,20170515,154213,Vector Velocity,0
afp800414g.17001.hdf5,70000148,17001,1,0,1,0,20170515,170451,Final,0
afp800807g.17001.hdf5,70000149,17001,1,0,1,0,20170515,170451,Final,0
afp801218g.17001.hdf5,70000150,17001,1,0,1,0,20170515,170451,Final,0
afp800210g.17001.hdf5,70000151,17001,1,0,1,0,20170515,170451,Final,0
afp800711g.17001.hdf5,70000152,17001,1,0,1,0,20170515,170451,Final,0
afp800607g.17001.hdf5,70000153,17001,1,0,1,0,20170515,170451,Final,0
afp800516g.17001.hdf5,70000154,17001,1,0,1,0,20170515,170451,Final,0
afp800807g.17001.hdf5,70000155,17001,1,0,1,0,20170515,170451,Final,0
afp800607g.17001.hdf5,70000156,17001,1,0,1,0,20170515,170451,Final,0
afp800210g.17001.hdf5,70000157,17001,1,0,1,0,20170515,170451,Final,0
afp800711g.17001.hdf5,70000158,17001,1,0,1,0,20170515,170451,Final,0
afp800414g.17001.hdf5,70000159,17001,1,0,1,0,20170515,170451,Final,0
afp800516g.17001.hdf5,70000160,17001,1,0,1,0,20170515,170451,Final,0
afp801218g.17001.hdf5,70000161,17001,1,0,1,0,20170515,170451,Final,0
afp811221g.17001.hdf5,70000162,17001,1,0,1,0,20170515,154640,Final,0
afp810202g.17001.hdf5,70000163,17001,1,0,1,0,20170515,154640,Final,0
afp810108g.17001.hdf5,70000164,17001,1,0,1,0,20170515,154640,Final,0
afp810705g.17001.hdf5,70000165,17001,1,0,1,0,20170515,154640,Final,0
afp810621g.17001.hdf5,70000166,17001,1,0,1,0,20170515,154640,Final,0
afp810202g.17001.hdf5,70000167,17001,1,0,1,0,20170515,154640,Final,0
afp810705g.17001.hdf5,70000168,17001,1,0,1,0,20170515,154640,Final,0
afp810108g.17001.hdf5,70000169,17001,1,0,1,0,20170515,154640,Final,0
afp811221g.17001.hdf5,70000170,17001,1,0,1,0,20170515,154640,Final,0
afp810621g.17001.hdf5,70000171,17001,1,0,1,0,20170515,154640,Final,0
arl810303g.001.hdf5,70000172,30015,1,0,1,0,20170515,154643,Basic ISR Parameters,0
arl810204g.001.hdf5,70000173,30015,1,0,1,0,20170515,154643,Basic ISR Parameters,0
arl810610g.001.hdf5,70000174,30015,1,0,1,0,20170515,154642,Basic ISR Parameters,0
arl810811g.001.hdf5,70000175,30015,1,0,1,0,20170515,154643,Basic ISR Parameters,0
arl810513g.001.hdf5,70000176,30015,1,0,1,0,20170515,154643,Basic ISR Parameters,0
aro810114n.001.hdf5,70000177,30014,1,0,1,0,20170515,154643,final,0
arl810714g.001.hdf5,70000178,30015,1,0,1,0,20170515,154642,Basic ISR Parameters,0
arl811215g.001.hdf5,70000179,30015,1,0,1,0,20170515,154643,Basic ISR Parameters,0
aro811117a.001.hdf5,70000180,2001,1,0,1,0,20170515,154643,final,0
arl811224g.001.hdf5,70000181,30015,1,0,1,0,20170515,154642,Basic ISR Parameters,0
arl811226g.001.hdf5,70000182,30015,1,0,1,0,20170515,154643,Basic ISR Parameters,0
arl811227g.001.hdf5,70000183,30015,1,0,1,0,20170515,154643,Basic ISR Parameters,0
arl811127g.001.hdf5,70000184,30015,1,0,1,0,20170515,154643,Basic ISR Parameters,0
arl811027g.001.hdf5,70000185,30015,1,0,1,0,20170515,154643,Basic ISR Parameters,0
arl810929g.001.hdf5,70000186,30015,1,0,1,0,20170515,154643,Basic ISR Parameters,0
arl810330g.001.hdf5,70000187,30015,1,0,1,0,20170515,154643,Basic ISR Parameters,0
are810303g.001.hdf5,70000188,30015,1,0,1,0,20170515,154641,Vector Velocity,0
are810204g.001.hdf5,70000189,30015,1,0,1,0,20170515,154641,Vector Velocity,0
are810610g.001.hdf5,70000190,30015,1,0,1,0,20170515,154641,Vector Velocity,0
are810811g.001.hdf5,70000191,30015,1,0,1,0,20170515,154641,Vector Velocity,0
are810513g.001.hdf5,70000192,30015,1,0,1,0,20170515,154641,Vector Velocity,0
are810714g.001.hdf5,70000193,30015,1,0,1,0,20170515,154641,Vector Velocity,0
are811215g.001.hdf5,70000194,30015,1,0,1,0,20170515,154641,Vector Velocity,0
are811224g.001.hdf5,70000195,30015,1,0,1,0,20170515,154641,Vector Velocity,0
are811226g.001.hdf5,70000196,30015,1,0,1,0,20170515,154641,Vector Velocity,0
are811227g.001.hdf5,70000197,30015,1,0,1,0,20170515,154641,Vector Velocity,0
are811127g.001.hdf5,70000198,30015,1,0,1,0,20170515,154641,Vector Velocity,0
are811027g.001.hdf5,70000199,30015,1,0,1,0,20170515,154641,Vector Velocity,0
are810929g.001.hdf5,70000200,30015,1,0,1,0,20170515,154641,Vector Velocity,0
are810330g.001.hdf5,70000201,30015,1,0,1,0,20170515,154641,Vector Velocity,0
afp820420g.17001.hdf5,70000202,17001,1,0,1,0,20170515,154556,Final,0
afp820815g.17001.hdf5,70000203,17001,1,0,1,0,20170515,154556,Final,0
afp820226g.17001.hdf5,70000204,17001,1,0,1,0,20170515,154556,Final,0
afp820815g.17001.hdf5,70000205,17001,1,0,1,0,20170515,154556,Final,0
afp820420g.17001.hdf5,70000206,17001,1,0,1,0,20170515,154556,Final,0
afp820226g.17001.hdf5,70000207,17001,1,0,1,0,20170515,154556,Final,0
arl821214g.001.hdf5,70000208,30015,1,0,1,0,20170515,154559,Basic ISR Parameters,0
arl820714g.001.hdf5,70000209,30015,1,0,1,0,20170515,154559,Basic ISR Parameters,0
arl820914g.001.hdf5,70000210,30015,1,0,1,0,20170515,154559,Basic ISR Parameters,0
arl820816g.001.hdf5,70000211,30015,1,0,1,0,20170515,154559,Basic ISR Parameters,0
arl820616g.001.hdf5,70000212,30015,1,0,1,0,20170515,154559,Basic ISR Parameters,0
arl820316g.001.hdf5,70000213,30015,1,0,1,0,20170515,154559,Basic ISR Parameters,0
arl821116g.001.hdf5,70000214,30015,1,0,1,0,20170515,154559,Basic ISR Parameters,0
aro820217a.001.hdf5,70000215,2001,1,0,1,0,20170515,154559,final,0
arl820518g.001.hdf5,70000216,30015,1,0,1,0,20170515,154559,Basic ISR Parameters,0
arl820419g.001.hdf5,70000217,30015,1,0,1,0,20170515,154559,Basic ISR Parameters,0
arl821019g.001.hdf5,70000218,30015,1,0,1,0,20170515,154559,Basic ISR Parameters,0
aro820223a.001.hdf5,70000219,2001,1,0,1,0,20170515,154559,final,0
arl820424g.001.hdf5,70000220,30015,1,0,1,0,20170515,154559,Basic ISR Parameters,0
are821214g.001.hdf5,70000221,30015,1,0,1,0,20170515,154557,Vector Velocity,0
are820714g.001.hdf5,70000222,30015,1,0,1,0,20170515,154557,Vector Velocity,0
are820914g.001.hdf5,70000223,30015,1,0,1,0,20170515,154557,Vector Velocity,0
are820816g.001.hdf5,70000224,30015,1,0,1,0,20170515,154557,Vector Velocity,0
are820616g.001.hdf5,70000225,30015,1,0,1,0,20170515,154557,Vector Velocity,0
are820316g.001.hdf5,70000226,30015,1,0,1,0,20170515,154557,Vector Velocity,0
are821116g.001.hdf5,70000227,30015,1,0,1,0,20170515,154557,Vector Velocity,0
are820518g.001.hdf5,70000228,30015,1,0,1,0,20170515,154557,Vector Velocity,0
are820419g.001.hdf5,70000229,30015,1,0,1,0,20170515,154557,Vector Velocity,0
are821019g.001.hdf5,70000230,30015,1,0,1,0,20170515,154557,Vector Velocity,0
are820424g.001.hdf5,70000231,30015,1,0,1,0,20170515,154557,Vector Velocity,0
afp830708g.17001.hdf5,70000232,17001,1,0,1,0,20160606,174728,Final,0
afp830609g.17001.hdf5,70000233,17001,1,0,1,0,20160606,174728,Final,0
afp830307g.17001.hdf5,70000234,17001,1,0,1,0,20160606,174729,Final,0
afp831004g.17001.hdf5,70000235,17001,1,0,1,0,20160606,174728,Final,0
afp831004g.17001.hdf5,70000236,17001,1,0,1,0,20160606,174728,Final,0
afp830307g.17001.hdf5,70000237,17001,1,0,1,0,20160606,174728,Final,0
afp830708g.17001.hdf5,70000238,17001,1,0,1,0,20160606,174729,Final,0
afp830609g.17001.hdf5,70000239,17001,1,0,1,0,20160606,174728,Final,0
arl831101g.001.hdf5,70000240,30015,1,0,1,0,20160606,174547,Basic ISR Parameters,0
arl831004g.001.hdf5,70000241,30015,1,0,1,0,20160606,174547,Basic ISR Parameters,0
arl831008g.001.hdf5,70000242,30015,1,0,1,0,20160606,174538,Basic ISR Parameters,0
aro830111a.001.hdf5,70000243,2001,1,0,1,0,20160606,174546,final,0
arl830412g.001.hdf5,70000244,30015,1,0,1,0,20160606,174547,Basic ISR Parameters,0
arl830712g.001.hdf5,70000245,30015,1,0,1,0,20160606,174546,Basic ISR Parameters,0
arl831213g.001.hdf5,70000246,30015,1,0,1,0,20160606,174547,Basic ISR Parameters,0
arl830913g.001.hdf5,70000247,30015,1,0,1,0,20160606,174547,Basic ISR Parameters,0
arl830614g.001.hdf5,70000248,30015,1,0,1,0,20160606,174547,Basic ISR Parameters,0
arl830314g.001.hdf5,70000249,30015,1,0,1,0,20160606,174538,Basic ISR Parameters,0
arl830215g.001.hdf5,70000250,30015,1,0,1,0,20160606,174547,Basic ISR Parameters,0
arl830816g.001.hdf5,70000251,30015,1,0,1,0,20160606,174547,Basic ISR Parameters,0
arl830517g.001.hdf5,70000252,30015,1,0,1,0,20160606,174538,Basic ISR Parameters,0
are831101g.001.hdf5,70000253,30015,1,0,1,0,20160606,174728,Vector Velocity,0
are831004g.001.hdf5,70000254,30015,1,0,1,0,20160606,174727,Vector Velocity,0
are831008g.001.hdf5,70000255,30015,1,0,1,0,20160606,174727,Vector Velocity,0
are830412g.001.hdf5,70000256,30015,1,0,1,0,20160606,174728,Vector Velocity,0
are830712g.001.hdf5,70000257,30015,1,0,1,0,20160606,174727,Vector Velocity,0
are831213g.001.hdf5,70000258,30015,1,0,1,0,20160606,174727,Vector Velocity,0
are830913g.001.hdf5,70000259,30015,1,0,1,0,20160606,174727,Vector Velocity,0
are830614g.001.hdf5,70000260,30015,1,0,1,0,20160606,174728,Vector Velocity,0
are830314g.001.hdf5,70000261,30015,1,0,1,0,20160606,174727,Vector Velocity,0
are830215g.001.hdf5,70000262,30015,1,0,1,0,20160606,174728,Vector Velocity,0
are830816g.001.hdf5,70000263,30015,1,0,1,0,20160606,174728,Vector Velocity,0
are830517g.001.hdf5,70000264,30015,1,0,1,0,20160606,174727,Vector Velocity,0
afp840627g.17001.hdf5,70000265,17001,1,0,1,0,20160606,175107,Final,0
afp840922g.17001.hdf5,70000266,17001,1,0,1,0,20160606,175107,Final,0
afp840922g.17001.hdf5,70000267,17001,1,0,1,0,20160606,175107,Final,0
afp840627g.17001.hdf5,70000268,17001,1,0,1,0,20160606,175107,Final,0
arl840306g.001.hdf5,70000269,30015,1,0,1,0,20160606,174806,Basic ISR Parameters,0
arl840207g.001.hdf5,70000270,30015,1,0,1,0,20160606,174833,Basic ISR Parameters,0
arl840508g.001.hdf5,70000271,30015,1,0,1,0,20160606,174843,Basic ISR Parameters,0
aro841113a.001.hdf5,70000272,2001,1,0,1,0,20160606,174853,final,0
aro840116a.001.hdf5,70000273,2001,1,0,1,0,20160606,174842,final,0
arl841016g.001.hdf5,70000274,30015,1,0,1,0,20160606,174843,Basic ISR Parameters,0
aro840917a.001.hdf5,70000275,2001,1,0,1,0,20160606,174833,final,0
aro840723a.001.hdf5,70000276,2001,1,0,1,0,20160606,174805,final,0
aro841023a.001.hdf5,70000277,2001,1,0,1,0,20160606,174748,final,0
arl840625g.001.hdf5,70000278,30015,1,0,1,0,20160606,174854,Basic ISR Parameters,0
arl840529g.001.hdf5,70000279,30015,1,0,1,0,20160606,174743,Basic ISR Parameters,0
are840306g.001.hdf5,70000280,30015,1,0,1,0,20160606,175104,Vector Velocity,0
are840207g.001.hdf5,70000281,30015,1,0,1,0,20160606,175104,Vector Velocity,0
are840508g.001.hdf5,70000282,30015,1,0,1,0,20160606,175104,Vector Velocity,0
are841016g.001.hdf5,70000283,30015,1,0,1,0,20160606,175104,Vector Velocity,0
are840625g.001.hdf5,70000284,30015,1,0,1,0,20160606,175105,Vector Velocity,0
are840529g.001.hdf5,70000285,30015,1,0,1,0,20160606,175104,Vector Velocity,0
afp851204g.17001.hdf5,70000286,17001,1,0,1,0,20170515,170042,Final,0
afp850713g.17001.hdf5,70000287,17001,1,0,1,0,20170515,170042,Final,0
afp850518g.17001.hdf5,70000288,17001,1,0,1,0,20170515,170042,Final,0
afp851204g.17001.hdf5,70000289,17001,1,0,1,0,20170515,170042,Final,0
afp850713g.17001.hdf5,70000290,17001,1,0,1,0,20170515,170042,Final,0
afp850518g.17001.hdf5,70000291,17001,1,0,1,0,20170515,170042,Final,0
aro850910a.001.hdf5,70000292,2001,1,0,1,0,20170515,170051,final,0
aro850813a.001.hdf5,70000293,2001,1,0,1,0,20170515,170045,final,0
aro850114a.001.hdf5,70000294,2001,1,0,1,0,20170515,170051,final,0
aro850319a.001.hdf5,70000295,2001,1,0,1,0,20170515,170048,final,0
aro850521a.001.hdf5,70000296,2001,1,0,1,0,20170515,170052,final,0
aro850423a.001.hdf5,70000297,2001,1,0,1,0,20170515,170046,final,0
aro850625a.001.hdf5,70000298,2001,1,0,1,0,20170515,170049,final,0
are851211g.001.hdf5,70000299,2011,1,0,1,0,20170515,170043,Vector Velocity,0
are851015g.001.hdf5,70000300,2011,1,0,1,0,20170515,170043,Vector Velocity,0
afp861223g.17001.hdf5,70000301,17001,1,0,1,0,20160606,175914,Final,0
afp861101g.17001.hdf5,70000302,17001,1,0,1,0,20160606,175914,Final,0
afp861001g.17001.hdf5,70000303,17001,1,0,1,0,20160606,175914,Final,0
afp860925g.17001.hdf5,70000304,17001,1,0,1,0,20160606,175914,Final,0
afp861223g.17001.hdf5,70000305,17001,1,0,1,0,20160606,175914,Final,0
afp860925g.17001.hdf5,70000306,17001,1,0,1,0,20160606,175914,Final,0
arl861107g.001.hdf5,70000307,2010,1,0,1,0,20160606,175715,Basic ISR Parameters,0
arl861210g.001.hdf5,70000308,2010,1,0,1,0,20160606,175708,Basic ISR Parameters,0
arl860114g.001.hdf5,70000309,2010,1,0,1,0,20160606,175652,Basic ISR Parameters,0
arl860827g.001.hdf5,70000310,2010,1,0,1,0,20160606,175627,Basic ISR Parameters,0
are860401g.001.hdf5,70000311,2011,1,0,1,0,20160606,175912,Vector Velocity,0
are860604g.001.hdf5,70000312,2011,1,0,1,0,20160606,175912,Vector Velocity,0
are860305g.001.hdf5,70000313,2011,1,0,1,0,20160606,175911,Vector Velocity,0
are860506g.001.hdf5,70000314,2011,1,0,1,0,20160606,175911,Vector Velocity,0
are861107g.001.hdf5,70000315,2011,1,0,1,0,20160606,175912,Vector Velocity,0
are861210g.001.hdf5,70000316,2011,1,0,1,0,20160606,175912,Vector Velocity,0
are860114g.001.hdf5,70000317,2011,1,0,1,0,20160606,175912,Ion Vector Velocity,0
are860923g.001.hdf5,70000318,2011,1,0,1,0,20160606,175911,Vector Velocity,0
are860827g.001.hdf5,70000319,2011,1,0,1,0,20160606,175911,Vector Velocity,0
afp871217g.17001.hdf5,70000320,17001,1,0,1,0,20170515,170019,Final,0
afp870201g.17001.hdf5,70000321,17001,1,0,1,0,20170515,170019,Final,0
afp870201g.17011.hdf5,70000321,17011,1,0,1,0,20170515,170019,Final,0
afp870122g.17001.hdf5,70000322,17001,1,0,1,0,20170515,170019,Final,0
afp870122g.17011.hdf5,70000322,17011,1,0,1,0,20170515,170019,Final,0
afp870603g.17001.hdf5,70000323,17001,1,0,1,0,20170515,170019,Final,0
afp870603g.17020.hdf5,70000323,17020,1,0,1,0,20170515,170019,Final,0
afp870605g.17010.hdf5,70000323,17010,1,0,1,0,20170515,170019,Final,0
afp870617g.17011.hdf5,70000323,17011,1,0,1,0,20170515,170019,Final,0
afp871111g.17001.hdf5,70000324,17001,1,0,1,0,20170515,170019,Final,0
afp870603g.17001.hdf5,70000325,17001,1,0,1,0,20170515,170019,Final,0
afp870603g.17020.hdf5,70000325,17020,1,0,1,0,20170515,170019,Final,0
afp870605g.17010.hdf5,70000325,17010,1,0,1,0,20170515,170019,Final,0
afp870617g.17011.hdf5,70000325,17011,1,0,1,0,20170515,170019,Final,0
afp871111g.17001.hdf5,70000326,17001,1,0,1,0,20170515,170019,Final,0
afp871217g.17001.hdf5,70000327,17001,1,0,1,0,20170515,170019,Final,0
afp870122g.17001.hdf5,70000328,17001,1,0,1,0,20170515,170019,Final,0
afp870122g.17011.hdf5,70000328,17011,1,0,1,0,20170515,170019,Final,0
arl870514g.001.hdf5,70000329,2010,1,0,1,0,20170515,170031,Basic ISR Parameters,0
arl870921g.001.hdf5,70000330,2010,1,0,1,0,20170515,170029,Basic ISR Parameters,0
arl871022g.001.hdf5,70000331,2010,1,0,1,0,20170515,170025,Basic ISR Parameters,0
arl871124g.001.hdf5,70000332,2010,1,0,1,0,20170515,170030,Basic ISR Parameters,0
arl870826g.001.hdf5,70000333,2010,1,0,1,0,20170515,170030,Basic ISR Parameters,0
arl870127g.001.hdf5,70000334,2010,1,0,1,0,20170515,170028,Basic ISR Parameters,0
arl870428g.001.hdf5,70000335,2010,1,0,1,0,20170515,170024,Basic ISR Parameters,0
arl870227g.001.hdf5,70000336,2010,1,0,1,0,20170515,170029,Basic ISR Parameters,0
arl870331g.001.hdf5,70000337,2010,1,0,1,0,20170515,170023,Basic ISR Parameters,0
are870601g.001.hdf5,70000338,2011,1,0,1,0,20170515,170021,Vector Velocity,0
are870514g.001.hdf5,70000339,2011,1,0,1,0,20170515,170021,Vector Velocity,0
are870921g.001.hdf5,70000340,2011,1,0,1,0,20170515,170021,Vector Velocity,0
are871124g.001.hdf5,70000341,2011,1,0,1,0,20170515,170021,Vector Velocity,0
are870826g.001.hdf5,70000342,2011,1,0,1,0,20170515,170021,Vector Velocity,0
are870127g.001.hdf5,70000343,2011,1,0,1,0,20170515,170021,Vector Velocity,0
are870428g.001.hdf5,70000344,2011,1,0,1,0,20170515,170021,Vector Velocity,0
are870331g.001.hdf5,70000345,2011,1,0,1,0,20170515,170021,Vector Velocity,0
afp880412g.17010.hdf5,70000346,17010,1,0,1,0,20160606,180655,Final,0
afp880809g.17010.hdf5,70000347,17010,1,0,1,0,20160606,180656,Final,0
afp880812g.17011.hdf5,70000347,17011,1,0,1,0,20160606,180656,Final,0
afp881211g.17010.hdf5,70000348,17010,1,0,1,0,20160606,180656,Final,0
afp880111g.17001.hdf5,70000349,17001,1,0,1,0,20160606,180656,Final,0
afp880111g.17011.hdf5,70000349,17011,1,0,1,0,20160606,180656,Final,0
afp880114g.17010.hdf5,70000349,17010,1,0,1,0,20160606,180656,Final,0
afp880707g.17001.hdf5,70000350,17001,1,0,1,0,20160606,180656,Final,0
afp880707g.17011.hdf5,70000350,17011,1,0,1,0,20160606,180656,Final,0
afp880708g.17010.hdf5,70000350,17010,1,0,1,0,20160606,180656,Final,0
afp880315g.17001.hdf5,70000351,17001,1,0,1,0,20160606,180656,Final,0
afp880315g.17010.hdf5,70000351,17010,1,0,1,0,20160606,180656,Final,0
afp880707g.17001.hdf5,70000352,17001,1,0,1,0,20160606,180657,Final,0
afp880707g.17011.hdf5,70000352,17011,1,0,1,0,20160606,180657,Final,0
afp880708g.17010.hdf5,70000352,17010,1,0,1,0,20160606,180657,Final,0
afp880809g.17010.hdf5,70000353,17010,1,0,1,0,20160606,180657,Final,0
afp880812g.17011.hdf5,70000353,17011,1,0,1,0,20160606,180657,Final,0
afp881211g.17010.hdf5,70000354,17010,1,0,1,0,20160606,180656,Final,0
afp880111g.17001.hdf5,70000355,17001,1,0,1,0,20160606,180657,Final,0
afp880111g.17011.hdf5,70000355,17011,1,0,1,0,20160606,180657,Final,0
afp880114g.17010.hdf5,70000355,17010,1,0,1,0,20160606,180657,Final,0
afp880412g.17010.hdf5,70000356,17010,1,0,1,0,20160606,180655,Final,0
afp880315g.17001.hdf5,70000357,17001,1,0,1,0,20160606,180656,Final,0
afp880315g.17010.hdf5,70000357,17010,1,0,1,0,20160606,180656,Final,0
are881008g.001.hdf5,70000358,2010,1,0,1,0,20160606,180457,final,0
one_ion_aro19881008topl.000.hdf5,70000358,2018,1,0,1,0,20160606,180457,Preliminary - final calibration pending,0
two_ion_aro19881008topl.000.hdf5,70000358,2019,1,0,1,0,20160606,180456,Preliminary - final calibration pending,0
one_ion_aro19881009topl.000.hdf5,70000359,2018,1,0,1,0,20160606,180457,Preliminary - final calibration pending,0
two_ion_aro19881009topl.000.hdf5,70000359,2019,1,0,1,0,20160606,180457,Preliminary - final calibration pending,0
one_ion_aro19881010topl.000.hdf5,70000360,2018,1,0,1,0,20160606,180457,Preliminary - final calibration pending,0
two_ion_aro19881010topl.000.hdf5,70000360,2019,1,0,1,0,20160606,180457,Preliminary - final calibration pending,0
one_ion_aro19881013topl.000.hdf5,70000361,2018,1,0,1,0,20160606,180458,Preliminary - final calibration pending,0
two_ion_aro19881013topl.000.hdf5,70000361,2019,1,0,1,0,20160606,180458,Preliminary - final calibration pending,0
are881205g.001.hdf5,70000362,2011,1,0,1,0,20160606,180654,Vector Velocity,0
are881109g.001.hdf5,70000363,2011,1,0,1,0,20160606,180654,Vector Velocity,0
are880412g.001.hdf5,70000364,2011,1,0,1,0,20160606,180655,Vector Velocity,0
are880112g.001.hdf5,70000365,2011,1,0,1,0,20160606,180654,Vector Velocity,0
are880712g.001.hdf5,70000366,2011,1,0,1,0,20160606,180655,Vector Velocity,0
are880912g.001.hdf5,70000367,2011,1,0,1,0,20160606,180655,Vector Velocity,0
are880613g.001.hdf5,70000368,2011,1,0,1,0,20160606,180654,Vector Velocity,0
are880316g.001.hdf5,70000369,2011,1,0,1,0,20160606,180655,Vector Velocity,0
afp891003g.17010.hdf5,70000370,17010,1,0,1,0,20170515,154620,Final,0
afp891003g.17010.hdf5,70000371,17010,1,0,1,0,20170515,154620,Final,0
are890203g.001.hdf5,70000372,2010,1,0,1,0,20170515,154627,final,0
arl890828g.001.hdf5,70000373,2010,1,0,1,0,20170515,154631,Basic ISR Parameters,0
arl890530g.001.hdf5,70000374,2010,1,0,1,0,20170515,154629,Basic ISR Parameters,0
are890891g.001.hdf5,70000375,2011,1,0,1,0,20170515,154624,Vector Velocity,0
are891002g.001.hdf5,70000376,2011,1,0,1,0,20170515,154624,Vector Velocity,0
are890306g.001.hdf5,70000377,2011,1,0,1,0,20170515,154624,Vector Velocity,0
are890509g.001.hdf5,70000378,2011,1,0,1,0,20170515,154624,Vector Velocity,0
are890411g.001.hdf5,70000379,2011,1,0,1,0,20170515,154624,Vector Velocity,0
are891127g.001.hdf5,70000380,2011,1,0,1,0,20170515,154624,Vector Velocity,0
are890828g.001.hdf5,70000381,2011,1,0,1,0,20170515,154624,Vector Velocity,0
are890530g.001.hdf5,70000382,2011,1,0,1,0,20170515,154624,Vector Velocity,0
are891031g.001.hdf5,70000383,2011,1,0,1,0,20170515,154624,Vector Velocity,0
afp900821g.17010.hdf5,70000384,17010,1,0,1,0,20170515,170540,Final,0
afp900721g.17010.hdf5,70000385,17010,1,0,1,0,20170515,170539,Final,0
afp901113g.17010.hdf5,70000386,17010,1,0,1,0,20170515,170539,Final,0
afp901012g.17010.hdf5,70000387,17010,1,0,1,0,20170515,170539,Final,0
afp900918g.17010.hdf5,70000388,17010,1,0,1,0,20170515,170539,Final,0
afp901012g.17010.hdf5,70000389,17010,1,0,1,0,20170515,170540,Final,0
afp901113g.17010.hdf5,70000390,17010,1,0,1,0,20170515,170539,Final,0
afp900918g.17010.hdf5,70000391,17010,1,0,1,0,20170515,170540,Final,0
afp900821g.17010.hdf5,70000392,17010,1,0,1,0,20170515,170540,Final,0
afp900721g.17010.hdf5,70000393,17010,1,0,1,0,20170515,170540,Final,0
are900212g.001.hdf5,70000394,2011,1,0,1,0,20170515,170543,Vector Velocity,0
are901113g.001.hdf5,70000395,2011,1,0,1,0,20170515,170543,Vector Velocity,0
are901217g.001.hdf5,70000396,2011,1,0,1,0,20170515,170543,Vector Velocity,0
are900320g.001.hdf5,70000397,2011,1,0,1,0,20170515,170543,Vector Velocity,0
are900920g.001.hdf5,70000398,2011,1,0,1,0,20170515,170543,Vector Velocity,0
are900221g.001.hdf5,70000399,2011,1,0,1,0,20170515,170543,Vector Velocity,0
are900521g.001.hdf5,70000400,2011,1,0,1,0,20170515,170543,Vector Velocity,0
are900122g.001.hdf5,70000401,2011,1,0,1,0,20170515,170543,Vector Velocity,0
are900626g.001.hdf5,70000402,2011,1,0,1,0,20170515,170543,Vector Velocity,0
afp910802g.17011.hdf5,70000403,17011,1,0,1,0,20170515,161143,Final,0
afp910803g.17010.hdf5,70000403,17010,1,0,1,0,20170515,161143,Final,0
afp911204g.17010.hdf5,70000404,17010,1,0,1,0,20170515,161143,Final,0
afp910606g.17010.hdf5,70000405,17010,1,0,1,0,20170515,161143,Final,0
afp910314g.17010.hdf5,70000406,17010,1,0,1,0,20170515,161143,Final,0
afp910802g.17011.hdf5,70000407,17011,1,0,1,0,20170515,161143,Final,0
afp910803g.17010.hdf5,70000407,17010,1,0,1,0,20170515,161143,Final,0
afp911204g.17010.hdf5,70000408,17010,1,0,1,0,20170515,161143,Final,0
afp910606g.17010.hdf5,70000409,17010,1,0,1,0,20170515,161143,Final,0
afp910314g.17010.hdf5,70000410,17010,1,0,1,0,20170515,161143,Final,0
arl910731g.001.hdf5,70000411,2010,1,0,1,0,20170515,161151,Basic ISR Parameters,0
are910605g.001.hdf5,70000412,2011,1,0,1,0,20170515,161147,Vector Velocity,0
are911007g.001.hdf5,70000413,2011,1,0,1,0,20170515,161147,Vector Velocity,0
are910409g.001.hdf5,70000414,2011,1,0,1,0,20170515,161147,Vector Velocity,0
are910910g.001.hdf5,70000415,2011,1,0,1,0,20170515,161147,Vector Velocity,0
are910111g.001.hdf5,70000416,2011,1,0,1,0,20170515,161147,Vector Velocity,0
are910611g.001.hdf5,70000417,2011,1,0,1,0,20170515,161147,Vector Velocity,0
are910314g.001.hdf5,70000418,2011,1,0,1,0,20170515,161147,Vector Velocity,0
are910731g.001.hdf5,70000419,2011,1,0,1,0,20170515,161147,Vector Velocity,0
afp920401g.17010.hdf5,70000420,17010,1,0,1,0,20160606,182542,Final,0
afp920701g.17010.hdf5,70000421,17010,1,0,1,0,20160606,182543,Final,0
afp920604g.17010.hdf5,70000422,17010,1,0,1,0,20160606,182542,Final,0
afp920325g.17010.hdf5,70000423,17010,1,0,1,0,20160606,182542,Final,0
afp920530g.17010.hdf5,70000424,17010,1,0,1,0,20160606,182542,Final,0
afp920604g.17010.hdf5,70000425,17010,1,0,1,0,20160606,182542,Final,0
afp920325g.17010.hdf5,70000426,17010,1,0,1,0,20160606,182542,Final,0
afp920530g.17010.hdf5,70000427,17010,1,0,1,0,20160606,182542,Final,0
are920505g.001.hdf5,70000428,2011,1,0,1,0,20160606,182542,Vector Velocity,0
are920623g.001.hdf5,70000429,2011,1,0,1,0,20160606,182541,Vector Velocity,0
are921123g.001.hdf5,70000430,2011,1,0,1,0,20160606,182541,Vector Velocity,0
are920127g.001.hdf5,70000431,2011,1,0,1,0,20160606,182541,Vector Velocity,0
are921027g.001.hdf5,70000432,2011,1,0,1,0,20160606,182541,Vector Velocity,0
are920730g.001.hdf5,70000433,2011,1,0,1,0,20160606,182542,Vector Velocity,0
are920330g.001.hdf5,70000434,2011,1,0,1,0,20160606,182541,Vector Velocity,0
afp930122g.17010.hdf5,70000435,17010,1,0,1,0,20160606,183124,Final,0
afp930122g.17010.hdf5,70000436,17010,1,0,1,0,20160606,183124,Final,0
arl931207g.001.hdf5,70000437,2010,1,0,1,0,20160606,182946,Basic ISR Parameters,0
arl931109g.001.hdf5,70000438,2010,1,0,1,0,20160606,182959,Basic ISR Parameters,0
arl930615g.001.hdf5,70000439,2010,1,0,1,0,20160606,182930,Basic ISR Parameters,0
arl930317g.001.hdf5,70000440,2010,1,0,1,0,20160606,183012,Basic ISR Parameters,0
arl930518g.001.hdf5,70000441,2010,1,0,1,0,20160606,182833,Basic ISR Parameters,0
arl931018g.001.hdf5,70000442,2010,1,0,1,0,20160606,182817,Basic ISR Parameters,0
are930120g.001.hdf5,70000443,2010,1,0,1,0,20160606,182930,final,0
arl930720g.001.hdf5,70000444,2010,1,0,1,0,20160606,182901,Basic ISR Parameters,0
are931207g.001.hdf5,70000445,2011,1,0,1,0,20160606,183124,Vector Velocity,0
are931109g.001.hdf5,70000446,2011,1,0,1,0,20160606,183124,Vector Velocity,0
are930615g.001.hdf5,70000447,2011,1,0,1,0,20160606,183124,Vector Velocity,0
are930317g.001.hdf5,70000448,2011,1,0,1,0,20160606,183124,Vector Velocity,0
are930518g.001.hdf5,70000449,2011,1,0,1,0,20160606,183123,Vector Velocity,0
are931018g.001.hdf5,70000450,2011,1,0,1,0,20160606,183123,Vector Velocity,0
are930720g.001.hdf5,70000451,2011,1,0,1,0,20160606,183123,Vector Velocity,0
afp940311g.17010.hdf5,70000452,17010,1,0,1,0,20170515,170506,Final,0
afp941031g.17010.hdf5,70000453,17010,1,0,1,0,20170515,170506,Final,0
afp940311g.17010.hdf5,70000454,17010,1,0,1,0,20170515,170506,Final,0
afp941031g.17010.hdf5,70000455,17010,1,0,1,0,20170515,170506,Final,0
arl940503g.001.hdf5,70000456,2010,1,0,1,0,20170515,170524,Basic ISR Parameters,0
arl941004g.001.hdf5,70000457,2010,1,0,1,0,20170515,170523,Basic ISR Parameters,0
arl940705g.001.hdf5,70000458,2010,1,0,1,0,20170515,170522,Basic ISR Parameters,0
arl941206g.001.hdf5,70000459,2010,1,0,1,0,20170515,170524,Basic ISR Parameters,0
arl940906g.001.hdf5,70000460,2010,1,0,1,0,20170515,170521,Basic ISR Parameters,0
are940503g.001.hdf5,70000461,2011,1,0,1,0,20170515,170512,Vector Velocity,0
are941004g.001.hdf5,70000462,2011,1,0,1,0,20170515,170511,Vector Velocity,0
are940705g.001.hdf5,70000463,2011,1,0,1,0,20170515,170511,Vector Velocity,0
are941206g.001.hdf5,70000464,2011,1,0,1,0,20170515,170511,Vector Velocity,0
are940906g.001.hdf5,70000465,2011,1,0,1,0,20170515,170511,Vector Velocity,0
are940208g.001.hdf5,70000466,2011,1,0,1,0,20170515,170511,Vector Velocity,0
are941108g.001.hdf5,70000467,2011,1,0,1,0,20170515,170511,Vector Velocity,0
are940608g.001.hdf5,70000468,2011,1,0,1,0,20170515,170511,Vector Velocity,0
are940810g.001.hdf5,70000469,2011,1,0,1,0,20170515,170511,Vector Velocity,0
are940111g.001.hdf5,70000470,2011,1,0,1,0,20170515,170511,Vector Velocity,0
are940412g.001.hdf5,70000471,2011,1,0,1,0,20170515,170511,Vector Velocity,0
afp960419g.17010.hdf5,70000472,17010,1,0,1,0,20170515,162447,Final,0
afp960222g.17010.hdf5,70000473,17010,1,0,1,0,20170515,162447,Final,0
afp961111g.17010.hdf5,70000474,17010,1,0,1,0,20170515,162447,Final,0
afp961111g.17010.hdf5,70000475,17010,1,0,1,0,20170515,162447,Final,0
afp960419g.17010.hdf5,70000476,17010,1,0,1,0,20170515,162447,Final,0
afp960222g.17010.hdf5,70000477,17010,1,0,1,0,20170515,162447,Final,0
afp990415g.17010.hdf5,70000478,17010,1,0,1,0,20170515,165911,Final,0
afp990810g.17010.hdf5,70000479,17010,1,0,1,0,20170515,165911,Final,0
afp991205g.17010.hdf5,70000480,17010,1,0,1,0,20170515,165911,Final,0
afp990217g.17010.hdf5,70000481,17010,1,0,1,0,20170515,165911,Final,0
afp990117g.17010.hdf5,70000482,17010,1,0,1,0,20170515,165911,Final,0
afp990706g.17010.hdf5,70000483,17010,1,0,1,0,20170515,165911,Final,0
afp990612g.17010.hdf5,70000484,17010,1,0,1,0,20170515,165911,Final,0
afp990304g.17010.hdf5,70000485,17010,1,0,1,0,20170515,165911,Final,0
afp990514g.17010.hdf5,70000486,17010,1,0,1,0,20170515,165911,Final,0
afp991107g.17010.hdf5,70000487,17010,1,0,1,0,20170515,165911,Final,0
afp991005g.17010.hdf5,70000488,17010,1,0,1,0,20170515,165911,Final,0
afp990906g.17010.hdf5,70000489,17010,1,0,1,0,20170515,165911,Final,0
afp990304g.17010.hdf5,70000490,17010,1,0,1,0,20170515,165911,Final,0
afp991205g.17010.hdf5,70000491,17010,1,0,1,0,20170515,165911,Final,0
afp991005g.17010.hdf5,70000492,17010,1,0,1,0,20170515,165911,Final,0
afp990706g.17010.hdf5,70000493,17010,1,0,1,0,20170515,165911,Final,0
afp990906g.17010.hdf5,70000494,17010,1,0,1,0,20170515,165911,Final,0
afp991107g.17010.hdf5,70000495,17010,1,0,1,0,20170515,165911,Final,0
afp990810g.17010.hdf5,70000496,17010,1,0,1,0,20170515,165911,Final,0
afp990612g.17010.hdf5,70000497,17010,1,0,1,0,20170515,165911,Final,0
afp990514g.17010.hdf5,70000498,17010,1,0,1,0,20170515,165911,Final,0
afp990415g.17010.hdf5,70000499,17010,1,0,1,0,20170515,165911,Final,0
afp990217g.17010.hdf5,70000500,17010,1,0,1,0,20170515,165911,Final,0
afp990117g.17010.hdf5,70000501,17010,1,0,1,0,20170515,165911,Final,0
one_ion_aro19990208topl.000.hdf5,70000502,2018,1,0,1,0,20170515,165931,Preliminary - final calibration pending,0
one_ion_aro19991008topl.000.hdf5,70000503,2018,1,0,1,0,20170515,165929,Preliminary - final calibration pending,0
one_ion_aro19991209topl.000.hdf5,70000504,2018,1,0,1,0,20170515,165929,Preliminary - final calibration pending,0
one_ion_aro19991010topl.000.hdf5,70000505,2018,1,0,1,0,20170515,165929,Preliminary - final calibration pending,0
one_ion_aro19990212topl.000.hdf5,70000506,2018,1,0,1,0,20170515,165931,Preliminary - final calibration pending,0
one_ion_aro19990112topl.000.hdf5,70000507,2018,1,0,1,0,20170515,165929,Preliminary - final calibration pending,0
one_ion_aro19990311topl.000.hdf5,70000508,2018,1,0,1,0,20170515,165931,Preliminary - final calibration pending,0
one_ion_aro19990313topl.000.hdf5,70000509,2018,1,0,1,0,20170515,165929,Preliminary - final calibration pending,0
one_ion_aro19990915topl.000.hdf5,70000510,2018,1,0,1,0,20170515,165929,Preliminary - final calibration pending,0
are990218g.001.hdf5,70000511,2010,1,0,1,0,20170515,165931,final,0
one_ion_aro19991223topl.000.hdf5,70000512,2018,1,0,1,0,20170515,165929,Preliminary - final calibration pending,0
are990308g.001.hdf5,70000513,2011,1,0,1,0,20170515,165919,Vector Velocity,0
are990209g.001.hdf5,70000514,2011,1,0,1,0,20170515,165919,Vector Velocity,0
are991012g.001.hdf5,70000515,2011,1,0,1,0,20170515,165919,Vector Velocity,0
are991014g.001.hdf5,70000516,2011,1,0,1,0,20170515,165919,Vector Velocity,0
are990915g.001.hdf5,70000517,2011,1,0,1,0,20170515,165919,Vector Velocity,0
are990420g.001.hdf5,70000518,2011,1,0,1,0,20170515,165919,Vector Velocity,0
afp000401g.17010.hdf5,70000519,17010,1,0,1,0,20160606,193356,Final,0
afp001213g.17010.hdf5,70000520,17010,1,0,1,0,20160606,193356,Final,0
afp000102g.17010.hdf5,70000521,17010,1,0,1,0,20160606,193356,Final,0
afp000702g.17010.hdf5,70000522,17010,1,0,1,0,20160606,193356,Final,0
afp000627g.17010.hdf5,70000523,17010,1,0,1,0,20160606,193357,Final,0
afp000302g.17010.hdf5,70000524,17010,1,0,1,0,20160606,193357,Final,0
afp000501g.17010.hdf5,70000525,17010,1,0,1,0,20160606,193357,Final,0
afp001119g.17010.hdf5,70000526,17010,1,0,1,0,20160606,193356,Final,0
afp001021g.17010.hdf5,70000527,17010,1,0,1,0,20160606,193355,Final,0
afp000921g.17010.hdf5,70000528,17010,1,0,1,0,20160606,193356,Final,0
afp000102g.17010.hdf5,70000529,17010,1,0,1,0,20160606,193357,Final,0
afp000702g.17010.hdf5,70000530,17010,1,0,1,0,20160606,193356,Final,0
afp000302g.17010.hdf5,70000531,17010,1,0,1,0,20160606,193356,Final,0
afp001213g.17010.hdf5,70000532,17010,1,0,1,0,20160606,193356,Final,0
afp001119g.17010.hdf5,70000533,17010,1,0,1,0,20160606,193356,Final,0
afp001021g.17010.hdf5,70000534,17010,1,0,1,0,20160606,193357,Final,0
afp000921g.17010.hdf5,70000535,17010,1,0,1,0,20160606,193356,Final,0
afp000627g.17010.hdf5,70000536,17010,1,0,1,0,20160606,193356,Final,0
one_ion_aro20000701topl.000.hdf5,70000537,2018,1,0,1,0,20160606,192922,Preliminary - final calibration pending,0
one_ion_aro20000102topl.000.hdf5,70000538,2018,1,0,1,0,20160606,193100,Preliminary - final calibration pending,0
one_ion_aro20000103topl.000.hdf5,70000539,2018,1,0,1,0,20160606,193100,Preliminary - final calibration pending,0
one_ion_aro20000303topl.000.hdf5,70000540,2018,1,0,1,0,20160606,193101,Preliminary - final calibration pending,0
one_ion_aro20000104topl.000.hdf5,70000541,2018,1,0,1,0,20160606,193101,Preliminary - final calibration pending,0
one_ion_aro20000106topl.000.hdf5,70000542,2018,1,0,1,0,20160606,193100,Preliminary - final calibration pending,0
one_ion_aro20000706topl.000.hdf5,70000543,2018,1,0,1,0,20160606,192922,Preliminary - final calibration pending,0
arl000411g.001.hdf5,70000544,2010,1,0,1,0,20160606,193100,Basic ISR Parameters,0
one_ion_aro20000921topl.000.hdf5,70000545,2018,1,0,1,0,20160606,192922,Preliminary - final calibration pending,0
one_ion_aro20000922topl.000.hdf5,70000546,2018,1,0,1,0,20160606,192923,Preliminary - final calibration pending,0
one_ion_aro20001027topl.000.hdf5,70000547,2018,1,0,1,0,20160606,193101,Preliminary - final calibration pending,0
one_ion_aro20001029topl.000.hdf5,70000548,2018,1,0,1,0,20160606,193101,Preliminary - final calibration pending,0
are000705g.001.hdf5,70000549,2011,1,0,1,0,20160606,193353,Vector Velocity,0
are000706g.001.hdf5,70000550,2011,1,0,1,0,20160606,193353,Vector Velocity,0
are000411g.001.hdf5,70000551,2011,1,0,1,0,20160606,193353,Vector Velocity,0
are001211g.001.hdf5,70000552,2011,1,0,1,0,20160606,193354,Vector Velocity,0
are001212g.001.hdf5,70000553,2011,1,0,1,0,20160606,193354,Vector Velocity,0
are001213g.001.hdf5,70000554,2011,1,0,1,0,20160606,193354,Vector Velocity,0
are001214g.001.hdf5,70000555,2011,1,0,1,0,20160606,193353,Vector Velocity,0
are000314g.001.hdf5,70000556,2011,1,0,1,0,20160606,193354,Vector Velocity,0
are001215g.001.hdf5,70000557,2011,1,0,1,0,20160606,193354,Vector Velocity,0
are000316g.001.hdf5,70000558,2011,1,0,1,0,20160606,193355,Vector Velocity,0
are000923g.001.hdf5,70000559,2011,1,0,1,0,20160606,193353,Vector Velocity,0
are001024g.001.hdf5,70000560,2011,1,0,1,0,20160606,193354,Vector Velocity,0
are000925g.001.hdf5,70000561,2011,1,0,1,0,20160606,193354,Vector Velocity,0
are000927g.001.hdf5,70000562,2011,1,0,1,0,20160606,193354,Vector Velocity,0
asl20000615.001.hdf5,70000563,7150,1,0,1,0,20180110,052917,Final,0
asl20000825.001.hdf5,70000564,7150,1,0,1,0,20180110,061257,Final,0
asl20001227.001.hdf5,70000565,7150,1,0,1,0,20180110,043539,Final,0
asl20000528.001.hdf5,70000566,7150,1,0,1,0,20180110,024751,Final,0
asl20000829.001.hdf5,70000567,7150,1,0,1,0,20180110,033110,Final,0
asl20000830.001.hdf5,70000568,7150,1,0,1,0,20180110,012006,Final,0
asl20000530.001.hdf5,70000569,7150,1,0,1,0,20180110,061026,Final,0
afp010417g.17010.hdf5,70000570,17010,1,0,1,0,20170515,163733,Final,0
afp010814g.17010.hdf5,70000571,17010,1,0,1,0,20170515,163733,Final,0
afp011212g.17010.hdf5,70000572,17010,1,0,1,0,20170515,163733,Final,0
afp010219g.17010.hdf5,70000573,17010,1,0,1,0,20170515,163733,Final,0
afp010117g.17010.hdf5,70000574,17010,1,0,1,0,20170515,163733,Final,0
afp010720g.17010.hdf5,70000575,17010,1,0,1,0,20170515,163733,Final,0
afp010320g.17010.hdf5,70000576,17010,1,0,1,0,20170515,163733,Final,0
afp010526g.17010.hdf5,70000577,17010,1,0,1,0,20170515,163733,Final,0
afp011112g.17010.hdf5,70000578,17010,1,0,1,0,20170515,163733,Final,0
afp011010g.17010.hdf5,70000579,17010,1,0,1,0,20170515,163733,Final,0
afp010910g.17010.hdf5,70000580,17010,1,0,1,0,20170515,163733,Final,0
afp011010g.17010.hdf5,70000581,17010,1,0,1,0,20170515,163733,Final,0
afp010910g.17010.hdf5,70000582,17010,1,0,1,0,20170515,163733,Final,0
afp011212g.17010.hdf5,70000583,17010,1,0,1,0,20170515,163733,Final,0
afp011112g.17010.hdf5,70000584,17010,1,0,1,0,20170515,163733,Final,0
afp010814g.17010.hdf5,70000585,17010,1,0,1,0,20170515,163733,Final,0
afp010417g.17010.hdf5,70000586,17010,1,0,1,0,20170515,163733,Final,0
afp010117g.17010.hdf5,70000587,17010,1,0,1,0,20170515,163733,Final,0
afp010219g.17010.hdf5,70000588,17010,1,0,1,0,20170515,163733,Final,0
afp010720g.17010.hdf5,70000589,17010,1,0,1,0,20170515,163733,Final,0
afp010320g.17010.hdf5,70000590,17010,1,0,1,0,20170515,163733,Final,0
afp010526g.17010.hdf5,70000591,17010,1,0,1,0,20170515,163733,Final,0
arg011210g.001.hdf5,70000592,2010,1,0,1,0,20170515,163756,Basic ISR Parameters,0
arg010910g.001.hdf5,70000593,2010,1,0,1,0,20170515,163753,Basic ISR Parameters,0
arg010911g.001.hdf5,70000594,2010,1,0,1,0,20170515,163748,Basic ISR Parameters,0
arg010912g.001.hdf5,70000595,2010,1,0,1,0,20170515,163754,Basic ISR Parameters,0
arg011113g.001.hdf5,70000596,2010,1,0,1,0,20170515,163751,Basic ISR Parameters,0
arg010913g.001.hdf5,70000597,2010,1,0,1,0,20170515,163751,Basic ISR Parameters,0
arl011210g.001.hdf5,70000598,2010,1,0,1,0,20170515,163817,Basic ISR Parameters,0
arl010910g.001.hdf5,70000599,2010,1,0,1,0,20170515,163815,Basic ISR Parameters,0
one_ion_aro20011010topl.000.hdf5,70000600,2018,1,0,1,0,20170515,163809,Preliminary - final calibration pending,0
arl010911g.001.hdf5,70000601,2010,1,0,1,0,20170515,163812,Basic ISR Parameters,0
one_ion_aro20011012topl.000.hdf5,70000602,2018,1,0,1,0,20170515,163810,Preliminary - final calibration pending,0
arl010912g.001.hdf5,70000603,2010,1,0,1,0,20170515,163817,Basic ISR Parameters,0
arl011213g.001.hdf5,70000604,2010,1,0,1,0,20170515,163810,Basic ISR Parameters,0
arl011113g.001.hdf5,70000605,2010,1,0,1,0,20170515,163812,Basic ISR Parameters,0
arl010913g.001.hdf5,70000606,2010,1,0,1,0,20170515,163815,Basic ISR Parameters,0
arl011214g.001.hdf5,70000607,2010,1,0,1,0,20170515,163810,Basic ISR Parameters,0
one_ion_aro20011014topl.000.hdf5,70000608,2018,1,0,1,0,20170515,163810,Preliminary - final calibration pending,0
one_ion_aro20011015topl.000.hdf5,70000609,2018,1,0,1,0,20170515,163810,Preliminary - final calibration pending,0
one_ion_aro20010116topl.000.hdf5,70000610,2018,1,0,1,0,20170515,163810,Preliminary - final calibration pending,0
one_ion_aro20011016topl.000.hdf5,70000611,2018,1,0,1,0,20170515,163810,Preliminary - final calibration pending,0
one_ion_aro20010118topl.000.hdf5,70000612,2018,1,0,1,0,20170515,163815,Preliminary - final calibration pending,0
one_ion_aro20010122topl.000.hdf5,70000613,2018,1,0,1,0,20170515,163810,Preliminary - final calibration pending,0
one_ion_aro20010123topl.000.hdf5,70000614,2018,1,0,1,0,20170515,163810,Preliminary - final calibration pending,0
one_ion_aro20010125topl.000.hdf5,70000615,2018,1,0,1,0,20170515,163810,Preliminary - final calibration pending,0
are010911g.001.hdf5,70000616,2011,1,0,1,0,20170515,163800,Vector Velocity,0
are010912g.001.hdf5,70000617,2011,1,0,1,0,20170515,163800,Vector Velocity,0
are010213g.001.hdf5,70000618,2011,1,0,1,0,20170515,163800,Vector Velocity,0
are010913g.001.hdf5,70000619,2011,1,0,1,0,20170515,163800,Vector Velocity,0
are010214g.001.hdf5,70000620,2011,1,0,1,0,20170515,163800,Vector Velocity,0
are010417g.001.hdf5,70000621,2011,1,0,1,0,20170515,163800,Vector Velocity,0
asl20010102.001.hdf5,70000622,7150,1,0,1,0,20180110,021937,Final,0
asl20010103.001.hdf5,70000623,7150,1,0,1,0,20180110,015633,Final,0
asl20010124.001.hdf5,70000624,7150,1,0,1,0,20180110,022307,Final,0
asl20010130.001.hdf5,70000625,7150,1,0,1,0,20180110,043042,Final,0
asl20010131.001.hdf5,70000626,7150,1,0,1,0,20180110,022101,Final,0
aai20021201.00001.hdf5,70000627,20,1,0,1,0,20170515,154537,Final,0
aai20021101.00001.hdf5,70000628,20,1,0,1,0,20170515,154537,Final,0
aai20021001.00001.hdf5,70000629,20,1,0,1,0,20170515,154536,Final,0
aai20020802.00001.hdf5,70000630,20,1,0,1,0,20170515,154537,Final,0
aai20021202.00001.hdf5,70000631,20,1,0,1,0,20170515,154537,Final,0
aai20021102.00001.hdf5,70000632,20,1,0,1,0,20170515,154536,Final,0
aai20021002.00001.hdf5,70000633,20,1,0,1,0,20170515,154536,Final,0
aai20020902.00001.hdf5,70000634,20,1,0,1,0,20170515,154536,Final,0
aai20020803.00001.hdf5,70000635,20,1,0,1,0,20170515,154537,Final,0
aai20021203.00001.hdf5,70000636,20,1,0,1,0,20170515,154537,Final,0
aai20020703.00001.hdf5,70000637,20,1,0,1,0,20170515,154536,Final,0
aai20021103.00001.hdf5,70000638,20,1,0,1,0,20170515,154536,Final,0
aai20021003.00001.hdf5,70000639,20,1,0,1,0,20170515,154536,Final,0
aai20020903.00001.hdf5,70000640,20,1,0,1,0,20170515,154536,Final,0
aai20020804.00001.hdf5,70000641,20,1,0,1,0,20170515,154537,Final,0
aai20021204.00001.hdf5,70000642,20,1,0,1,0,20170515,154536,Final,0
aai20020704.00001.hdf5,70000643,20,1,0,1,0,20170515,154536,Final,0
aai20020604.00001.hdf5,70000644,20,1,0,1,0,20170515,154536,Final,0
aai20021104.00001.hdf5,70000645,20,1,0,1,0,20170515,154537,Final,0
aai20021004.00001.hdf5,70000646,20,1,0,1,0,20170515,154537,Final,0
aai20020904.00001.hdf5,70000647,20,1,0,1,0,20170515,154536,Final,0
aai20020805.00001.hdf5,70000648,20,1,0,1,0,20170515,154536,Final,0
aai20021205.00001.hdf5,70000649,20,1,0,1,0,20170515,154536,Final,0
aai20020705.00001.hdf5,70000650,20,1,0,1,0,20170515,154536,Final,0
aai20020605.00001.hdf5,70000651,20,1,0,1,0,20170515,154536,Final,0
aai20021105.00001.hdf5,70000652,20,1,0,1,0,20170515,154537,Final,0
aai20021005.00001.hdf5,70000653,20,1,0,1,0,20170515,154536,Final,0
aai20020905.00001.hdf5,70000654,20,1,0,1,0,20170515,154536,Final,0
aai20020806.00001.hdf5,70000655,20,1,0,1,0,20170515,154536,Final,0
aai20021206.00001.hdf5,70000656,20,1,0,1,0,20170515,154536,Final,0
aai20020706.00001.hdf5,70000657,20,1,0,1,0,20170515,154536,Final,0
aai20020606.00001.hdf5,70000658,20,1,0,1,0,20170515,154536,Final,0
aai20021106.00001.hdf5,70000659,20,1,0,1,0,20170515,154537,Final,0
aai20021006.00001.hdf5,70000660,20,1,0,1,0,20170515,154536,Final,0
aai20020906.00001.hdf5,70000661,20,1,0,1,0,20170515,154536,Final,0
aai20020807.00001.hdf5,70000662,20,1,0,1,0,20170515,154536,Final,0
aai20021207.00001.hdf5,70000663,20,1,0,1,0,20170515,154536,Final,0
aai20020707.00001.hdf5,70000664,20,1,0,1,0,20170515,154536,Final,0
aai20020607.00001.hdf5,70000665,20,1,0,1,0,20170515,154536,Final,0
aai20020507.00001.hdf5,70000666,20,1,0,1,0,20170515,154536,Final,0
aai20021107.00001.hdf5,70000667,20,1,0,1,0,20170515,154536,Final,0
aai20021007.00001.hdf5,70000668,20,1,0,1,0,20170515,154536,Final,0
aai20020907.00001.hdf5,70000669,20,1,0,1,0,20170515,154536,Final,0
aai20020808.00001.hdf5,70000670,20,1,0,1,0,20170515,154536,Final,0
aai20021208.00001.hdf5,70000671,20,1,0,1,0,20170515,154537,Final,0
aai20020708.00001.hdf5,70000672,20,1,0,1,0,20170515,154536,Final,0
aai20020608.00001.hdf5,70000673,20,1,0,1,0,20170515,154537,Final,0
aai20020508.00001.hdf5,70000674,20,1,0,1,0,20170515,154536,Final,0
aai20021108.00001.hdf5,70000675,20,1,0,1,0,20170515,154536,Final,0
aai20021008.00001.hdf5,70000676,20,1,0,1,0,20170515,154536,Final,0
aai20020908.00001.hdf5,70000677,20,1,0,1,0,20170515,154536,Final,0
aai20020809.00001.hdf5,70000678,20,1,0,1,0,20170515,154536,Final,0
aai20021209.00001.hdf5,70000679,20,1,0,1,0,20170515,154536,Final,0
aai20020709.00001.hdf5,70000680,20,1,0,1,0,20170515,154536,Final,0
aai20020609.00001.hdf5,70000681,20,1,0,1,0,20170515,154536,Final,0
aai20020509.00001.hdf5,70000682,20,1,0,1,0,20170515,154536,Final,0
aai20021109.00001.hdf5,70000683,20,1,0,1,0,20170515,154537,Final,0
aai20021009.00001.hdf5,70000684,20,1,0,1,0,20170515,154536,Final,0
aai20020909.00001.hdf5,70000685,20,1,0,1,0,20170515,154536,Final,0
aai20020810.00001.hdf5,70000686,20,1,0,1,0,20170515,154537,Final,0
aai20021210.00001.hdf5,70000687,20,1,0,1,0,20170515,154536,Final,0
aai20020710.00001.hdf5,70000688,20,1,0,1,0,20170515,154537,Final,0
aai20020610.00001.hdf5,70000689,20,1,0,1,0,20170515,154536,Final,0
aai20020510.00001.hdf5,70000690,20,1,0,1,0,20170515,154536,Final,0
aai20021110.00001.hdf5,70000691,20,1,0,1,0,20170515,154536,Final,0
aai20021010.00001.hdf5,70000692,20,1,0,1,0,20170515,154537,Final,0
aai20020811.00001.hdf5,70000693,20,1,0,1,0,20170515,154537,Final,0
aai20021211.00001.hdf5,70000694,20,1,0,1,0,20170515,154536,Final,0
aai20020611.00001.hdf5,70000695,20,1,0,1,0,20170515,154537,Final,0
aai20021111.00001.hdf5,70000696,20,1,0,1,0,20170515,154536,Final,0
aai20021011.00001.hdf5,70000697,20,1,0,1,0,20170515,154536,Final,0
aai20020911.00001.hdf5,70000698,20,1,0,1,0,20170515,154536,Final,0
aai20020812.00001.hdf5,70000699,20,1,0,1,0,20170515,154536,Final,0
aai20021212.00001.hdf5,70000700,20,1,0,1,0,20170515,154537,Final,0
aai20020712.00001.hdf5,70000701,20,1,0,1,0,20170515,154537,Final,0
aai20020612.00001.hdf5,70000702,20,1,0,1,0,20170515,154537,Final,0
aai20020512.00001.hdf5,70000703,20,1,0,1,0,20170515,154536,Final,0
aai20021112.00001.hdf5,70000704,20,1,0,1,0,20170515,154536,Final,0
aai20021012.00001.hdf5,70000705,20,1,0,1,0,20170515,154536,Final,0
aai20020912.00001.hdf5,70000706,20,1,0,1,0,20170515,154536,Final,0
aai20020813.00001.hdf5,70000707,20,1,0,1,0,20170515,154536,Final,0
aai20020613.00001.hdf5,70000708,20,1,0,1,0,20170515,154536,Final,0
aai20020513.00001.hdf5,70000709,20,1,0,1,0,20170515,154536,Final,0
aai20021013.00001.hdf5,70000710,20,1,0,1,0,20170515,154537,Final,0
aai20020913.00001.hdf5,70000711,20,1,0,1,0,20170515,154536,Final,0
aai20020814.00001.hdf5,70000712,20,1,0,1,0,20170515,154537,Final,0
aai20020614.00001.hdf5,70000713,20,1,0,1,0,20170515,154536,Final,0
aai20020514.00001.hdf5,70000714,20,1,0,1,0,20170515,154537,Final,0
aai20020914.00001.hdf5,70000715,20,1,0,1,0,20170515,154536,Final,0
aai20020815.00001.hdf5,70000716,20,1,0,1,0,20170515,154537,Final,0
aai20020615.00001.hdf5,70000717,20,1,0,1,0,20170515,154536,Final,0
aai20020515.00001.hdf5,70000718,20,1,0,1,0,20170515,154537,Final,0
aai20020816.00001.hdf5,70000719,20,1,0,1,0,20170515,154537,Final,0
aai20020616.00001.hdf5,70000720,20,1,0,1,0,20170515,154537,Final,0
aai20020516.00001.hdf5,70000721,20,1,0,1,0,20170515,154536,Final,0
aai20020817.00001.hdf5,70000722,20,1,0,1,0,20170515,154536,Final,0
aai20020617.00001.hdf5,70000723,20,1,0,1,0,20170515,154537,Final,0
aai20020517.00001.hdf5,70000724,20,1,0,1,0,20170515,154536,Final,0
aai20020618.00001.hdf5,70000725,20,1,0,1,0,20170515,154537,Final,0
aai20020518.00001.hdf5,70000726,20,1,0,1,0,20170515,154536,Final,0
aai20020519.00001.hdf5,70000727,20,1,0,1,0,20170515,154536,Final,0
aai20020520.00001.hdf5,70000728,20,1,0,1,0,20170515,154537,Final,0
aai20021225.00001.hdf5,70000729,20,1,0,1,0,20170515,154537,Final,0
aai20021226.00001.hdf5,70000730,20,1,0,1,0,20170515,154536,Final,0
aai20021126.00001.hdf5,70000731,20,1,0,1,0,20170515,154536,Final,0
aai20021227.00001.hdf5,70000732,20,1,0,1,0,20170515,154537,Final,0
aai20021127.00001.hdf5,70000733,20,1,0,1,0,20170515,154536,Final,0
aai20021228.00001.hdf5,70000734,20,1,0,1,0,20170515,154537,Final,0
aai20021128.00001.hdf5,70000735,20,1,0,1,0,20170515,154537,Final,0
aai20021028.00001.hdf5,70000736,20,1,0,1,0,20170515,154536,Final,0
aai20021229.00001.hdf5,70000737,20,1,0,1,0,20170515,154536,Final,0
aai20021129.00001.hdf5,70000738,20,1,0,1,0,20170515,154536,Final,0
aai20021029.00001.hdf5,70000739,20,1,0,1,0,20170515,154536,Final,0
aai20020929.00001.hdf5,70000740,20,1,0,1,0,20170515,154537,Final,0
aai20021230.00001.hdf5,70000741,20,1,0,1,0,20170515,154536,Final,0
aai20021130.00001.hdf5,70000742,20,1,0,1,0,20170515,154536,Final,0
aai20021030.00001.hdf5,70000743,20,1,0,1,0,20170515,154536,Final,0
aai20020930.00001.hdf5,70000744,20,1,0,1,0,20170515,154537,Final,0
aai20021231.00001.hdf5,70000745,20,1,0,1,0,20170515,154536,Final,0
aai20021031.00001.hdf5,70000746,20,1,0,1,0,20170515,154536,Final,0
afp020409g.17010.hdf5,70000747,17010,1,0,1,0,20170515,154449,Final,0
afp020803g.17010.hdf5,70000748,17010,1,0,1,0,20170515,154449,Final,0
afp020207g.17010.hdf5,70000749,17010,1,0,1,0,20170515,154449,Final,0
afp020108g.17010.hdf5,70000750,17010,1,0,1,0,20170515,154449,Final,0
afp020702g.17010.hdf5,70000751,17010,1,0,1,0,20170515,154449,Final,0
afp020611g.17010.hdf5,70000752,17010,1,0,1,0,20170515,154449,Final,0
afp020308g.17010.hdf5,70000753,17010,1,0,1,0,20170515,154449,Final,0
afp020515g.17010.hdf5,70000754,17010,1,0,1,0,20170515,154449,Final,0
afp021101g.17010.hdf5,70000755,17010,1,0,1,0,20170515,154449,Final,0
afp021001g.17010.hdf5,70000756,17010,1,0,1,0,20170515,154449,Final,0
afp020904g.17010.hdf5,70000757,17010,1,0,1,0,20170515,154449,Final,0
afp020702g.17010.hdf5,70000758,17010,1,0,1,0,20170515,154449,Final,0
afp020803g.17010.hdf5,70000759,17010,1,0,1,0,20170515,154449,Final,0
afp020904g.17010.hdf5,70000760,17010,1,0,1,0,20170515,154449,Final,0
afp020207g.17010.hdf5,70000761,17010,1,0,1,0,20170515,154449,Final,0
afp020108g.17010.hdf5,70000762,17010,1,0,1,0,20170515,154449,Final,0
afp020308g.17010.hdf5,70000763,17010,1,0,1,0,20170515,154449,Final,0
afp020409g.17010.hdf5,70000764,17010,1,0,1,0,20170515,154449,Final,0
afp020611g.17010.hdf5,70000765,17010,1,0,1,0,20170515,154449,Final,0
afp020515g.17010.hdf5,70000766,17010,1,0,1,0,20170515,154449,Final,0
arg021203g.001.hdf5,70000767,2010,1,0,1,0,20170515,154508,Basic ISR Parameters,0
arg021007g.001.hdf5,70000768,2010,1,0,1,0,20170515,154503,Basic ISR Parameters,0
arg021009g.001.hdf5,70000769,2010,1,0,1,0,20170515,154504,Basic ISR Parameters,0
arg021112g.001.hdf5,70000770,2010,1,0,1,0,20170515,154503,Basic ISR Parameters,0
arg021113g.001.hdf5,70000771,2010,1,0,1,0,20170515,154504,Basic ISR Parameters,0
one_ion_aro20021001topl.000.hdf5,70000772,2018,1,0,1,0,20170515,154526,Preliminary - final calibration pending,0
arl021203g.001.hdf5,70000773,2010,1,0,1,0,20170515,154534,Basic ISR Parameters,0
one_ion_aro20021003topl.000.hdf5,70000774,2018,1,0,1,0,20170515,154529,Preliminary - final calibration pending,0
one_ion_aro20021005topl.000.hdf5,70000775,2018,1,0,1,0,20170515,154526,Preliminary - final calibration pending,0
one_ion_aro20021006topl.000.hdf5,70000776,2018,1,0,1,0,20170515,154529,Preliminary - final calibration pending,0
arl021007g.001.hdf5,70000777,2010,1,0,1,0,20170515,154527,Basic ISR Parameters,0
arl021009g.001.hdf5,70000778,2010,1,0,1,0,20170515,154529,Basic ISR Parameters,0
arl021010g.001.hdf5,70000779,2010,1,0,1,0,20170515,154530,Basic ISR Parameters,0
one_ion_aro20020111topl.000.hdf5,70000780,2018,1,0,1,0,20170515,154527,Preliminary - final calibration pending,0
arl021111g.001.hdf5,70000781,2010,1,0,1,0,20170515,154526,Basic ISR Parameters,0
one_ion_aro20020112topl.000.hdf5,70000782,2018,1,0,1,0,20170515,154529,Preliminary - final calibration pending,0
arl021112g.001.hdf5,70000783,2010,1,0,1,0,20170515,154528,Basic ISR Parameters,0
one_ion_aro20020113topl.000.hdf5,70000784,2018,1,0,1,0,20170515,154529,Preliminary - final calibration pending,0
arl021113g.001.hdf5,70000785,2010,1,0,1,0,20170515,154529,Basic ISR Parameters,0
one_ion_aro20020114topl.000.hdf5,70000786,2018,1,0,1,0,20170515,154534,Preliminary - final calibration pending,0
are021203g.001.hdf5,70000787,2011,1,0,1,0,20170515,154514,Vector Velocity,0
are021007g.001.hdf5,70000788,2011,1,0,1,0,20170515,154514,Vector Velocity,0
are021009g.001.hdf5,70000789,2011,1,0,1,0,20170515,154514,Vector Velocity,0
are021010g.001.hdf5,70000790,2011,1,0,1,0,20170515,154514,Vector Velocity,0
are020611g.001.hdf5,70000791,2011,1,0,1,0,20170515,154514,Vector Velocity,0
are021111g.001.hdf5,70000792,2011,1,0,1,0,20170515,154514,Vector Velocity,0
are021112g.001.hdf5,70000793,2011,1,0,1,0,20170515,154514,Ion Vector Velocity,0
are020813g.001.hdf5,70000794,2011,1,0,1,0,20170515,154514,Vector Velocity,0
are020415g.001.hdf5,70000795,2011,1,0,1,0,20170515,154514,Vector Velocity,0
asl20021007.001.hdf5,70000796,7150,1,0,1,0,20180110,034851,Final,0
asl20020108.001.hdf5,70000797,7150,1,0,1,0,20180110,032920,Final,0
asl20020409.001.hdf5,70000798,7150,1,0,1,0,20180110,022100,Final,0
asl20020214.001.hdf5,70000799,7150,1,0,1,0,20180110,044550,Final,0
asl20020121.001.hdf5,70000800,7150,1,0,1,0,20180110,031651,Final,0
asl20020325.001.hdf5,70000801,7150,1,0,1,0,20180110,042522,Final,0
asl20020326.001.hdf5,70000802,7150,1,0,1,0,20180110,055424,Final,0
asl20020327.001.hdf5,70000803,7150,1,0,1,0,20180110,061009,Final,0
aai20030401.00001.hdf5,70000804,20,1,0,1,0,20170515,154846,Final,0
aai20030801.00001.hdf5,70000805,20,1,0,1,0,20170515,154847,Final,0
aai20031201.00001.hdf5,70000806,20,1,0,1,0,20170515,154848,Final,0
aai20030201.00001.hdf5,70000807,20,1,0,1,0,20170515,154847,Final,0
aai20030701.00001.hdf5,70000808,20,1,0,1,0,20170515,154846,Final,0
aai20030301.00001.hdf5,70000809,20,1,0,1,0,20170515,154847,Final,0
aai20030501.00001.hdf5,70000810,20,1,0,1,0,20170515,154847,Final,0
aai20031101.00001.hdf5,70000811,20,1,0,1,0,20170515,154846,Final,0
aai20030802.00001.hdf5,70000812,20,1,0,1,0,20170515,154848,Final,0
aai20031202.00001.hdf5,70000813,20,1,0,1,0,20170515,154847,Final,0
aai20030202.00001.hdf5,70000814,20,1,0,1,0,20170515,154846,Final,0
aai20030702.00001.hdf5,70000815,20,1,0,1,0,20170515,154847,Final,0
aai20030602.00001.hdf5,70000816,20,1,0,1,0,20170515,154848,Final,0
aai20030302.00001.hdf5,70000817,20,1,0,1,0,20170515,154847,Final,0
aai20030502.00001.hdf5,70000818,20,1,0,1,0,20170515,154847,Final,0
aai20031102.00001.hdf5,70000819,20,1,0,1,0,20170515,154847,Final,0
aai20030803.00001.hdf5,70000820,20,1,0,1,0,20170515,154847,Final,0
aai20031203.00001.hdf5,70000821,20,1,0,1,0,20170515,154847,Final,0
aai20030203.00001.hdf5,70000822,20,1,0,1,0,20170515,154847,Final,0
aai20030703.00001.hdf5,70000823,20,1,0,1,0,20170515,154848,Final,0
aai20030603.00001.hdf5,70000824,20,1,0,1,0,20170515,154846,Final,0
aai20030303.00001.hdf5,70000825,20,1,0,1,0,20170515,154846,Final,0
aai20030503.00001.hdf5,70000826,20,1,0,1,0,20170515,154847,Final,0
aai20031103.00001.hdf5,70000827,20,1,0,1,0,20170515,154846,Final,0
aai20030404.00001.hdf5,70000828,20,1,0,1,0,20170515,154847,Final,0
aai20030804.00001.hdf5,70000829,20,1,0,1,0,20170515,154847,Final,0
aai20031204.00001.hdf5,70000830,20,1,0,1,0,20170515,154846,Final,0
aai20030204.00001.hdf5,70000831,20,1,0,1,0,20170515,154846,Final,0
aai20030704.00001.hdf5,70000832,20,1,0,1,0,20170515,154847,Final,0
aai20030604.00001.hdf5,70000833,20,1,0,1,0,20170515,154846,Final,0
aai20030304.00001.hdf5,70000834,20,1,0,1,0,20170515,154848,Final,0
aai20030504.00001.hdf5,70000835,20,1,0,1,0,20170515,154847,Final,0
aai20031104.00001.hdf5,70000836,20,1,0,1,0,20170515,154847,Final,0
aai20030405.00001.hdf5,70000837,20,1,0,1,0,20170515,154847,Final,0
aai20030805.00001.hdf5,70000838,20,1,0,1,0,20170515,154847,Final,0
aai20031205.00001.hdf5,70000839,20,1,0,1,0,20170515,154846,Final,0
aai20030205.00001.hdf5,70000840,20,1,0,1,0,20170515,154846,Final,0
aai20030705.00001.hdf5,70000841,20,1,0,1,0,20170515,154847,Final,0
aai20030605.00001.hdf5,70000842,20,1,0,1,0,20170515,154846,Final,0
aai20030305.00001.hdf5,70000843,20,1,0,1,0,20170515,154846,Final,0
aai20030505.00001.hdf5,70000844,20,1,0,1,0,20170515,154848,Final,0
aai20031105.00001.hdf5,70000845,20,1,0,1,0,20170515,154846,Final,0
aai20031005.00001.hdf5,70000846,20,1,0,1,0,20170515,154847,Final,0
aai20030406.00001.hdf5,70000847,20,1,0,1,0,20170515,154846,Final,0
aai20030806.00001.hdf5,70000848,20,1,0,1,0,20170515,154847,Final,0
aai20031206.00001.hdf5,70000849,20,1,0,1,0,20170515,154847,Final,0
aai20030206.00001.hdf5,70000850,20,1,0,1,0,20170515,154847,Final,0
aai20030706.00001.hdf5,70000851,20,1,0,1,0,20170515,154847,Final,0
aai20030606.00001.hdf5,70000852,20,1,0,1,0,20170515,154847,Final,0
aai20030306.00001.hdf5,70000853,20,1,0,1,0,20170515,154847,Final,0
aai20030506.00001.hdf5,70000854,20,1,0,1,0,20170515,154847,Final,0
aai20031106.00001.hdf5,70000855,20,1,0,1,0,20170515,154847,Final,0
aai20031006.00001.hdf5,70000856,20,1,0,1,0,20170515,154847,Final,0
aai20030407.00001.hdf5,70000857,20,1,0,1,0,20170515,154847,Final,0
aai20030807.00001.hdf5,70000858,20,1,0,1,0,20170515,154846,Final,0
aai20030207.00001.hdf5,70000859,20,1,0,1,0,20170515,154846,Final,0
aai20030707.00001.hdf5,70000860,20,1,0,1,0,20170515,154846,Final,0
aai20030607.00001.hdf5,70000861,20,1,0,1,0,20170515,154846,Final,0
aai20030307.00001.hdf5,70000862,20,1,0,1,0,20170515,154846,Final,0
aai20030507.00001.hdf5,70000863,20,1,0,1,0,20170515,154847,Final,0
aai20030408.00001.hdf5,70000864,20,1,0,1,0,20170515,154847,Final,0
aai20030808.00001.hdf5,70000865,20,1,0,1,0,20170515,154846,Final,0
aai20030208.00001.hdf5,70000866,20,1,0,1,0,20170515,154848,Final,0
aai20030708.00001.hdf5,70000867,20,1,0,1,0,20170515,154848,Final,0
aai20030608.00001.hdf5,70000868,20,1,0,1,0,20170515,154846,Final,0
aai20030508.00001.hdf5,70000869,20,1,0,1,0,20170515,154846,Final,0
aai20030409.00001.hdf5,70000870,20,1,0,1,0,20170515,154846,Final,0
aai20030809.00001.hdf5,70000871,20,1,0,1,0,20170515,154847,Final,0
aai20030209.00001.hdf5,70000872,20,1,0,1,0,20170515,154846,Final,0
aai20030709.00001.hdf5,70000873,20,1,0,1,0,20170515,154846,Final,0
aai20030609.00001.hdf5,70000874,20,1,0,1,0,20170515,154846,Final,0
aai20030509.00001.hdf5,70000875,20,1,0,1,0,20170515,154848,Final,0
aai20030810.00001.hdf5,70000876,20,1,0,1,0,20170515,154847,Final,0
aai20030210.00001.hdf5,70000877,20,1,0,1,0,20170515,154846,Final,0
aai20030710.00001.hdf5,70000878,20,1,0,1,0,20170515,154847,Final,0
aai20030610.00001.hdf5,70000879,20,1,0,1,0,20170515,154846,Final,0
aai20030211.00001.hdf5,70000880,20,1,0,1,0,20170515,154848,Final,0
aai20030711.00001.hdf5,70000881,20,1,0,1,0,20170515,154846,Final,0
aai20031116.00001.hdf5,70000882,20,1,0,1,0,20170515,154847,Final,0
aai20031117.00001.hdf5,70000883,20,1,0,1,0,20170515,154846,Final,0
aai20031118.00001.hdf5,70000884,20,1,0,1,0,20170515,154847,Final,0
aai20031018.00001.hdf5,70000885,20,1,0,1,0,20170515,154846,Final,0
aai20031119.00001.hdf5,70000886,20,1,0,1,0,20170515,154846,Final,0
aai20031019.00001.hdf5,70000887,20,1,0,1,0,20170515,154847,Final,0
aai20031220.00001.hdf5,70000888,20,1,0,1,0,20170515,154846,Final,0
aai20031120.00001.hdf5,70000889,20,1,0,1,0,20170515,154847,Final,0
aai20031020.00001.hdf5,70000890,20,1,0,1,0,20170515,154847,Final,0
aai20031221.00001.hdf5,70000891,20,1,0,1,0,20170515,154847,Final,0
aai20031121.00001.hdf5,70000892,20,1,0,1,0,20170515,154846,Final,0
aai20031021.00001.hdf5,70000893,20,1,0,1,0,20170515,154846,Final,0
aai20030422.00001.hdf5,70000894,20,1,0,1,0,20170515,154847,Final,0
aai20031222.00001.hdf5,70000895,20,1,0,1,0,20170515,154846,Final,0
aai20031122.00001.hdf5,70000896,20,1,0,1,0,20170515,154848,Final,0
aai20031022.00001.hdf5,70000897,20,1,0,1,0,20170515,154847,Final,0
aai20030423.00001.hdf5,70000898,20,1,0,1,0,20170515,154847,Final,0
aai20031223.00001.hdf5,70000899,20,1,0,1,0,20170515,154846,Final,0
aai20030523.00001.hdf5,70000900,20,1,0,1,0,20170515,154847,Final,0
aai20031123.00001.hdf5,70000901,20,1,0,1,0,20170515,154846,Final,0
aai20031023.00001.hdf5,70000902,20,1,0,1,0,20170515,154848,Final,0
aai20030424.00001.hdf5,70000903,20,1,0,1,0,20170515,154846,Final,0
aai20031224.00001.hdf5,70000904,20,1,0,1,0,20170515,154846,Final,0
aai20030224.00001.hdf5,70000905,20,1,0,1,0,20170515,154847,Final,0
aai20030124.00001.hdf5,70000906,20,1,0,1,0,20170515,154847,Final,0
aai20030724.00001.hdf5,70000907,20,1,0,1,0,20170515,154847,Final,0
aai20030524.00001.hdf5,70000908,20,1,0,1,0,20170515,154846,Final,0
aai20031124.00001.hdf5,70000909,20,1,0,1,0,20170515,154846,Final,0
aai20031024.00001.hdf5,70000910,20,1,0,1,0,20170515,154846,Final,0
aai20030924.00001.hdf5,70000911,20,1,0,1,0,20170515,154847,Final,0
aai20030425.00001.hdf5,70000912,20,1,0,1,0,20170515,154846,Final,0
aai20031225.00001.hdf5,70000913,20,1,0,1,0,20170515,154847,Final,0
aai20030225.00001.hdf5,70000914,20,1,0,1,0,20170515,154846,Final,0
aai20030125.00001.hdf5,70000915,20,1,0,1,0,20170515,154847,Final,0
aai20030725.00001.hdf5,70000916,20,1,0,1,0,20170515,154847,Final,0
aai20030625.00001.hdf5,70000917,20,1,0,1,0,20170515,154848,Final,0
aai20030525.00001.hdf5,70000918,20,1,0,1,0,20170515,154847,Final,0
aai20031125.00001.hdf5,70000919,20,1,0,1,0,20170515,154846,Final,0
aai20030925.00001.hdf5,70000920,20,1,0,1,0,20170515,154846,Final,0
aai20030426.00001.hdf5,70000921,20,1,0,1,0,20170515,154846,Final,0
aai20031226.00001.hdf5,70000922,20,1,0,1,0,20170515,154847,Final,0
aai20030226.00001.hdf5,70000923,20,1,0,1,0,20170515,154847,Final,0
aai20030126.00001.hdf5,70000924,20,1,0,1,0,20170515,154846,Final,0
aai20030726.00001.hdf5,70000925,20,1,0,1,0,20170515,154846,Final,0
aai20030626.00001.hdf5,70000926,20,1,0,1,0,20170515,154846,Final,0
aai20030526.00001.hdf5,70000927,20,1,0,1,0,20170515,154848,Final,0
aai20031126.00001.hdf5,70000928,20,1,0,1,0,20170515,154847,Final,0
aai20031026.00001.hdf5,70000929,20,1,0,1,0,20170515,154848,Final,0
aai20030926.00001.hdf5,70000930,20,1,0,1,0,20170515,154847,Final,0
aai20030427.00001.hdf5,70000931,20,1,0,1,0,20170515,154847,Final,0
aai20031227.00001.hdf5,70000932,20,1,0,1,0,20170515,154847,Final,0
aai20030227.00001.hdf5,70000933,20,1,0,1,0,20170515,154846,Final,0
aai20030127.00001.hdf5,70000934,20,1,0,1,0,20170515,154846,Final,0
aai20030727.00001.hdf5,70000935,20,1,0,1,0,20170515,154846,Final,0
aai20030627.00001.hdf5,70000936,20,1,0,1,0,20170515,154847,Final,0
aai20030527.00001.hdf5,70000937,20,1,0,1,0,20170515,154847,Final,0
aai20031127.00001.hdf5,70000938,20,1,0,1,0,20170515,154846,Final,0
aai20031027.00001.hdf5,70000939,20,1,0,1,0,20170515,154847,Final,0
aai20030927.00001.hdf5,70000940,20,1,0,1,0,20170515,154847,Final,0
aai20030428.00001.hdf5,70000941,20,1,0,1,0,20170515,154847,Final,0
aai20031228.00001.hdf5,70000942,20,1,0,1,0,20170515,154846,Final,0
aai20030228.00001.hdf5,70000943,20,1,0,1,0,20170515,154847,Final,0
aai20030128.00001.hdf5,70000944,20,1,0,1,0,20170515,154846,Final,0
aai20030728.00001.hdf5,70000945,20,1,0,1,0,20170515,154847,Final,0
aai20030628.00001.hdf5,70000946,20,1,0,1,0,20170515,154847,Final,0
aai20030328.00001.hdf5,70000947,20,1,0,1,0,20170515,154846,Final,0
aai20030528.00001.hdf5,70000948,20,1,0,1,0,20170515,154848,Final,0
aai20031128.00001.hdf5,70000949,20,1,0,1,0,20170515,154846,Final,0
aai20031028.00001.hdf5,70000950,20,1,0,1,0,20170515,154847,Final,0
aai20030928.00001.hdf5,70000951,20,1,0,1,0,20170515,154846,Final,0
aai20030429.00001.hdf5,70000952,20,1,0,1,0,20170515,154847,Final,0
aai20031229.00001.hdf5,70000953,20,1,0,1,0,20170515,154847,Final,0
aai20030129.00001.hdf5,70000954,20,1,0,1,0,20170515,154847,Final,0
aai20030729.00001.hdf5,70000955,20,1,0,1,0,20170515,154847,Final,0
aai20030629.00001.hdf5,70000956,20,1,0,1,0,20170515,154846,Final,0
aai20030329.00001.hdf5,70000957,20,1,0,1,0,20170515,154847,Final,0
aai20030529.00001.hdf5,70000958,20,1,0,1,0,20170515,154846,Final,0
aai20031129.00001.hdf5,70000959,20,1,0,1,0,20170515,154847,Final,0
aai20031029.00001.hdf5,70000960,20,1,0,1,0,20170515,154847,Final,0
aai20030929.00001.hdf5,70000961,20,1,0,1,0,20170515,154847,Final,0
aai20030430.00001.hdf5,70000962,20,1,0,1,0,20170515,154846,Final,0
aai20031230.00001.hdf5,70000963,20,1,0,1,0,20170515,154848,Final,0
aai20030730.00001.hdf5,70000964,20,1,0,1,0,20170515,154847,Final,0
aai20030630.00001.hdf5,70000965,20,1,0,1,0,20170515,154847,Final,0
aai20030330.00001.hdf5,70000966,20,1,0,1,0,20170515,154847,Final,0
aai20030530.00001.hdf5,70000967,20,1,0,1,0,20170515,154848,Final,0
aai20031030.00001.hdf5,70000968,20,1,0,1,0,20170515,154848,Final,0
aai20030930.00001.hdf5,70000969,20,1,0,1,0,20170515,154847,Final,0
aai20031231.00001.hdf5,70000970,20,1,0,1,0,20170515,154846,Final,0
aai20030731.00001.hdf5,70000971,20,1,0,1,0,20170515,154846,Final,0
aai20030331.00001.hdf5,70000972,20,1,0,1,0,20170515,154846,Final,0
aai20030531.00001.hdf5,70000973,20,1,0,1,0,20170515,154847,Final,0
aai20031031.00001.hdf5,70000974,20,1,0,1,0,20170515,154848,Final,0
afp030428g.17010.hdf5,70000975,17010,1,0,1,0,20170515,154803,Final,0
afp030804g.17010.hdf5,70000976,17010,1,0,1,0,20170515,154803,Final,0
afp030201g.17010.hdf5,70000977,17010,1,0,1,0,20170515,154803,Final,0
afp030102g.17010.hdf5,70000978,17010,1,0,1,0,20170515,154803,Final,0
afp030724g.17010.hdf5,70000979,17010,1,0,1,0,20170515,154803,Final,0
afp030307g.17010.hdf5,70000980,17010,1,0,1,0,20170515,154803,Final,0
afp030502g.17010.hdf5,70000981,17010,1,0,1,0,20170515,154803,Final,0
afp031119g.17010.hdf5,70000982,17010,1,0,1,0,20170515,154803,Final,0
afp030929g.17010.hdf5,70000983,17010,1,0,1,0,20170515,154803,Final,0
afp030102g.17010.hdf5,70000984,17010,1,0,1,0,20170515,154803,Final,0
afp030502g.17010.hdf5,70000985,17010,1,0,1,0,20170515,154803,Final,0
afp030804g.17010.hdf5,70000986,17010,1,0,1,0,20170515,154803,Final,0
afp030307g.17010.hdf5,70000987,17010,1,0,1,0,20170515,154803,Final,0
afp031119g.17010.hdf5,70000988,17010,1,0,1,0,20170515,154803,Final,0
afp030724g.17010.hdf5,70000989,17010,1,0,1,0,20170515,154803,Final,0
afp030428g.17010.hdf5,70000990,17010,1,0,1,0,20170515,154803,Final,0
afp030929g.17010.hdf5,70000991,17010,1,0,1,0,20170515,154803,Final,0
akl031218g.10002.hdf5,70000992,10002,1,0,1,0,20180102,070636,Final,0
akl031218g.2002.hdf5,70000992,2002,1,0,1,0,20180102,070641,Final,0
akl031218g.1002.hdf5,70000992,1002,1,0,1,0,20180102,070722,Final,0
akl031219g.2002.hdf5,70000993,2002,1,0,1,0,20180102,074049,Final,0
akl031219g.1002.hdf5,70000993,1002,1,0,1,0,20180102,075605,Final,0
akl031219g.10002.hdf5,70000993,10002,1,0,1,0,20180102,075607,Final,0
akl031220g.1002.hdf5,70000994,1002,1,0,1,0,20180102,065830,Final,0
akl031220g.2002.hdf5,70000994,2002,1,0,1,0,20180102,065926,Final,0
akl031220g.10002.hdf5,70000994,10002,1,0,1,0,20180102,065928,Final,0
akl031221g.2002.hdf5,70000995,2002,1,0,1,0,20180102,084930,Final,0
akl031221g.10002.hdf5,70000995,10002,1,0,1,0,20180102,084931,Final,0
akl031221g.1002.hdf5,70000995,1002,1,0,1,0,20180102,085534,Final,0
arg030624g.001.hdf5,70000996,2010,1,0,1,0,20170515,154815,Basic ISR Paramaters,0
arg030528g.001.hdf5,70000997,2010,1,0,1,0,20170515,154817,Basic ISR Parameters,0
arl030319g.001.hdf5,70000998,2010,1,0,1,0,20170515,154834,Basic ISR Parameters,0
arl030624g.001.hdf5,70000999,2010,1,0,1,0,20170515,154842,Basic ISR Paramaters,0
arl030527g.001.hdf5,70001000,2010,1,0,1,0,20170515,154837,Basic ISR Parameters,0
one_ion_aro20030328topl.000.hdf5,70001001,2018,1,0,1,0,20170515,154834,Preliminary - final calibration pending,0
arl030528g.001.hdf5,70001002,2010,1,0,1,0,20170515,154842,Basic ISR Parameters,0
one_ion_aro20030329topl.000.hdf5,70001003,2018,1,0,1,0,20170515,154834,Preliminary - final calibration pending,0
one_ion_aro20030331topl.000.hdf5,70001004,2018,1,0,1,0,20170515,154830,Preliminary - final calibration pending,0
are030624g.001.hdf5,70001005,2011,1,0,1,0,20170515,154825,Vector Velocity,0
are030527g.001.hdf5,70001006,2011,1,0,1,0,20170515,154825,Vector Velocity,0
are030528g.001.hdf5,70001007,2011,1,0,1,0,20170515,154825,Vector Velocity,0
asl20030731.001.hdf5,70001008,7150,1,0,1,0,20180110,061300,Final,0
asl20030430.001.hdf5,70001009,7150,1,0,1,0,20180110,024450,Final,0
asl20030501.001.hdf5,70001010,7150,1,0,1,0,20180110,041553,Final,0
asl20030702.001.hdf5,70001011,7150,1,0,1,0,20180110,042155,Final,0
asl20030502.001.hdf5,70001012,7150,1,0,1,0,20180110,034239,Final,0
asl20030410.001.hdf5,70001013,7150,1,0,1,0,20180110,051923,Final,0
asl20031218.001.hdf5,70001014,7150,1,0,1,0,20180110,024951,Final,0
asl20031220.001.hdf5,70001015,7150,1,0,1,0,20180110,054758,Final,0
asl20031221.001.hdf5,70001016,7150,1,0,1,0,20180110,033423,Final,0
asl20031222.001.hdf5,70001017,7150,1,0,1,0,20180110,041738,Final,0
asl20031223.001.hdf5,70001018,7150,1,0,1,0,20180110,052944,Final,0
asl20031224.001.hdf5,70001019,7150,1,0,1,0,20180110,032646,Final,0
asl20031124.001.hdf5,70001020,7150,1,0,1,0,20180110,020701,Final,0
asl20030625.001.hdf5,70001021,7150,1,0,1,0,20180110,042840,Final,0
asl20030526.001.hdf5,70001022,7150,1,0,1,0,20180110,051853,Final,0
asl20031126.001.hdf5,70001023,7150,1,0,1,0,20180110,045114,Final,0
asl20030627.001.hdf5,70001024,7150,1,0,1,0,20180110,052619,Final,0
asl20030527.001.hdf5,70001025,7150,1,0,1,0,20180110,022846,Final,0
asl20030428.001.hdf5,70001026,7150,1,0,1,0,20180110,021926,Final,0
asl20030528.001.hdf5,70001027,7150,1,0,1,0,20180110,025151,Final,0
asl20030529.001.hdf5,70001028,7150,1,0,1,0,20180110,040744,Final,0
asl20030429.001.hdf5,70001029,7150,1,0,1,0,20180110,062239,Final,0
asl20030730.001.hdf5,70001030,7150,1,0,1,0,20180110,061700,Final,0
asl20030530.001.hdf5,70001031,7150,1,0,1,0,20180110,033143,Final,0
aai20041103.00001.hdf5,70001032,20,1,0,1,0,20170515,155406,Final,0
aai20041104.00001.hdf5,70001033,20,1,0,1,0,20170515,155406,Final,0
aai20041105.00001.hdf5,70001034,20,1,0,1,0,20170515,155407,Final,0
aai20041005.00001.hdf5,70001035,20,1,0,1,0,20170515,155406,Final,0
aai20041106.00001.hdf5,70001036,20,1,0,1,0,20170515,155406,Final,0
aai20041006.00001.hdf5,70001037,20,1,0,1,0,20170515,155405,Final,0
aai20040807.00001.hdf5,70001038,20,1,0,1,0,20170515,155405,Final,0
aai20041107.00001.hdf5,70001039,20,1,0,1,0,20170515,155406,Final,0
aai20041007.00001.hdf5,70001040,20,1,0,1,0,20170515,155406,Final,0
aai20040808.00001.hdf5,70001041,20,1,0,1,0,20170515,155406,Final,0
aai20041208.00001.hdf5,70001042,20,1,0,1,0,20170515,155405,Final,0
aai20041108.00001.hdf5,70001043,20,1,0,1,0,20170515,155406,Final,0
aai20041008.00001.hdf5,70001044,20,1,0,1,0,20170515,155406,Final,0
aai20040809.00001.hdf5,70001045,20,1,0,1,0,20170515,155405,Final,0
aai20041209.00001.hdf5,70001046,20,1,0,1,0,20170515,155407,Final,0
aai20041109.00001.hdf5,70001047,20,1,0,1,0,20170515,155405,Final,0
aai20041009.00001.hdf5,70001048,20,1,0,1,0,20170515,155406,Final,0
aai20041210.00001.hdf5,70001049,20,1,0,1,0,20170515,155405,Final,0
aai20040710.00001.hdf5,70001050,20,1,0,1,0,20170515,155405,Final,0
aai20040610.00001.hdf5,70001051,20,1,0,1,0,20170515,155406,Final,0
aai20041110.00001.hdf5,70001052,20,1,0,1,0,20170515,155406,Final,0
aai20041010.00001.hdf5,70001053,20,1,0,1,0,20170515,155406,Final,0
aai20040910.00001.hdf5,70001054,20,1,0,1,0,20170515,155405,Final,0
aai20040811.00001.hdf5,70001055,20,1,0,1,0,20170515,155405,Final,0
aai20041211.00001.hdf5,70001056,20,1,0,1,0,20170515,155406,Final,0
aai20040711.00001.hdf5,70001057,20,1,0,1,0,20170515,155407,Final,0
aai20040611.00001.hdf5,70001058,20,1,0,1,0,20170515,155406,Final,0
aai20041111.00001.hdf5,70001059,20,1,0,1,0,20170515,155405,Final,0
aai20041011.00001.hdf5,70001060,20,1,0,1,0,20170515,155406,Final,0
aai20040911.00001.hdf5,70001061,20,1,0,1,0,20170515,155406,Final,0
aai20040812.00001.hdf5,70001062,20,1,0,1,0,20170515,155406,Final,0
aai20040712.00001.hdf5,70001063,20,1,0,1,0,20170515,155407,Final,0
aai20040612.00001.hdf5,70001064,20,1,0,1,0,20170515,155405,Final,0
aai20041112.00001.hdf5,70001065,20,1,0,1,0,20170515,155405,Final,0
aai20041012.00001.hdf5,70001066,20,1,0,1,0,20170515,155406,Final,0
aai20040912.00001.hdf5,70001067,20,1,0,1,0,20170515,155406,Final,0
aai20040813.00001.hdf5,70001068,20,1,0,1,0,20170515,155406,Final,0
aai20041213.00001.hdf5,70001069,20,1,0,1,0,20170515,155407,Final,0
aai20040213.00001.hdf5,70001070,20,1,0,1,0,20170515,155406,Final,0
aai20040713.00001.hdf5,70001071,20,1,0,1,0,20170515,155406,Final,0
aai20040613.00001.hdf5,70001072,20,1,0,1,0,20170515,155406,Final,0
aai20041113.00001.hdf5,70001073,20,1,0,1,0,20170515,155407,Final,0
aai20041013.00001.hdf5,70001074,20,1,0,1,0,20170515,155405,Final,0
aai20040913.00001.hdf5,70001075,20,1,0,1,0,20170515,155406,Final,0
aai20040814.00001.hdf5,70001076,20,1,0,1,0,20170515,155407,Final,0
aai20041214.00001.hdf5,70001077,20,1,0,1,0,20170515,155406,Final,0
aai20040214.00001.hdf5,70001078,20,1,0,1,0,20170515,155406,Final,0
aai20040114.00001.hdf5,70001079,20,1,0,1,0,20170515,155405,Final,0
aai20040714.00001.hdf5,70001080,20,1,0,1,0,20170515,155405,Final,0
aai20040614.00001.hdf5,70001081,20,1,0,1,0,20170515,155407,Final,0
aai20040514.00001.hdf5,70001082,20,1,0,1,0,20170515,155407,Final,0
aai20041114.00001.hdf5,70001083,20,1,0,1,0,20170515,155407,Final,0
aai20041014.00001.hdf5,70001084,20,1,0,1,0,20170515,155406,Final,0
aai20040914.00001.hdf5,70001085,20,1,0,1,0,20170515,155406,Final,0
aai20040815.00001.hdf5,70001086,20,1,0,1,0,20170515,155405,Final,0
aai20041215.00001.hdf5,70001087,20,1,0,1,0,20170515,155406,Final,0
aai20040215.00001.hdf5,70001088,20,1,0,1,0,20170515,155405,Final,0
aai20040115.00001.hdf5,70001089,20,1,0,1,0,20170515,155405,Final,0
aai20040715.00001.hdf5,70001090,20,1,0,1,0,20170515,155405,Final,0
aai20040615.00001.hdf5,70001091,20,1,0,1,0,20170515,155406,Final,0
aai20040515.00001.hdf5,70001092,20,1,0,1,0,20170515,155406,Final,0
aai20041115.00001.hdf5,70001093,20,1,0,1,0,20170515,155407,Final,0
aai20041015.00001.hdf5,70001094,20,1,0,1,0,20170515,155407,Final,0
aai20040915.00001.hdf5,70001095,20,1,0,1,0,20170515,155407,Final,0
aai20040816.00001.hdf5,70001096,20,1,0,1,0,20170515,155406,Final,0
aai20041216.00001.hdf5,70001097,20,1,0,1,0,20170515,155406,Final,0
aai20040216.00001.hdf5,70001098,20,1,0,1,0,20170515,155406,Final,0
aai20040116.00001.hdf5,70001099,20,1,0,1,0,20170515,155407,Final,0
aai20040716.00001.hdf5,70001100,20,1,0,1,0,20170515,155405,Final,0
aai20040616.00001.hdf5,70001101,20,1,0,1,0,20170515,155405,Final,0
aai20040516.00001.hdf5,70001102,20,1,0,1,0,20170515,155405,Final,0
aai20041116.00001.hdf5,70001103,20,1,0,1,0,20170515,155406,Final,0
aai20041016.00001.hdf5,70001104,20,1,0,1,0,20170515,155405,Final,0
aai20040916.00001.hdf5,70001105,20,1,0,1,0,20170515,155406,Final,0
aai20040817.00001.hdf5,70001106,20,1,0,1,0,20170515,155406,Final,0
aai20041217.00001.hdf5,70001107,20,1,0,1,0,20170515,155407,Final,0
aai20040217.00001.hdf5,70001108,20,1,0,1,0,20170515,155405,Final,0
aai20040117.00001.hdf5,70001109,20,1,0,1,0,20170515,155406,Final,0
aai20040717.00001.hdf5,70001110,20,1,0,1,0,20170515,155406,Final,0
aai20040617.00001.hdf5,70001111,20,1,0,1,0,20170515,155406,Final,0
aai20040517.00001.hdf5,70001112,20,1,0,1,0,20170515,155405,Final,0
aai20041117.00001.hdf5,70001113,20,1,0,1,0,20170515,155407,Final,0
aai20041017.00001.hdf5,70001114,20,1,0,1,0,20170515,155406,Final,0
aai20040917.00001.hdf5,70001115,20,1,0,1,0,20170515,155407,Final,0
aai20040418.00001.hdf5,70001116,20,1,0,1,0,20170515,155406,Final,0
aai20040818.00001.hdf5,70001117,20,1,0,1,0,20170515,155406,Final,0
aai20041218.00001.hdf5,70001118,20,1,0,1,0,20170515,155405,Final,0
aai20040218.00001.hdf5,70001119,20,1,0,1,0,20170515,155406,Final,0
aai20040118.00001.hdf5,70001120,20,1,0,1,0,20170515,155406,Final,0
aai20040718.00001.hdf5,70001121,20,1,0,1,0,20170515,155407,Final,0
aai20040618.00001.hdf5,70001122,20,1,0,1,0,20170515,155406,Final,0
aai20040518.00001.hdf5,70001123,20,1,0,1,0,20170515,155406,Final,0
aai20041118.00001.hdf5,70001124,20,1,0,1,0,20170515,155406,Final,0
aai20041018.00001.hdf5,70001125,20,1,0,1,0,20170515,155406,Final,0
aai20040918.00001.hdf5,70001126,20,1,0,1,0,20170515,155407,Final,0
aai20040419.00001.hdf5,70001127,20,1,0,1,0,20170515,155405,Final,0
aai20040819.00001.hdf5,70001128,20,1,0,1,0,20170515,155406,Final,0
aai20041219.00001.hdf5,70001129,20,1,0,1,0,20170515,155406,Final,0
aai20040219.00001.hdf5,70001130,20,1,0,1,0,20170515,155405,Final,0
aai20040119.00001.hdf5,70001131,20,1,0,1,0,20170515,155407,Final,0
aai20040719.00001.hdf5,70001132,20,1,0,1,0,20170515,155405,Final,0
aai20040619.00001.hdf5,70001133,20,1,0,1,0,20170515,155405,Final,0
aai20040519.00001.hdf5,70001134,20,1,0,1,0,20170515,155406,Final,0
aai20041119.00001.hdf5,70001135,20,1,0,1,0,20170515,155405,Final,0
aai20041019.00001.hdf5,70001136,20,1,0,1,0,20170515,155406,Final,0
aai20040919.00001.hdf5,70001137,20,1,0,1,0,20170515,155407,Final,0
aai20040420.00001.hdf5,70001138,20,1,0,1,0,20170515,155407,Final,0
aai20040820.00001.hdf5,70001139,20,1,0,1,0,20170515,155406,Final,0
aai20041220.00001.hdf5,70001140,20,1,0,1,0,20170515,155406,Final,0
aai20040220.00001.hdf5,70001141,20,1,0,1,0,20170515,155406,Final,0
aai20040120.00001.hdf5,70001142,20,1,0,1,0,20170515,155406,Final,0
aai20040720.00001.hdf5,70001143,20,1,0,1,0,20170515,155406,Final,0
aai20040620.00001.hdf5,70001144,20,1,0,1,0,20170515,155406,Final,0
aai20040520.00001.hdf5,70001145,20,1,0,1,0,20170515,155406,Final,0
aai20041120.00001.hdf5,70001146,20,1,0,1,0,20170515,155407,Final,0
aai20041020.00001.hdf5,70001147,20,1,0,1,0,20170515,155406,Final,0
aai20040920.00001.hdf5,70001148,20,1,0,1,0,20170515,155405,Final,0
aai20040421.00001.hdf5,70001149,20,1,0,1,0,20170515,155406,Final,0
aai20040821.00001.hdf5,70001150,20,1,0,1,0,20170515,155405,Final,0
aai20041221.00001.hdf5,70001151,20,1,0,1,0,20170515,155407,Final,0
aai20040121.00001.hdf5,70001152,20,1,0,1,0,20170515,155407,Final,0
aai20040621.00001.hdf5,70001153,20,1,0,1,0,20170515,155407,Final,0
aai20040521.00001.hdf5,70001154,20,1,0,1,0,20170515,155406,Final,0
aai20041121.00001.hdf5,70001155,20,1,0,1,0,20170515,155407,Final,0
aai20041021.00001.hdf5,70001156,20,1,0,1,0,20170515,155406,Final,0
aai20040921.00001.hdf5,70001157,20,1,0,1,0,20170515,155405,Final,0
aai20040422.00001.hdf5,70001158,20,1,0,1,0,20170515,155407,Final,0
aai20040822.00001.hdf5,70001159,20,1,0,1,0,20170515,155405,Final,0
aai20040122.00001.hdf5,70001160,20,1,0,1,0,20170515,155405,Final,0
aai20040622.00001.hdf5,70001161,20,1,0,1,0,20170515,155407,Final,0
aai20040522.00001.hdf5,70001162,20,1,0,1,0,20170515,155406,Final,0
aai20041022.00001.hdf5,70001163,20,1,0,1,0,20170515,155406,Final,0
aai20040922.00001.hdf5,70001164,20,1,0,1,0,20170515,155406,Final,0
aai20040423.00001.hdf5,70001165,20,1,0,1,0,20170515,155405,Final,0
aai20040823.00001.hdf5,70001166,20,1,0,1,0,20170515,155405,Final,0
aai20040123.00001.hdf5,70001167,20,1,0,1,0,20170515,155405,Final,0
aai20040523.00001.hdf5,70001168,20,1,0,1,0,20170515,155406,Final,0
aai20041023.00001.hdf5,70001169,20,1,0,1,0,20170515,155407,Final,0
aai20040923.00001.hdf5,70001170,20,1,0,1,0,20170515,155407,Final,0
aai20040424.00001.hdf5,70001171,20,1,0,1,0,20170515,155406,Final,0
aai20040824.00001.hdf5,70001172,20,1,0,1,0,20170515,155406,Final,0
aai20040124.00001.hdf5,70001173,20,1,0,1,0,20170515,155405,Final,0
aai20040724.00001.hdf5,70001174,20,1,0,1,0,20170515,155405,Final,0
aai20040524.00001.hdf5,70001175,20,1,0,1,0,20170515,155407,Final,0
aai20041024.00001.hdf5,70001176,20,1,0,1,0,20170515,155405,Final,0
aai20040924.00001.hdf5,70001177,20,1,0,1,0,20170515,155405,Final,0
aai20040425.00001.hdf5,70001178,20,1,0,1,0,20170515,155407,Final,0
aai20040125.00001.hdf5,70001179,20,1,0,1,0,20170515,155407,Final,0
aai20040725.00001.hdf5,70001180,20,1,0,1,0,20170515,155405,Final,0
aai20040525.00001.hdf5,70001181,20,1,0,1,0,20170515,155406,Final,0
aai20041025.00001.hdf5,70001182,20,1,0,1,0,20170515,155406,Final,0
aai20040925.00001.hdf5,70001183,20,1,0,1,0,20170515,155407,Final,0
aai20040426.00001.hdf5,70001184,20,1,0,1,0,20170515,155406,Final,0
aai20040126.00001.hdf5,70001185,20,1,0,1,0,20170515,155406,Final,0
aai20040726.00001.hdf5,70001186,20,1,0,1,0,20170515,155406,Final,0
aai20040526.00001.hdf5,70001187,20,1,0,1,0,20170515,155406,Final,0
aai20040427.00001.hdf5,70001188,20,1,0,1,0,20170515,155406,Final,0
aai20040127.00001.hdf5,70001189,20,1,0,1,0,20170515,155405,Final,0
aai20040527.00001.hdf5,70001190,20,1,0,1,0,20170515,155406,Final,0
aai20040428.00001.hdf5,70001191,20,1,0,1,0,20170515,155407,Final,0
aai20040128.00001.hdf5,70001192,20,1,0,1,0,20170515,155405,Final,0
aai20040528.00001.hdf5,70001193,20,1,0,1,0,20170515,155405,Final,0
aai20040429.00001.hdf5,70001194,20,1,0,1,0,20170515,155405,Final,0
aai20040129.00001.hdf5,70001195,20,1,0,1,0,20170515,155406,Final,0
aai20040529.00001.hdf5,70001196,20,1,0,1,0,20170515,155407,Final,0
aai20040430.00001.hdf5,70001197,20,1,0,1,0,20170515,155405,Final,0
aai20040130.00001.hdf5,70001198,20,1,0,1,0,20170515,155406,Final,0
aai20040530.00001.hdf5,70001199,20,1,0,1,0,20170515,155407,Final,0
afp040809g.17010.hdf5,70001200,17010,1,0,1,0,20170515,155233,Final,0
afp041218g.17010.hdf5,70001201,17010,1,0,1,0,20170515,155233,Final,0
afp040616g.17010.hdf5,70001202,17010,1,0,1,0,20170515,155233,Final,0
afp040322g.17010.hdf5,70001203,17010,1,0,1,0,20170515,155233,Final,0
afp040514g.17010.hdf5,70001204,17010,1,0,1,0,20170515,155233,Final,0
afp041012g.17010.hdf5,70001205,17010,1,0,1,0,20170515,155233,Final,0
afp040809g.17010.hdf5,70001206,17010,1,0,1,0,20170515,155233,Final,0
afp041012g.17010.hdf5,70001207,17010,1,0,1,0,20170515,155233,Final,0
afp040514g.17010.hdf5,70001208,17010,1,0,1,0,20170515,155233,Final,0
afp040616g.17010.hdf5,70001209,17010,1,0,1,0,20170515,155233,Final,0
afp041218g.17010.hdf5,70001210,17010,1,0,1,0,20170515,155233,Final,0
afp040322g.17010.hdf5,70001211,17010,1,0,1,0,20170515,155233,Final,0
akl041106g.1002.hdf5,70001212,1002,1,0,1,0,20180102,081216,Final,0
akl041106g.2002.hdf5,70001212,2002,1,0,1,0,20180102,081233,Final,0
akl041106g.10002.hdf5,70001212,10002,1,0,1,0,20180102,081234,Final,0
akl040811g.2002.hdf5,70001213,2002,1,0,1,0,20180102,074148,Final,0
akl040811g.10002.hdf5,70001213,10002,1,0,1,0,20180102,074150,Final,0
akl040811g.1002.hdf5,70001213,1002,1,0,1,0,20180102,075052,Final,0
akl041211g.1002.hdf5,70001214,1002,1,0,1,0,20180102,074122,Final,0
akl041211g.10002.hdf5,70001214,10002,1,0,1,0,20180102,074124,Final,0
akl041211g.2002.hdf5,70001214,2002,1,0,1,0,20180102,074201,Final,0
akl040812g.10002.hdf5,70001215,10002,1,0,1,0,20180102,070630,Final,0
akl040812g.1002.hdf5,70001215,1002,1,0,1,0,20180102,071623,Final,0
akl040812g.2002.hdf5,70001215,2002,1,0,1,0,20180102,071716,Final,0
akl041012g.10002.hdf5,70001216,10002,1,0,1,0,20180102,055903,Final,0
akl041012g.2002.hdf5,70001216,2002,1,0,1,0,20180102,055940,Final,0
akl041012g.1002.hdf5,70001216,1002,1,0,1,0,20180102,060741,Final,0
akl040813g.10002.hdf5,70001217,10002,1,0,1,0,20180102,084737,Final,0
akl040813g.1002.hdf5,70001217,1002,1,0,1,0,20180102,084903,Final,0
akl040813g.2002.hdf5,70001217,2002,1,0,1,0,20180102,084910,Final,0
akl040814g.1002.hdf5,70001218,1002,1,0,1,0,20180102,063440,Final,0
akl040814g.10002.hdf5,70001218,10002,1,0,1,0,20180102,063442,Final,0
akl040814g.2002.hdf5,70001218,2002,1,0,1,0,20180102,063526,Final,0
akl040715g.1002.hdf5,70001219,1002,1,0,1,0,20180102,072613,Final,0
akl040715g.10002.hdf5,70001219,10002,1,0,1,0,20180102,072614,Final,0
akl040715g.2002.hdf5,70001219,2002,1,0,1,0,20180102,072635,Final,0
akl040615g.10002.hdf5,70001220,10002,1,0,1,0,20180102,054340,Final,0
akl040615g.2002.hdf5,70001220,2002,1,0,1,0,20180102,054403,Final,0
akl040615g.1002.hdf5,70001220,1002,1,0,1,0,20180102,055008,Final,0
akl040515g.2002.hdf5,70001221,2002,1,0,1,0,20180102,084357,Final,0
akl040515g.1002.hdf5,70001221,1002,1,0,1,0,20180102,085235,Final,0
akl040515g.10002.hdf5,70001221,10002,1,0,1,0,20180102,085237,Final,0
akl040716g.10002.hdf5,70001222,10002,1,0,1,0,20180102,090128,Final,0
akl040716g.1002.hdf5,70001222,1002,1,0,1,0,20180102,091238,Final,0
akl040716g.2002.hdf5,70001222,2002,1,0,1,0,20180102,091302,Final,0
akl040616g.2002.hdf5,70001223,2002,1,0,1,0,20180102,064059,Final,0
akl040616g.10002.hdf5,70001223,10002,1,0,1,0,20180102,064100,Final,0
akl040616g.1002.hdf5,70001223,1002,1,0,1,0,20180102,064915,Final,0
akl040817g.1002.hdf5,70001224,1002,1,0,1,0,20180102,080852,Final,0
akl040817g.10002.hdf5,70001224,10002,1,0,1,0,20180102,080854,Final,0
akl040817g.2002.hdf5,70001224,2002,1,0,1,0,20180102,080905,Final,0
akl040717g.2002.hdf5,70001225,2002,1,0,1,0,20180102,064951,Final,0
akl040717g.10002.hdf5,70001225,10002,1,0,1,0,20180102,064951,Final,0
akl040717g.1002.hdf5,70001225,1002,1,0,1,0,20180102,065622,Final,0
akl040617g.10002.hdf5,70001226,10002,1,0,1,0,20180102,075350,Final,0
akl040617g.1002.hdf5,70001226,1002,1,0,1,0,20180102,080904,Final,0
akl040617g.2002.hdf5,70001226,2002,1,0,1,0,20180102,081006,Final,0
akl040418g.10002.hdf5,70001227,10002,1,0,1,0,20180102,090734,Final,0
akl040418g.1002.hdf5,70001227,1002,1,0,1,0,20180102,091412,Final,0
akl040418g.2002.hdf5,70001227,2002,1,0,1,0,20180102,091430,Final,0
akl040818g.1002.hdf5,70001228,1002,1,0,1,0,20180102,054325,Final,0
akl040818g.10002.hdf5,70001228,10002,1,0,1,0,20180102,054326,Final,0
akl040818g.2002.hdf5,70001228,2002,1,0,1,0,20180102,054351,Final,0
akl040718g.2002.hdf5,70001229,2002,1,0,1,0,20180102,065312,Final,0
akl040718g.10002.hdf5,70001229,10002,1,0,1,0,20180102,065314,Final,0
akl040718g.1002.hdf5,70001229,1002,1,0,1,0,20180102,070356,Final,0
akl040819g.2002.hdf5,70001230,2002,1,0,1,0,20180102,084436,Final,0
akl040819g.10002.hdf5,70001230,10002,1,0,1,0,20180102,084437,Final,0
akl040819g.1002.hdf5,70001230,1002,1,0,1,0,20180102,085238,Final,0
akl040719g.2002.hdf5,70001231,2002,1,0,1,0,20180102,053849,Final,0
akl040719g.1002.hdf5,70001231,1002,1,0,1,0,20180102,054556,Final,0
akl040719g.10002.hdf5,70001231,10002,1,0,1,0,20180102,054558,Final,0
akl040519g.2002.hdf5,70001232,2002,1,0,1,0,20180102,062536,Final,0
akl040519g.10002.hdf5,70001232,10002,1,0,1,0,20180102,062537,Final,0
akl040519g.1002.hdf5,70001232,1002,1,0,1,0,20180102,063450,Final,0
akl040820g.2002.hdf5,70001233,2002,1,0,1,0,20180102,060659,Final,0
akl040820g.1002.hdf5,70001233,1002,1,0,1,0,20180102,061635,Final,0
akl040820g.10002.hdf5,70001233,10002,1,0,1,0,20180102,061636,Final,0
akl040120g.1002.hdf5,70001234,1002,1,0,1,0,20180102,081512,Final,0
akl040120g.10002.hdf5,70001234,10002,1,0,1,0,20180102,081513,Final,0
akl040120g.2002.hdf5,70001234,2002,1,0,1,0,20180102,081613,Final,0
akl040122g.1002.hdf5,70001235,1002,1,0,1,0,20180102,083459,Final,0
akl040122g.10002.hdf5,70001235,10002,1,0,1,0,20180102,083501,Final,0
akl040122g.2002.hdf5,70001235,2002,1,0,1,0,20180102,083541,Final,0
akl040123g.1002.hdf5,70001236,1002,1,0,1,0,20180102,065156,Final,0
akl040123g.10002.hdf5,70001236,10002,1,0,1,0,20180102,065158,Final,0
akl040123g.2002.hdf5,70001236,2002,1,0,1,0,20180102,065220,Final,0
akl040323g.1002.hdf5,70001237,1002,1,0,1,0,20180102,075739,Final,0
akl040323g.10002.hdf5,70001237,10002,1,0,1,0,20180102,075741,Final,0
akl040323g.2002.hdf5,70001237,2002,1,0,1,0,20180102,075832,Final,0
akl040124g.2002.hdf5,70001238,2002,1,0,1,0,20180102,083834,Final,0
akl040124g.10002.hdf5,70001238,10002,1,0,1,0,20180102,083836,Final,0
akl040124g.1002.hdf5,70001238,1002,1,0,1,0,20180102,084801,Final,0
akl040324g.10002.hdf5,70001239,10002,1,0,1,0,20180102,072933,Final,0
akl040324g.1002.hdf5,70001239,1002,1,0,1,0,20180102,073231,Final,0
akl040324g.2002.hdf5,70001239,2002,1,0,1,0,20180102,073239,Final,0
akl040730g.10002.hdf5,70001240,10002,1,0,1,0,20180102,070043,Final,0
akl040730g.2002.hdf5,70001240,2002,1,0,1,0,20180102,070046,Final,0
akl040730g.1002.hdf5,70001240,1002,1,0,1,0,20180102,070117,Final,0
akl040731g.10002.hdf5,70001241,10002,1,0,1,0,20180102,075833,Final,0
akl040731g.2002.hdf5,70001241,2002,1,0,1,0,20180102,075910,Final,0
akl040731g.1002.hdf5,70001241,1002,1,0,1,0,20180102,080552,Final,0
arg041206g.001.hdf5,70001242,2010,1,0,1,0,20170515,155248,Final,0
arg041109g.001.hdf5,70001243,2010,1,0,1,0,20170515,155253,Final,0
arg040614g.001.hdf5,70001244,2010,1,0,1,0,20170515,155313,Final,0
arg040517g.001.hdf5,70001245,2010,1,0,1,0,20170515,155244,Final,0
arg040329g.001.hdf5,70001246,2010,1,0,1,0,20170515,155311,Final,0
arl041206g.001.hdf5,70001247,2010,1,0,1,0,20170515,155331,Final,0
arl041208g.001.hdf5,70001248,2010,1,0,1,0,20170515,155340,Final,0
arl041109g.001.hdf5,70001249,2010,1,0,1,0,20170515,155339,Final,0
arl040614g.001.hdf5,70001250,2010,1,0,1,0,20170515,155404,Final,0
arl040517g.001.hdf5,70001251,2010,1,0,1,0,20170515,155331,Final,0
arl040329g.001.hdf5,70001252,2010,1,0,1,0,20170515,155359,Final,0
aro041206g.001.hdf5,70001253,2011,1,0,1,0,20170515,155322,Final,0
aro041208g.001.hdf5,70001254,2011,1,0,1,0,20170515,155322,Final,0
aro041109g.001.hdf5,70001255,2011,1,0,1,0,20170515,155322,Final,0
aro040614g.001.hdf5,70001256,2011,1,0,1,0,20170515,155322,Final,0
aro040517g.001.hdf5,70001257,2011,1,0,1,0,20170515,155322,Final,0
aro040329g.001.hdf5,70001258,2011,1,0,1,0,20170515,155322,Final,0
asl20041210.001.hdf5,70001259,7150,1,0,1,0,20180110,012554,Final,0
asl20040317.001.hdf5,70001260,7150,1,0,1,0,20180110,042059,Final,0
asl20040318.001.hdf5,70001261,7150,1,0,1,0,20180110,031139,Final,0
asl20040119.001.hdf5,70001262,7150,1,0,1,0,20180110,024927,Final,0
asl20040121.001.hdf5,70001263,7150,1,0,1,0,20180110,044530,Final,0
asl20040122.001.hdf5,70001264,7150,1,0,1,0,20180110,045504,Final,0
asl20040123.001.hdf5,70001265,7150,1,0,1,0,20180110,035637,Final,0
aai20050401.00001.hdf5,70001266,20,1,0,1,0,20170515,153158,Final,0
aai20050801.00001.hdf5,70001267,20,1,0,1,0,20170515,153158,Final,0
aai20051201.00001.hdf5,70001268,20,1,0,1,0,20170515,153200,Final,0
aai20051101.00001.hdf5,70001269,20,1,0,1,0,20170515,153157,Final,0
aai20051001.00001.hdf5,70001270,20,1,0,1,0,20170515,153159,Final,0
aai20050901.00001.hdf5,70001271,20,1,0,1,0,20170515,153159,Final,0
aai20050402.00001.hdf5,70001272,20,1,0,1,0,20170515,153158,Final,0
aai20050802.00001.hdf5,70001273,20,1,0,1,0,20170515,153159,Final,0
aai20051202.00001.hdf5,70001274,20,1,0,1,0,20170515,153159,Final,0
aai20050302.00001.hdf5,70001275,20,1,0,1,0,20170515,153158,Final,0
aai20050502.00001.hdf5,70001276,20,1,0,1,0,20170515,153200,Final,0
aai20051102.00001.hdf5,70001277,20,1,0,1,0,20170515,153158,Final,0
aai20051002.00001.hdf5,70001278,20,1,0,1,0,20170515,153159,Final,0
aai20050902.00001.hdf5,70001279,20,1,0,1,0,20170515,153158,Final,0
aai20050403.00001.hdf5,70001280,20,1,0,1,0,20170515,153159,Final,0
aai20050803.00001.hdf5,70001281,20,1,0,1,0,20170515,153159,Final,0
aai20051203.00001.hdf5,70001282,20,1,0,1,0,20170515,153159,Final,0
aai20050203.00001.hdf5,70001283,20,1,0,1,0,20170515,153158,Final,0
aai20050603.00001.hdf5,70001284,20,1,0,1,0,20170515,153159,Final,0
aai20050303.00001.hdf5,70001285,20,1,0,1,0,20170515,153200,Final,0
aai20050503.00001.hdf5,70001286,20,1,0,1,0,20170515,153158,Final,0
aai20051103.00001.hdf5,70001287,20,1,0,1,0,20170515,153159,Final,0
aai20051003.00001.hdf5,70001288,20,1,0,1,0,20170515,153158,Final,0
aai20050903.00001.hdf5,70001289,20,1,0,1,0,20170515,153158,Final,0
aai20050404.00001.hdf5,70001290,20,1,0,1,0,20170515,153158,Final,0
aai20050804.00001.hdf5,70001291,20,1,0,1,0,20170515,153200,Final,0
aai20051204.00001.hdf5,70001292,20,1,0,1,0,20170515,153158,Final,0
aai20050204.00001.hdf5,70001293,20,1,0,1,0,20170515,153200,Final,0
aai20050704.00001.hdf5,70001294,20,1,0,1,0,20170515,153158,Final,0
aai20050604.00001.hdf5,70001295,20,1,0,1,0,20170515,153158,Final,0
aai20050304.00001.hdf5,70001296,20,1,0,1,0,20170515,153159,Final,0
aai20050504.00001.hdf5,70001297,20,1,0,1,0,20170515,153159,Final,0
aai20051104.00001.hdf5,70001298,20,1,0,1,0,20170515,153159,Final,0
aai20051004.00001.hdf5,70001299,20,1,0,1,0,20170515,153159,Final,0
aai20050904.00001.hdf5,70001300,20,1,0,1,0,20170515,153158,Final,0
aai20050405.00001.hdf5,70001301,20,1,0,1,0,20170515,153158,Final,0
aai20050805.00001.hdf5,70001302,20,1,0,1,0,20170515,153159,Final,0
aai20051205.00001.hdf5,70001303,20,1,0,1,0,20170515,153200,Final,0
aai20050705.00001.hdf5,70001304,20,1,0,1,0,20170515,153200,Final,0
aai20050605.00001.hdf5,70001305,20,1,0,1,0,20170515,153158,Final,0
aai20050305.00001.hdf5,70001306,20,1,0,1,0,20170515,153159,Final,0
aai20050505.00001.hdf5,70001307,20,1,0,1,0,20170515,153200,Final,0
aai20051105.00001.hdf5,70001308,20,1,0,1,0,20170515,153158,Final,0
aai20051005.00001.hdf5,70001309,20,1,0,1,0,20170515,153159,Final,0
aai20050905.00001.hdf5,70001310,20,1,0,1,0,20170515,153158,Final,0
aai20050406.00001.hdf5,70001311,20,1,0,1,0,20170515,153159,Final,0
aai20050806.00001.hdf5,70001312,20,1,0,1,0,20170515,153158,Final,0
aai20051206.00001.hdf5,70001313,20,1,0,1,0,20170515,153158,Final,0
aai20050706.00001.hdf5,70001314,20,1,0,1,0,20170515,153159,Final,0
aai20050606.00001.hdf5,70001315,20,1,0,1,0,20170515,153159,Final,0
aai20050306.00001.hdf5,70001316,20,1,0,1,0,20170515,153159,Final,0
aai20050506.00001.hdf5,70001317,20,1,0,1,0,20170515,153159,Final,0
aai20051106.00001.hdf5,70001318,20,1,0,1,0,20170515,153200,Final,0
aai20051006.00001.hdf5,70001319,20,1,0,1,0,20170515,153159,Final,0
aai20050906.00001.hdf5,70001320,20,1,0,1,0,20170515,153200,Final,0
aai20050407.00001.hdf5,70001321,20,1,0,1,0,20170515,153159,Final,0
aai20050807.00001.hdf5,70001322,20,1,0,1,0,20170515,153158,Final,0
aai20051207.00001.hdf5,70001323,20,1,0,1,0,20170515,153158,Final,0
aai20050707.00001.hdf5,70001324,20,1,0,1,0,20170515,153158,Final,0
aai20050607.00001.hdf5,70001325,20,1,0,1,0,20170515,153159,Final,0
aai20050307.00001.hdf5,70001326,20,1,0,1,0,20170515,153159,Final,0
aai20050507.00001.hdf5,70001327,20,1,0,1,0,20170515,153157,Final,0
aai20051107.00001.hdf5,70001328,20,1,0,1,0,20170515,153158,Final,0
aai20051007.00001.hdf5,70001329,20,1,0,1,0,20170515,153158,Final,0
aai20050907.00001.hdf5,70001330,20,1,0,1,0,20170515,153158,Final,0
aai20050408.00001.hdf5,70001331,20,1,0,1,0,20170515,153158,Final,0
aai20050808.00001.hdf5,70001332,20,1,0,1,0,20170515,153159,Final,0
aai20051208.00001.hdf5,70001333,20,1,0,1,0,20170515,153158,Final,0
aai20050708.00001.hdf5,70001334,20,1,0,1,0,20170515,153158,Final,0
aai20050608.00001.hdf5,70001335,20,1,0,1,0,20170515,153159,Final,0
aai20050308.00001.hdf5,70001336,20,1,0,1,0,20170515,153158,Final,0
aai20050508.00001.hdf5,70001337,20,1,0,1,0,20170515,153158,Final,0
aai20051108.00001.hdf5,70001338,20,1,0,1,0,20170515,153200,Final,0
aai20051008.00001.hdf5,70001339,20,1,0,1,0,20170515,153158,Final,0
aai20050908.00001.hdf5,70001340,20,1,0,1,0,20170515,153157,Final,0
aai20050409.00001.hdf5,70001341,20,1,0,1,0,20170515,153158,Final,0
aai20050809.00001.hdf5,70001342,20,1,0,1,0,20170515,153159,Final,0
aai20051209.00001.hdf5,70001343,20,1,0,1,0,20170515,153159,Final,0
aai20050709.00001.hdf5,70001344,20,1,0,1,0,20170515,153158,Final,0
aai20050609.00001.hdf5,70001345,20,1,0,1,0,20170515,153158,Final,0
aai20050309.00001.hdf5,70001346,20,1,0,1,0,20170515,153200,Final,0
aai20050509.00001.hdf5,70001347,20,1,0,1,0,20170515,153158,Final,0
aai20051109.00001.hdf5,70001348,20,1,0,1,0,20170515,153158,Final,0
aai20051009.00001.hdf5,70001349,20,1,0,1,0,20170515,153200,Final,0
aai20050909.00001.hdf5,70001350,20,1,0,1,0,20170515,153159,Final,0
aai20050410.00001.hdf5,70001351,20,1,0,1,0,20170515,153200,Final,0
aai20050810.00001.hdf5,70001352,20,1,0,1,0,20170515,153200,Final,0
aai20051210.00001.hdf5,70001353,20,1,0,1,0,20170515,153158,Final,0
aai20050110.00001.hdf5,70001354,20,1,0,1,0,20170515,153159,Final,0
aai20050710.00001.hdf5,70001355,20,1,0,1,0,20170515,153159,Final,0
aai20050610.00001.hdf5,70001356,20,1,0,1,0,20170515,153158,Final,0
aai20050510.00001.hdf5,70001357,20,1,0,1,0,20170515,153159,Final,0
aai20051110.00001.hdf5,70001358,20,1,0,1,0,20170515,153159,Final,0
aai20051010.00001.hdf5,70001359,20,1,0,1,0,20170515,153200,Final,0
aai20050910.00001.hdf5,70001360,20,1,0,1,0,20170515,153157,Final,0
aai20050411.00001.hdf5,70001361,20,1,0,1,0,20170515,153200,Final,0
aai20050811.00001.hdf5,70001362,20,1,0,1,0,20170515,153158,Final,0
aai20051211.00001.hdf5,70001363,20,1,0,1,0,20170515,153200,Final,0
aai20050111.00001.hdf5,70001364,20,1,0,1,0,20170515,153159,Final,0
aai20050711.00001.hdf5,70001365,20,1,0,1,0,20170515,153200,Final,0
aai20050511.00001.hdf5,70001366,20,1,0,1,0,20170515,153158,Final,0
aai20051111.00001.hdf5,70001367,20,1,0,1,0,20170515,153159,Final,0
aai20050911.00001.hdf5,70001368,20,1,0,1,0,20170515,153158,Final,0
aai20050412.00001.hdf5,70001369,20,1,0,1,0,20170515,153159,Final,0
aai20050812.00001.hdf5,70001370,20,1,0,1,0,20170515,153158,Final,0
aai20051212.00001.hdf5,70001371,20,1,0,1,0,20170515,153159,Final,0
aai20050212.00001.hdf5,70001372,20,1,0,1,0,20170515,153159,Final,0
aai20050112.00001.hdf5,70001373,20,1,0,1,0,20170515,153158,Final,0
aai20050712.00001.hdf5,70001374,20,1,0,1,0,20170515,153158,Final,0
aai20050312.00001.hdf5,70001375,20,1,0,1,0,20170515,153158,Final,0
aai20050512.00001.hdf5,70001376,20,1,0,1,0,20170515,153159,Final,0
aai20051112.00001.hdf5,70001377,20,1,0,1,0,20170515,153158,Final,0
aai20050912.00001.hdf5,70001378,20,1,0,1,0,20170515,153200,Final,0
aai20050413.00001.hdf5,70001379,20,1,0,1,0,20170515,153158,Final,0
aai20050813.00001.hdf5,70001380,20,1,0,1,0,20170515,153200,Final,0
aai20050213.00001.hdf5,70001381,20,1,0,1,0,20170515,153159,Final,0
aai20050113.00001.hdf5,70001382,20,1,0,1,0,20170515,153158,Final,0
aai20050713.00001.hdf5,70001383,20,1,0,1,0,20170515,153158,Final,0
aai20050313.00001.hdf5,70001384,20,1,0,1,0,20170515,153159,Final,0
aai20050513.00001.hdf5,70001385,20,1,0,1,0,20170515,153158,Final,0
aai20050913.00001.hdf5,70001386,20,1,0,1,0,20170515,153159,Final,0
aai20050414.00001.hdf5,70001387,20,1,0,1,0,20170515,153200,Final,0
aai20050814.00001.hdf5,70001388,20,1,0,1,0,20170515,153158,Final,0
aai20050214.00001.hdf5,70001389,20,1,0,1,0,20170515,153159,Final,0
aai20050114.00001.hdf5,70001390,20,1,0,1,0,20170515,153200,Final,0
aai20050714.00001.hdf5,70001391,20,1,0,1,0,20170515,153158,Final,0
aai20050614.00001.hdf5,70001392,20,1,0,1,0,20170515,153159,Final,0
aai20050314.00001.hdf5,70001393,20,1,0,1,0,20170515,153158,Final,0
aai20050514.00001.hdf5,70001394,20,1,0,1,0,20170515,153159,Final,0
aai20050415.00001.hdf5,70001395,20,1,0,1,0,20170515,153159,Final,0
aai20050215.00001.hdf5,70001396,20,1,0,1,0,20170515,153158,Final,0
aai20050115.00001.hdf5,70001397,20,1,0,1,0,20170515,153159,Final,0
aai20050715.00001.hdf5,70001398,20,1,0,1,0,20170515,153159,Final,0
aai20050615.00001.hdf5,70001399,20,1,0,1,0,20170515,153200,Final,0
aai20050315.00001.hdf5,70001400,20,1,0,1,0,20170515,153158,Final,0
aai20050515.00001.hdf5,70001401,20,1,0,1,0,20170515,153158,Final,0
aai20050416.00001.hdf5,70001402,20,1,0,1,0,20170515,153158,Final,0
aai20050216.00001.hdf5,70001403,20,1,0,1,0,20170515,153200,Final,0
aai20050116.00001.hdf5,70001404,20,1,0,1,0,20170515,153159,Final,0
aai20050716.00001.hdf5,70001405,20,1,0,1,0,20170515,153159,Final,0
aai20050616.00001.hdf5,70001406,20,1,0,1,0,20170515,153200,Final,0
aai20050316.00001.hdf5,70001407,20,1,0,1,0,20170515,153159,Final,0
aai20050516.00001.hdf5,70001408,20,1,0,1,0,20170515,153200,Final,0
aai20050417.00001.hdf5,70001409,20,1,0,1,0,20170515,153158,Final,0
aai20050217.00001.hdf5,70001410,20,1,0,1,0,20170515,153159,Final,0
aai20050717.00001.hdf5,70001411,20,1,0,1,0,20170515,153200,Final,0
aai20050617.00001.hdf5,70001412,20,1,0,1,0,20170515,153159,Final,0
aai20050317.00001.hdf5,70001413,20,1,0,1,0,20170515,153159,Final,0
aai20050517.00001.hdf5,70001414,20,1,0,1,0,20170515,153159,Final,0
aai20050418.00001.hdf5,70001415,20,1,0,1,0,20170515,153159,Final,0
aai20050218.00001.hdf5,70001416,20,1,0,1,0,20170515,153159,Final,0
aai20050718.00001.hdf5,70001417,20,1,0,1,0,20170515,153158,Final,0
aai20050618.00001.hdf5,70001418,20,1,0,1,0,20170515,153159,Final,0
aai20050318.00001.hdf5,70001419,20,1,0,1,0,20170515,153159,Final,0
aai20050518.00001.hdf5,70001420,20,1,0,1,0,20170515,153158,Final,0
aai20050419.00001.hdf5,70001421,20,1,0,1,0,20170515,153159,Final,0
aai20050219.00001.hdf5,70001422,20,1,0,1,0,20170515,153159,Final,0
aai20050619.00001.hdf5,70001423,20,1,0,1,0,20170515,153158,Final,0
aai20050319.00001.hdf5,70001424,20,1,0,1,0,20170515,153200,Final,0
aai20050519.00001.hdf5,70001425,20,1,0,1,0,20170515,153200,Final,0
aai20050620.00001.hdf5,70001426,20,1,0,1,0,20170515,153200,Final,0
aai20050520.00001.hdf5,70001427,20,1,0,1,0,20170515,153159,Final,0
aai20051223.00001.hdf5,70001428,20,1,0,1,0,20170515,153157,Final,0
aai20051123.00001.hdf5,70001429,20,1,0,1,0,20170515,153158,Final,0
aai20051023.00001.hdf5,70001430,20,1,0,1,0,20170515,153200,Final,0
aai20050824.00001.hdf5,70001431,20,1,0,1,0,20170515,153158,Final,0
aai20051224.00001.hdf5,70001432,20,1,0,1,0,20170515,153159,Final,0
aai20051124.00001.hdf5,70001433,20,1,0,1,0,20170515,153159,Final,0
aai20051024.00001.hdf5,70001434,20,1,0,1,0,20170515,153158,Final,0
aai20050924.00001.hdf5,70001435,20,1,0,1,0,20170515,153200,Final,0
aai20050825.00001.hdf5,70001436,20,1,0,1,0,20170515,153158,Final,0
aai20051225.00001.hdf5,70001437,20,1,0,1,0,20170515,153159,Final,0
aai20051125.00001.hdf5,70001438,20,1,0,1,0,20170515,153159,Final,0
aai20051025.00001.hdf5,70001439,20,1,0,1,0,20170515,153158,Final,0
aai20050925.00001.hdf5,70001440,20,1,0,1,0,20170515,153158,Final,0
aai20050826.00001.hdf5,70001441,20,1,0,1,0,20170515,153158,Final,0
aai20051226.00001.hdf5,70001442,20,1,0,1,0,20170515,153200,Final,0
aai20051126.00001.hdf5,70001443,20,1,0,1,0,20170515,153158,Final,0
aai20051026.00001.hdf5,70001444,20,1,0,1,0,20170515,153158,Final,0
aai20050926.00001.hdf5,70001445,20,1,0,1,0,20170515,153158,Final,0
aai20051227.00001.hdf5,70001446,20,1,0,1,0,20170515,153158,Final,0
aai20051127.00001.hdf5,70001447,20,1,0,1,0,20170515,153159,Final,0
aai20051027.00001.hdf5,70001448,20,1,0,1,0,20170515,153159,Final,0
aai20050927.00001.hdf5,70001449,20,1,0,1,0,20170515,153159,Final,0
aai20051228.00001.hdf5,70001450,20,1,0,1,0,20170515,153158,Final,0
aai20051128.00001.hdf5,70001451,20,1,0,1,0,20170515,153200,Final,0
aai20051028.00001.hdf5,70001452,20,1,0,1,0,20170515,153158,Final,0
aai20050928.00001.hdf5,70001453,20,1,0,1,0,20170515,153158,Final,0
aai20050829.00001.hdf5,70001454,20,1,0,1,0,20170515,153159,Final,0
aai20051229.00001.hdf5,70001455,20,1,0,1,0,20170515,153200,Final,0
aai20050329.00001.hdf5,70001456,20,1,0,1,0,20170515,153158,Final,0
aai20051129.00001.hdf5,70001457,20,1,0,1,0,20170515,153159,Final,0
aai20051029.00001.hdf5,70001458,20,1,0,1,0,20170515,153200,Final,0
aai20050929.00001.hdf5,70001459,20,1,0,1,0,20170515,153159,Final,0
aai20050830.00001.hdf5,70001460,20,1,0,1,0,20170515,153159,Final,0
aai20051230.00001.hdf5,70001461,20,1,0,1,0,20170515,153200,Final,0
aai20050330.00001.hdf5,70001462,20,1,0,1,0,20170515,153159,Final,0
aai20051130.00001.hdf5,70001463,20,1,0,1,0,20170515,153159,Final,0
aai20051030.00001.hdf5,70001464,20,1,0,1,0,20170515,153158,Final,0
aai20050930.00001.hdf5,70001465,20,1,0,1,0,20170515,153158,Final,0
aai20051231.00001.hdf5,70001466,20,1,0,1,0,20170515,153159,Final,0
aai20050731.00001.hdf5,70001467,20,1,0,1,0,20170515,153159,Final,0
aai20050331.00001.hdf5,70001468,20,1,0,1,0,20170515,153158,Final,0
aai20051031.00001.hdf5,70001469,20,1,0,1,0,20170515,153159,Final,0
afp050601g.17010.hdf5,70001470,17010,1,0,1,0,20170515,153051,Final,0
akl050802g.1002.hdf5,70001471,1002,1,0,1,0,20180102,063004,Final,0
akl050802g.2002.hdf5,70001471,2002,1,0,1,0,20180102,063108,Final,0
akl050802g.10002.hdf5,70001471,10002,1,0,1,0,20180102,063109,Final,0
akl050804g.1002.hdf5,70001472,1002,1,0,1,0,20180102,075005,Final,0
akl050804g.10002.hdf5,70001472,10002,1,0,1,0,20180102,075007,Final,0
akl050804g.2002.hdf5,70001472,2002,1,0,1,0,20180102,075104,Final,0
akl050805g.1002.hdf5,70001473,1002,1,0,1,0,20180102,060112,Final,0
akl050805g.2002.hdf5,70001473,2002,1,0,1,0,20180102,060133,Final,0
akl050805g.10002.hdf5,70001473,10002,1,0,1,0,20180102,060134,Final,0
akl050806g.2002.hdf5,70001474,2002,1,0,1,0,20180102,081836,Final,0
akl050806g.10002.hdf5,70001474,10002,1,0,1,0,20180102,081837,Final,0
akl050806g.1002.hdf5,70001474,1002,1,0,1,0,20180102,083152,Final,0
akl050306g.10002.hdf5,70001475,10002,3,0,1,0,20180102,085021,History,0
akl050306g.1002.hdf5,70001475,1002,3,0,1,0,20180102,085320,History,0
akl050306g.2002.hdf5,70001475,2002,3,0,1,0,20180102,085331,History,0
akl20050306k.001.hdf5,70001475,2002,1,0,1,0,20210930,164901,Final,0
akl20050306t.001.hdf5,70001475,10002,1,0,1,0,20210930,164902,Final,0
akl051106g.1002.hdf5,70001476,1002,1,0,1,0,20180102,070742,Final,0
akl051106g.10002.hdf5,70001476,10002,1,0,1,0,20180102,070743,Final,0
akl051106g.2002.hdf5,70001476,2002,1,0,1,0,20180102,070745,Final,0
akl051006g.10002.hdf5,70001477,10002,1,0,1,0,20180102,064157,Final,0
akl051006g.1002.hdf5,70001477,1002,1,0,1,0,20180102,065310,Final,0
akl051006g.2002.hdf5,70001477,2002,1,0,1,0,20180102,065401,Final,0
akl050207g.1002.hdf5,70001478,1002,3,0,1,0,20180102,065701,History,0
akl050207g.2002.hdf5,70001478,2002,3,0,1,0,20180102,065703,History,0
akl050207g.10002.hdf5,70001478,10002,3,0,1,0,20180102,065703,History,0
akl20050207k.001.hdf5,70001478,2002,1,0,1,0,20210930,152040,Final,0
akl20050207t.001.hdf5,70001478,10002,1,0,1,0,20210930,152042,Final,0
akl050607g.1002.hdf5,70001479,1002,1,0,1,0,20180102,072221,Final,0
akl050607g.10002.hdf5,70001479,10002,1,0,1,0,20180102,072221,Final,0
akl050607g.2002.hdf5,70001479,2002,1,0,1,0,20180102,072238,Final,0
akl051107g.2002.hdf5,70001480,2002,1,0,1,0,20180102,080454,Final,0
akl051107g.1002.hdf5,70001480,1002,1,0,1,0,20180102,082212,Final,0
akl051107g.10002.hdf5,70001480,10002,1,0,1,0,20180102,082214,Final,0
akl051007g.1002.hdf5,70001481,1002,1,0,1,0,20180102,091811,Final,0
akl051007g.2002.hdf5,70001481,2002,1,0,1,0,20180102,091845,Final,0
akl051007g.10002.hdf5,70001481,10002,1,0,1,0,20180102,091846,Final,0
akl050208g.10002.hdf5,70001482,10002,1,0,1,0,20180102,062015,Final,0
akl050208g.2002.hdf5,70001482,2002,1,0,1,0,20180102,062057,Final,0
akl050208g.1002.hdf5,70001482,1002,1,0,1,0,20180102,062842,Final,0
akl051108g.10002.hdf5,70001483,10002,1,0,1,0,20180102,071249,Final,0
akl051108g.1002.hdf5,70001483,1002,1,0,1,0,20180102,073038,Final,0
akl051108g.2002.hdf5,70001483,2002,1,0,1,0,20180102,073155,Final,0
akl051008g.1002.hdf5,70001484,1002,1,0,1,0,20180102,061333,Final,0
akl051008g.10002.hdf5,70001484,10002,1,0,1,0,20180102,061334,Final,0
akl051008g.2002.hdf5,70001484,2002,1,0,1,0,20180102,061420,Final,0
akl050409g.10002.hdf5,70001485,10002,3,0,1,0,20180102,074514,History,0
akl050409g.1002.hdf5,70001485,1002,3,0,1,0,20180102,080054,History,0
akl050409g.2002.hdf5,70001485,2002,3,0,1,0,20180102,080159,History,0
akl20050409k.001.hdf5,70001485,2002,3,0,1,0,20210930,175155,History,0
akl20050409t.001.hdf5,70001485,10002,3,0,1,0,20210930,175157,History,0
akl20050409k.10003.hdf5,70001485,2002,3,0,1,0,20210930,180732,History,0
akl20050409t.10003.hdf5,70001485,10002,3,0,1,0,20210930,180733,History,0
akl20050409k.10004.hdf5,70001485,2002,1,0,1,0,20210930,193308,Final,0
akl20050409t.10004.hdf5,70001485,10002,1,0,1,0,20210930,193310,Final,0
akl050209g.10002.hdf5,70001486,10002,3,0,1,0,20180102,070521,History,0
akl050209g.1002.hdf5,70001486,1002,3,0,1,0,20180102,071340,History,0
akl050209g.2002.hdf5,70001486,2002,3,0,1,0,20180102,071428,History,0
akl20050209k.001.hdf5,70001486,2002,3,0,1,0,20210924,202352,History,0
akl20050209t.001.hdf5,70001486,10002,3,0,1,0,20210924,202353,History,0
akl20050209k.10003.hdf5,70001486,2002,3,0,1,0,20210930,161838,History,0
akl20050209t.10003.hdf5,70001486,10002,3,0,1,0,20210930,161839,History,0
akl20050209k.10004.hdf5,70001486,2002,1,0,1,0,20210930,162455,Final,0
akl20050209t.10004.hdf5,70001486,10002,1,0,1,0,20210930,162456,Final,0
akl050709g.1002.hdf5,70001487,1002,1,0,1,0,20180102,091329,Final,0
akl050709g.10002.hdf5,70001487,10002,1,0,1,0,20180102,091330,Final,0
akl050709g.2002.hdf5,70001487,2002,1,0,1,0,20180102,091358,Final,0
akl051109g.10002.hdf5,70001488,10002,1,0,1,0,20180102,063341,Final,0
akl051109g.1002.hdf5,70001488,1002,1,0,1,0,20180102,064908,Final,0
akl051109g.2002.hdf5,70001488,2002,1,0,1,0,20180102,065009,Final,0
akl050909g.10002.hdf5,70001489,10002,1,0,1,0,20180102,082204,Final,0
akl050909g.2002.hdf5,70001489,2002,1,0,1,0,20180102,082237,Final,0
akl050909g.1002.hdf5,70001489,1002,1,0,1,0,20180102,082835,Final,0
akl050410g.10002.hdf5,70001490,10002,3,0,1,0,20180102,063951,History,0
akl050410g.1002.hdf5,70001490,1002,3,0,1,0,20180102,065143,History,0
akl050410g.2002.hdf5,70001490,2002,3,0,1,0,20180102,065232,History,0
akl20050410k.001.hdf5,70001490,2002,1,0,1,0,20210930,194347,Final,0
akl20050411t.001.hdf5,70001490,10002,1,0,1,0,20210930,194349,Final,0
akl050810g.2002.hdf5,70001491,2002,1,0,1,0,20180102,061425,Final,0
akl050810g.10002.hdf5,70001491,10002,1,0,1,0,20180102,061426,Final,0
akl050810g.1002.hdf5,70001491,1002,1,0,1,0,20180102,061618,Final,0
akl050210g.2002.hdf5,70001492,2002,1,0,1,0,20180102,085516,Final,0
akl050210g.1002.hdf5,70001492,1002,1,0,1,0,20180102,090117,Final,0
akl050210g.10002.hdf5,70001492,10002,1,0,1,0,20180102,090119,Final,0
akl051110g.1002.hdf5,70001493,1002,1,0,1,0,20180102,062842,Final,0
akl051110g.2002.hdf5,70001493,2002,1,0,1,0,20180102,062926,Final,0
akl051110g.10002.hdf5,70001493,10002,1,0,1,0,20180102,062928,Final,0
akl050411g.1002.hdf5,70001494,1002,1,0,1,0,20180102,080909,Final,0
akl050411g.10002.hdf5,70001494,10002,1,0,1,0,20180102,080911,Final,0
akl050411g.2002.hdf5,70001494,2002,1,0,1,0,20180102,081007,Final,0
akl050211g.10002.hdf5,70001495,10002,3,0,1,0,20180102,081522,History,0
akl050211g.2002.hdf5,70001495,2002,3,0,1,0,20180102,081621,History,0
akl050211g.1002.hdf5,70001495,1002,3,0,1,0,20180102,082927,History,0
akl20050211k.001.hdf5,70001495,2002,3,0,1,0,20210924,203222,History,0
akl20050211t.001.hdf5,70001495,10002,3,0,1,0,20210924,203224,History,0
akl20050211k.10003.hdf5,70001495,2002,3,0,1,0,20210924,204232,History,0
akl20050211t.10003.hdf5,70001495,10002,3,0,1,0,20210924,204233,History,0
akl20050211k.10004.hdf5,70001495,2002,3,0,1,0,20210930,163506,History,0
akl20050211t.10004.hdf5,70001495,10002,3,0,1,0,20210930,163507,History,0
akl20050211k.10005.hdf5,70001495,2002,1,0,1,0,20210930,164501,Final,0
akl20050211t.10005.hdf5,70001495,10002,1,0,1,0,20210930,164503,Final,0
akl050311g.2002.hdf5,70001496,2002,3,0,1,0,20180102,070001,History,0
akl050311g.10002.hdf5,70001496,10002,3,0,1,0,20180102,070003,History,0
akl050311g.1002.hdf5,70001496,1002,3,0,1,0,20180102,071302,History,0
akl20050311k.001.hdf5,70001496,2002,1,0,1,0,20210930,165607,Final,0
akl20050311t.001.hdf5,70001496,10002,1,0,1,0,20210930,165608,Final,0
akl051111g.10002.hdf5,70001497,10002,1,0,1,0,20180102,055705,Final,0
akl051111g.2002.hdf5,70001497,2002,1,0,1,0,20180102,055803,Final,0
akl051111g.1002.hdf5,70001497,1002,1,0,1,0,20180102,061025,Final,0
akl050911g.1002.hdf5,70001498,1002,1,0,1,0,20180102,055015,Final,0
akl050911g.10002.hdf5,70001498,10002,1,0,1,0,20180102,055017,Final,0
akl050911g.2002.hdf5,70001498,2002,1,0,1,0,20180102,055116,Final,0
akl050412g.2002.hdf5,70001499,2002,1,0,1,0,20180102,072205,Final,0
akl050412g.10002.hdf5,70001499,10002,1,0,1,0,20180102,072205,Final,0
akl050412g.1002.hdf5,70001499,1002,1,0,1,0,20180102,073230,Final,0
akl050212g.10002.hdf5,70001500,10002,1,0,1,0,20180102,084414,Final,0
akl050212g.1002.hdf5,70001500,1002,1,0,1,0,20180102,085242,Final,0
akl050212g.2002.hdf5,70001500,2002,1,0,1,0,20180102,085323,Final,0
akl050312g.2002.hdf5,70001501,2002,1,0,1,0,20180102,082730,Final,0
akl050312g.1002.hdf5,70001501,1002,1,0,1,0,20180102,084146,Final,0
akl050312g.10002.hdf5,70001501,10002,1,0,1,0,20180102,084148,Final,0
akl050912g.2002.hdf5,70001502,2002,1,0,1,0,20180102,083140,Final,0
akl050912g.1002.hdf5,70001502,1002,1,0,1,0,20180102,084319,Final,0
akl050912g.10002.hdf5,70001502,10002,1,0,1,0,20180102,084320,Final,0
akl050413g.2002.hdf5,70001503,2002,1,0,1,0,20180102,080426,Final,0
akl050413g.1002.hdf5,70001503,1002,1,0,1,0,20180102,081927,Final,0
akl050413g.10002.hdf5,70001503,10002,1,0,1,0,20180102,081928,Final,0
akl050313g.2002.hdf5,70001504,2002,3,0,1,0,20180102,055058,History,0
akl050313g.1002.hdf5,70001504,1002,3,0,1,0,20180102,055703,History,0
akl050313g.10002.hdf5,70001504,10002,3,0,1,0,20180102,055704,History,0
akl20050313k.001.hdf5,70001504,2002,3,0,1,0,20210930,170317,History,0
akl20050313t.001.hdf5,70001504,10002,3,0,1,0,20210930,170318,History,0
akl20050313k.10003.hdf5,70001504,2002,1,0,1,0,20210930,171619,Final,0
akl20050313t.10003.hdf5,70001504,10002,1,0,1,0,20210930,171621,Final,0
akl050414g.2002.hdf5,70001505,2002,3,0,1,0,20180102,081916,History,0
akl050414g.1002.hdf5,70001505,1002,3,0,1,0,20180102,083630,History,0
akl050414g.10002.hdf5,70001505,10002,3,0,1,0,20180102,083631,History,0
akl20050414k.001.hdf5,70001505,2002,1,0,1,0,20210930,195546,Final,0
akl20050414t.001.hdf5,70001505,10002,1,0,1,0,20210930,195549,Final,0
akl050314g.10002.hdf5,70001506,10002,1,0,1,0,20180102,053526,Final,0
akl050314g.1002.hdf5,70001506,1002,1,0,1,0,20180102,054506,Final,0
akl050314g.2002.hdf5,70001506,2002,1,0,1,0,20180102,054545,Final,0
akl050415g.2002.hdf5,70001507,2002,1,0,1,0,20180102,081047,Final,0
akl050415g.10002.hdf5,70001507,10002,1,0,1,0,20180102,081049,Final,0
akl050415g.1002.hdf5,70001507,1002,1,0,1,0,20180102,082541,Final,0
akl050615g.1002.hdf5,70001508,1002,1,0,1,0,20180102,081905,Final,0
akl050615g.2002.hdf5,70001508,2002,1,0,1,0,20180102,081940,Final,0
akl050615g.10002.hdf5,70001508,10002,1,0,1,0,20180102,081942,Final,0
akl050315g.2002.hdf5,70001509,2002,3,0,1,0,20180102,063445,History,0
akl050315g.10002.hdf5,70001509,10002,3,0,1,0,20180102,063447,History,0
akl050315g.1002.hdf5,70001509,1002,3,0,1,0,20180102,064233,History,0
akl20050315k.001.hdf5,70001509,2002,1,0,1,0,20210930,172439,Final,0
akl20050315t.001.hdf5,70001509,10002,1,0,1,0,20210930,172440,Final,0
akl050915g.2002.hdf5,70001510,2002,1,0,1,0,20180102,055410,Final,0
akl050915g.10002.hdf5,70001510,10002,1,0,1,0,20180102,055411,Final,0
akl050915g.1002.hdf5,70001510,1002,1,0,1,0,20180102,055430,Final,0
akl050416g.10002.hdf5,70001511,10002,1,0,1,0,20180102,054102,Final,0
akl050416g.2002.hdf5,70001511,2002,1,0,1,0,20180102,054212,Final,0
akl050416g.1002.hdf5,70001511,1002,1,0,1,0,20180102,055712,Final,0
akl050616g.10002.hdf5,70001512,10002,1,0,1,0,20180102,083719,Final,0
akl050616g.1002.hdf5,70001512,1002,1,0,1,0,20180102,085113,Final,0
akl050616g.2002.hdf5,70001512,2002,1,0,1,0,20180102,085206,Final,0
akl050916g.1002.hdf5,70001513,1002,1,0,1,0,20180102,074438,Final,0
akl050916g.10002.hdf5,70001513,10002,1,0,1,0,20180102,074439,Final,0
akl050916g.2002.hdf5,70001513,2002,1,0,1,0,20180102,074456,Final,0
akl050317g.1002.hdf5,70001514,1002,3,0,1,0,20180102,072232,History,0
akl050317g.2002.hdf5,70001514,2002,3,0,1,0,20180102,072233,History,0
akl20050317k.001.hdf5,70001514,2002,1,0,1,0,20210930,173740,Final,0
akl20050318t.001.hdf5,70001514,10002,1,0,1,0,20210930,173742,Final,0
akl050318g.10002.hdf5,70001515,10002,1,0,1,0,20180102,055714,Final,0
akl050318g.1002.hdf5,70001515,1002,1,0,1,0,20180102,061444,Final,0
akl050318g.2002.hdf5,70001515,2002,1,0,1,0,20180102,061602,Final,0
akl050319g.1002.hdf5,70001516,1002,1,0,1,0,20180102,071451,Final,0
akl050319g.2002.hdf5,70001516,2002,1,0,1,0,20180102,071604,Final,0
akl050319g.10002.hdf5,70001516,10002,1,0,1,0,20180102,071605,Final,0
akl_k_K2005354.asc.hdf5,70001517,2002,1,0,1,0,20180102,082549,Final,0
akl_tn_K2005354.asc.hdf5,70001517,10002,1,0,1,0,20180102,082551,Final,0
akl050320g.2002.hdf5,70001518,2002,1,0,1,0,20180102,074529,Final,0
akl050320g.1002.hdf5,70001518,1002,1,0,1,0,20180102,074808,Final,0
akl050320g.10002.hdf5,70001518,10002,1,0,1,0,20180102,074809,Final,0
akl051221g.10002.hdf5,70001519,10002,1,0,1,0,20180102,054827,Final,0
akl051221g.1002.hdf5,70001519,1002,1,0,1,0,20180102,055616,Final,0
akl051221g.2002.hdf5,70001519,2002,1,0,1,0,20180102,055643,Final,0
akl050521g.1002.hdf5,70001520,1002,1,0,1,0,20180102,081930,Final,0
akl050521g.10002.hdf5,70001520,10002,1,0,1,0,20180102,081931,Final,0
akl050521g.2002.hdf5,70001520,2002,1,0,1,0,20180102,081934,Final,0
akl050921g.1002.hdf5,70001521,1002,1,0,1,0,20180102,070630,Final,0
akl050921g.2002.hdf5,70001521,2002,1,0,1,0,20180102,070636,Final,0
akl050422g.2002.hdf5,70001522,2002,1,0,1,0,20180102,080637,Final,0
akl050422g.1002.hdf5,70001522,1002,1,0,1,0,20180102,080937,Final,0
akl050422g.10002.hdf5,70001522,10002,1,0,1,0,20180102,080938,Final,0
akl051222g.2002.hdf5,70001523,2002,1,0,1,0,20180102,061651,Final,0
akl051222g.10002.hdf5,70001523,10002,1,0,1,0,20180102,061651,Final,0
akl051222g.1002.hdf5,70001523,1002,1,0,1,0,20180102,062504,Final,0
akl050522g.2002.hdf5,70001524,2002,1,0,1,0,20180102,083238,Final,0
akl050522g.10002.hdf5,70001524,10002,1,0,1,0,20180102,083239,Final,0
akl050522g.1002.hdf5,70001524,1002,1,0,1,0,20180102,084405,Final,0
akl050922g.1002.hdf5,70001525,1002,1,0,1,0,20180102,055111,Final,0
akl050922g.10002.hdf5,70001525,10002,1,0,1,0,20180102,055112,Final,0
akl050922g.2002.hdf5,70001525,2002,1,0,1,0,20180102,055148,Final,0
akl050423g.1002.hdf5,70001526,1002,1,0,1,0,20180102,070851,Final,0
akl050423g.2002.hdf5,70001526,2002,1,0,1,0,20180102,070854,Final,0
akl051223g.1002.hdf5,70001527,1002,1,0,1,0,20180102,085117,Final,0
akl051223g.10002.hdf5,70001527,10002,1,0,1,0,20180102,085118,Final,0
akl051223g.2002.hdf5,70001527,2002,1,0,1,0,20180102,085226,Final,0
akl050323g.1002.hdf5,70001528,1002,1,0,1,0,20180102,072924,Final,0
akl050323g.2002.hdf5,70001528,2002,1,0,1,0,20180102,072957,Final,0
akl050323g.10002.hdf5,70001528,10002,1,0,1,0,20180102,072957,Final,0
akl050923g.2002.hdf5,70001529,2002,1,0,1,0,20180102,083003,Final,0
akl050923g.1002.hdf5,70001529,1002,1,0,1,0,20180102,084545,Final,0
akl050923g.10002.hdf5,70001529,10002,1,0,1,0,20180102,084547,Final,0
akl050424g.2002.hdf5,70001530,2002,1,0,1,0,20180102,062438,Final,0
akl050424g.10002.hdf5,70001530,10002,1,0,1,0,20180102,062439,Final,0
akl050424g.1002.hdf5,70001530,1002,1,0,1,0,20180102,062835,Final,0
akl_k_K2005115.asc.hdf5,70001531,2002,1,0,1,0,20180102,061514,Final,0
akl_tn_K2005115.asc.hdf5,70001531,10002,1,0,1,0,20180102,061516,Final,0
akl050426g.2002.hdf5,70001532,2002,1,0,1,0,20180102,053544,Final,0
akl050426g.1002.hdf5,70001532,1002,1,0,1,0,20180102,054055,Final,0
akl050426g.10002.hdf5,70001532,10002,1,0,1,0,20180102,054056,Final,0
akl050526g.2002.hdf5,70001533,2002,1,0,1,0,20180102,082604,Final,0
akl050526g.10002.hdf5,70001533,10002,1,0,1,0,20180102,082605,Final,0
akl050526g.1002.hdf5,70001533,1002,1,0,1,0,20180102,082630,Final,0
akl051026g.10002.hdf5,70001534,10002,1,0,1,0,20180102,085004,Final,0
akl051026g.1002.hdf5,70001534,1002,1,0,1,0,20180102,085200,Final,0
akl051026g.2002.hdf5,70001534,2002,1,0,1,0,20180102,085205,Final,0
akl_tn_K2005117.asc.hdf5,70001535,10002,1,0,1,0,20180102,072716,Final,0
akl_k_K2005117.asc.hdf5,70001535,2002,1,0,1,0,20180102,072736,Final,0
akl050527g.2002.hdf5,70001536,2002,1,0,1,0,20180102,085940,Final,0
akl050527g.10002.hdf5,70001536,10002,1,0,1,0,20180102,085941,Final,0
akl050527g.1002.hdf5,70001536,1002,1,0,1,0,20180102,090946,Final,0
akl051027g.1002.hdf5,70001537,1002,1,0,1,0,20180102,064117,Final,0
akl051027g.2002.hdf5,70001537,2002,1,0,1,0,20180102,064232,Final,0
akl051027g.10002.hdf5,70001537,10002,1,0,1,0,20180102,064234,Final,0
akl050428g.10002.hdf5,70001538,10002,1,0,1,0,20180102,053515,Final,0
akl050428g.1002.hdf5,70001538,1002,1,0,1,0,20180102,054403,Final,0
akl050428g.2002.hdf5,70001538,2002,1,0,1,0,20180102,054436,Final,0
akl050429g.10002.hdf5,70001539,10002,1,0,1,0,20180102,085049,Final,0
akl050429g.1002.hdf5,70001539,1002,1,0,1,0,20180102,085827,Final,0
akl050429g.2002.hdf5,70001539,2002,1,0,1,0,20180102,085858,Final,0
arg050907g.001.hdf5,70001540,2010,3,0,1,0,20170515,153122,History,0
aro20050907mrag.001.hdf5,70001540,2010,1,0,1,0,20170515,153122,Final,0
arg051117g.001.hdf5,70001541,2010,3,0,1,0,20170515,153131,History,0
aro20051117mrag.001.hdf5,70001541,2010,1,0,1,0,20170515,153131,‘Final’,0
arl050907g.001.hdf5,70001542,2010,1,0,1,0,20170515,153151,Final,0
arl051117g.001.hdf5,70001543,2010,1,0,1,0,20170515,153155,Final,0
aro050907g.001.hdf5,70001544,2011,3,0,1,0,20170515,153140,History,0
aro20050907vecF.000.hdf5,70001544,2011,1,0,1,0,20170515,153140,Preliminary - final calibration pending,0
aro051117g.001.hdf5,70001545,2011,3,0,1,0,20170515,153140,History,0
aro20051117vecF.000.hdf5,70001545,2011,1,0,1,0,20170515,153140,Preliminary - final calibration pending,0
asl20050907.001.hdf5,70001546,7150,1,0,1,0,20180110,020559,Final,0
asl20050209.001.hdf5,70001547,7150,1,0,1,0,20180110,013754,Final,0
asl20050909.001.hdf5,70001548,7150,1,0,1,0,20180110,054931,Final,0
asl20050210.001.hdf5,70001549,7150,1,0,1,0,20180110,021156,Final,0
asl20050211.001.hdf5,70001550,7150,1,0,1,0,20180110,031013,Final,0
asl20051110.001.hdf5,70001551,7150,1,0,1,0,20180110,031332,Final,0
asl20050910.001.hdf5,70001552,7150,1,0,1,0,20180110,040221,Final,0
asl20050911.001.hdf5,70001553,7150,1,0,1,0,20180110,022641,Final,0
aai20060401.00001.hdf5,70001554,20,1,0,1,0,20170515,165855,Final,0
aai20060701.00001.hdf5,70001555,20,1,0,1,0,20170515,165856,Final,0
aai20060601.00001.hdf5,70001556,20,1,0,1,0,20170515,165854,Final,0
aai20060501.00001.hdf5,70001557,20,1,0,1,0,20170515,165856,Final,0
aai20061001.00001.hdf5,70001558,20,1,0,1,0,20170515,165856,Final,0
aai20060402.00001.hdf5,70001559,20,1,0,1,0,20170515,165855,Final,0
aai20060702.00001.hdf5,70001560,20,1,0,1,0,20170515,165854,Final,0
aai20060602.00001.hdf5,70001561,20,1,0,1,0,20170515,165855,Final,0
aai20060502.00001.hdf5,70001562,20,1,0,1,0,20170515,165856,Final,0
aai20060403.00001.hdf5,70001563,20,1,0,1,0,20170515,165856,Final,0
aai20060703.00001.hdf5,70001564,20,1,0,1,0,20170515,165856,Final,0
aai20060603.00001.hdf5,70001565,20,1,0,1,0,20170515,165856,Final,0
aai20060503.00001.hdf5,70001566,20,1,0,1,0,20170515,165855,Final,0
aai20060404.00001.hdf5,70001567,20,1,0,1,0,20170515,165855,Final,0
aai20060704.00001.hdf5,70001568,20,1,0,1,0,20170515,165855,Final,0
aai20060604.00001.hdf5,70001569,20,1,0,1,0,20170515,165854,Final,0
aai20060504.00001.hdf5,70001570,20,1,0,1,0,20170515,165856,Final,0
aai20060405.00001.hdf5,70001571,20,1,0,1,0,20170515,165854,Final,0
aai20060205.00001.hdf5,70001572,20,1,0,1,0,20170515,165855,Final,0
aai20060605.00001.hdf5,70001573,20,1,0,1,0,20170515,165854,Final,0
aai20060505.00001.hdf5,70001574,20,1,0,1,0,20170515,165855,Final,0
aai20060406.00001.hdf5,70001575,20,1,0,1,0,20170515,165856,Final,0
aai20060206.00001.hdf5,70001576,20,1,0,1,0,20170515,165855,Final,0
aai20060606.00001.hdf5,70001577,20,1,0,1,0,20170515,165856,Final,0
aai20060506.00001.hdf5,70001578,20,1,0,1,0,20170515,165854,Final,0
aai20060407.00001.hdf5,70001579,20,1,0,1,0,20170515,165856,Final,0
aai20060207.00001.hdf5,70001580,20,1,0,1,0,20170515,165855,Final,0
aai20060607.00001.hdf5,70001581,20,1,0,1,0,20170515,165854,Final,0
aai20060507.00001.hdf5,70001582,20,1,0,1,0,20170515,165855,Final,0
aai20060408.00001.hdf5,70001583,20,1,0,1,0,20170515,165854,Final,0
aai20060208.00001.hdf5,70001584,20,1,0,1,0,20170515,165854,Final,0
aai20060608.00001.hdf5,70001585,20,1,0,1,0,20170515,165855,Final,0
aai20060508.00001.hdf5,70001586,20,1,0,1,0,20170515,165854,Final,0
aai20060409.00001.hdf5,70001587,20,1,0,1,0,20170515,165855,Final,0
aai20060110.00001.hdf5,70001588,20,1,0,1,0,20170515,165854,Final,0
aai20060910.00001.hdf5,70001589,20,1,0,1,0,20170515,165855,Final,0
aai20060111.00001.hdf5,70001590,20,1,0,1,0,20170515,165856,Final,0
aai20061011.00001.hdf5,70001591,20,1,0,1,0,20170515,165855,Final,0
aai20060911.00001.hdf5,70001592,20,1,0,1,0,20170515,165855,Final,0
aai20060112.00001.hdf5,70001593,20,1,0,1,0,20170515,165855,Final,0
aai20061012.00001.hdf5,70001594,20,1,0,1,0,20170515,165855,Final,0
aai20060912.00001.hdf5,70001595,20,1,0,1,0,20170515,165855,Final,0
aai20061013.00001.hdf5,70001596,20,1,0,1,0,20170515,165854,Final,0
aai20060913.00001.hdf5,70001597,20,1,0,1,0,20170515,165856,Final,0
aai20061014.00001.hdf5,70001598,20,1,0,1,0,20170515,165855,Final,0
aai20060914.00001.hdf5,70001599,20,1,0,1,0,20170515,165855,Final,0
aai20061015.00001.hdf5,70001600,20,1,0,1,0,20170515,165855,Final,0
aai20060915.00001.hdf5,70001601,20,1,0,1,0,20170515,165855,Final,0
aai20060616.00001.hdf5,70001602,20,1,0,1,0,20170515,165856,Final,0
aai20061016.00001.hdf5,70001603,20,1,0,1,0,20170515,165855,Final,0
aai20060916.00001.hdf5,70001604,20,1,0,1,0,20170515,165854,Final,0
aai20061017.00001.hdf5,70001605,20,1,0,1,0,20170515,165855,Final,0
aai20060917.00001.hdf5,70001606,20,1,0,1,0,20170515,165855,Final,0
aai20060418.00001.hdf5,70001607,20,1,0,1,0,20170515,165856,Final,0
aai20060318.00001.hdf5,70001608,20,1,0,1,0,20170515,165855,Final,0
aai20060918.00001.hdf5,70001609,20,1,0,1,0,20170515,165854,Final,0
aai20060419.00001.hdf5,70001610,20,1,0,1,0,20170515,165855,Final,0
aai20061219.00001.hdf5,70001611,20,1,0,1,0,20170515,165854,Final,0
aai20060219.00001.hdf5,70001612,20,1,0,1,0,20170515,165856,Final,0
aai20060319.00001.hdf5,70001613,20,1,0,1,0,20170515,165855,Final,0
aai20060420.00001.hdf5,70001614,20,1,0,1,0,20170515,165855,Final,0
aai20061220.00001.hdf5,70001615,20,1,0,1,0,20170515,165855,Final,0
aai20060220.00001.hdf5,70001616,20,1,0,1,0,20170515,165855,Final,0
aai20060320.00001.hdf5,70001617,20,1,0,1,0,20170515,165855,Final,0
aai20060421.00001.hdf5,70001618,20,1,0,1,0,20170515,165856,Final,0
aai20061221.00001.hdf5,70001619,20,1,0,1,0,20170515,165854,Final,0
aai20060221.00001.hdf5,70001620,20,1,0,1,0,20170515,165855,Final,0
aai20060121.00001.hdf5,70001621,20,1,0,1,0,20170515,165855,Final,0
aai20060321.00001.hdf5,70001622,20,1,0,1,0,20170515,165855,Final,0
aai20060422.00001.hdf5,70001623,20,1,0,1,0,20170515,165855,Final,0
aai20061222.00001.hdf5,70001624,20,1,0,1,0,20170515,165854,Final,0
aai20060222.00001.hdf5,70001625,20,1,0,1,0,20170515,165854,Final,0
aai20060122.00001.hdf5,70001626,20,1,0,1,0,20170515,165855,Final,0
aai20060322.00001.hdf5,70001627,20,1,0,1,0,20170515,165854,Final,0
aai20060922.00001.hdf5,70001628,20,1,0,1,0,20170515,165855,Final,0
aai20060423.00001.hdf5,70001629,20,1,0,1,0,20170515,165856,Final,0
aai20060823.00001.hdf5,70001630,20,1,0,1,0,20170515,165856,Final,0
aai20061223.00001.hdf5,70001631,20,1,0,1,0,20170515,165855,Final,0
aai20060223.00001.hdf5,70001632,20,1,0,1,0,20170515,165855,Final,0
aai20060123.00001.hdf5,70001633,20,1,0,1,0,20170515,165855,Final,0
aai20060323.00001.hdf5,70001634,20,1,0,1,0,20170515,165855,Final,0
aai20060923.00001.hdf5,70001635,20,1,0,1,0,20170515,165855,Final,0
aai20060424.00001.hdf5,70001636,20,1,0,1,0,20170515,165855,Final,0
aai20061224.00001.hdf5,70001637,20,1,0,1,0,20170515,165854,Final,0
aai20060224.00001.hdf5,70001638,20,1,0,1,0,20170515,165854,Final,0
aai20060124.00001.hdf5,70001639,20,1,0,1,0,20170515,165855,Final,0
aai20060524.00001.hdf5,70001640,20,1,0,1,0,20170515,165856,Final,0
aai20060924.00001.hdf5,70001641,20,1,0,1,0,20170515,165855,Final,0
aai20060425.00001.hdf5,70001642,20,1,0,1,0,20170515,165854,Final,0
aai20061225.00001.hdf5,70001643,20,1,0,1,0,20170515,165855,Final,0
aai20060225.00001.hdf5,70001644,20,1,0,1,0,20170515,165856,Final,0
aai20060125.00001.hdf5,70001645,20,1,0,1,0,20170515,165855,Final,0
aai20060725.00001.hdf5,70001646,20,1,0,1,0,20170515,165854,Final,0
aai20060325.00001.hdf5,70001647,20,1,0,1,0,20170515,165854,Final,0
aai20060525.00001.hdf5,70001648,20,1,0,1,0,20170515,165855,Final,0
aai20060925.00001.hdf5,70001649,20,1,0,1,0,20170515,165855,Final,0
aai20060426.00001.hdf5,70001650,20,1,0,1,0,20170515,165855,Final,0
aai20061226.00001.hdf5,70001651,20,1,0,1,0,20170515,165855,Final,0
aai20060226.00001.hdf5,70001652,20,1,0,1,0,20170515,165855,Final,0
aai20060126.00001.hdf5,70001653,20,1,0,1,0,20170515,165855,Final,0
aai20060726.00001.hdf5,70001654,20,1,0,1,0,20170515,165855,Final,0
aai20060326.00001.hdf5,70001655,20,1,0,1,0,20170515,165855,Final,0
aai20060526.00001.hdf5,70001656,20,1,0,1,0,20170515,165855,Final,0
aai20060926.00001.hdf5,70001657,20,1,0,1,0,20170515,165855,Final,0
aai20060427.00001.hdf5,70001658,20,1,0,1,0,20170515,165855,Final,0
aai20061227.00001.hdf5,70001659,20,1,0,1,0,20170515,165854,Final,0
aai20060227.00001.hdf5,70001660,20,1,0,1,0,20170515,165856,Final,0
aai20060127.00001.hdf5,70001661,20,1,0,1,0,20170515,165855,Final,0
aai20060727.00001.hdf5,70001662,20,1,0,1,0,20170515,165855,Final,0
aai20060327.00001.hdf5,70001663,20,1,0,1,0,20170515,165854,Final,0
aai20060527.00001.hdf5,70001664,20,1,0,1,0,20170515,165855,Final,0
aai20060927.00001.hdf5,70001665,20,1,0,1,0,20170515,165855,Final,0
aai20060428.00001.hdf5,70001666,20,1,0,1,0,20170515,165854,Final,0
aai20061228.00001.hdf5,70001667,20,1,0,1,0,20170515,165855,Final,0
aai20060128.00001.hdf5,70001668,20,1,0,1,0,20170515,165856,Final,0
aai20060728.00001.hdf5,70001669,20,1,0,1,0,20170515,165855,Final,0
aai20060628.00001.hdf5,70001670,20,1,0,1,0,20170515,165855,Final,0
aai20060328.00001.hdf5,70001671,20,1,0,1,0,20170515,165855,Final,0
aai20060528.00001.hdf5,70001672,20,1,0,1,0,20170515,165855,Final,0
aai20060429.00001.hdf5,70001673,20,1,0,1,0,20170515,165855,Final,0
aai20060829.00001.hdf5,70001674,20,1,0,1,0,20170515,165854,Final,0
aai20061229.00001.hdf5,70001675,20,1,0,1,0,20170515,165856,Final,0
aai20060129.00001.hdf5,70001676,20,1,0,1,0,20170515,165855,Final,0
aai20060729.00001.hdf5,70001677,20,1,0,1,0,20170515,165855,Final,0
aai20060629.00001.hdf5,70001678,20,1,0,1,0,20170515,165855,Final,0
aai20060329.00001.hdf5,70001679,20,1,0,1,0,20170515,165855,Final,0
aai20060529.00001.hdf5,70001680,20,1,0,1,0,20170515,165855,Final,0
aai20060430.00001.hdf5,70001681,20,1,0,1,0,20170515,165854,Final,0
aai20061230.00001.hdf5,70001682,20,1,0,1,0,20170515,165855,Final,0
aai20060130.00001.hdf5,70001683,20,1,0,1,0,20170515,165856,Final,0
aai20060730.00001.hdf5,70001684,20,1,0,1,0,20170515,165855,Final,0
aai20060630.00001.hdf5,70001685,20,1,0,1,0,20170515,165856,Final,0
aai20060330.00001.hdf5,70001686,20,1,0,1,0,20170515,165855,Final,0
aai20060530.00001.hdf5,70001687,20,1,0,1,0,20170515,165856,Final,0
aai20061231.00001.hdf5,70001688,20,1,0,1,0,20170515,165856,Final,0
aai20060131.00001.hdf5,70001689,20,1,0,1,0,20170515,165855,Final,0
aai20060331.00001.hdf5,70001690,20,1,0,1,0,20170515,165854,Final,0
akl060403g.1002.hdf5,70001691,1002,1,0,1,0,20180102,071615,Final,0
akl060403g.2002.hdf5,70001691,2002,1,0,1,0,20180102,071657,Final,0
akl060403g.10002.hdf5,70001691,10002,1,0,1,0,20180102,071658,Final,0
akl060703g.1002.hdf5,70001692,1002,1,0,1,0,20180102,074647,Final,0
akl060703g.10002.hdf5,70001692,10002,1,0,1,0,20180102,074648,Final,0
akl060703g.2002.hdf5,70001692,2002,1,0,1,0,20180102,074719,Final,0
akl060112g.1002.hdf5,70001693,1002,1,0,1,0,20180102,071635,Final,0
akl060112g.10002.hdf5,70001693,10002,1,0,1,0,20180102,071636,Final,0
akl060112g.2002.hdf5,70001693,2002,1,0,1,0,20180102,071651,Final,0
akl061215g.10002.hdf5,70001694,10002,1,0,1,0,20180102,083924,Final,0
akl061215g.1002.hdf5,70001694,1002,1,0,1,0,20180102,084033,Final,0
akl061215g.2002.hdf5,70001694,2002,1,0,1,0,20180102,084039,Final,0
akl061216g.1002.hdf5,70001695,1002,1,0,1,0,20180102,091314,Final,0
akl061216g.2002.hdf5,70001695,2002,1,0,1,0,20180102,091351,Final,0
akl061216g.10002.hdf5,70001695,10002,1,0,1,0,20180102,091351,Final,0
akl061117g.10002.hdf5,70001696,10002,1,0,1,0,20180102,090127,Final,0
akl061117g.1002.hdf5,70001696,1002,1,0,1,0,20180102,091353,Final,0
akl061117g.2002.hdf5,70001696,2002,1,0,1,0,20180102,091422,Final,0
akl061118g.2002.hdf5,70001697,2002,1,0,1,0,20180102,072727,Final,0
akl061118g.10002.hdf5,70001697,10002,1,0,1,0,20180102,072729,Final,0
akl061118g.1002.hdf5,70001697,1002,1,0,1,0,20180102,073936,Final,0
akl_k_K2006109.asc.hdf5,70001698,2002,1,0,1,0,20180102,072531,Final,0
akl_tn_K2006109.asc.hdf5,70001698,10002,1,0,1,0,20180102,072532,Final,0
akl061119g.1002.hdf5,70001699,1002,1,0,1,0,20180102,055809,Final,0
akl061119g.2002.hdf5,70001699,2002,1,0,1,0,20180102,055850,Final,0
akl061119g.10002.hdf5,70001699,10002,1,0,1,0,20180102,055851,Final,0
akl060420g.2002.hdf5,70001700,2002,1,0,1,0,20180102,072020,Final,0
akl060420g.1002.hdf5,70001700,1002,1,0,1,0,20180102,072322,Final,0
akl060420g.10002.hdf5,70001700,10002,1,0,1,0,20180102,072323,Final,0
akl061120g.2002.hdf5,70001701,2002,1,0,1,0,20180102,081507,Final,0
akl061120g.1002.hdf5,70001701,1002,1,0,1,0,20180102,082417,Final,0
akl061120g.10002.hdf5,70001701,10002,1,0,1,0,20180102,082419,Final,0
akl060921g.10002.hdf5,70001702,10002,1,0,1,0,20180102,084811,Final,0
akl060921g.1002.hdf5,70001702,1002,1,0,1,0,20180102,090128,Final,0
akl060921g.2002.hdf5,70001702,2002,1,0,1,0,20180102,090226,Final,0
akl060922g.1002.hdf5,70001703,1002,1,0,1,0,20180102,080222,Final,0
akl060922g.10002.hdf5,70001703,10002,1,0,1,0,20180102,080224,Final,0
akl060922g.2002.hdf5,70001703,2002,1,0,1,0,20180102,080325,Final,0
akl060123g.1002.hdf5,70001704,1002,1,0,1,0,20180102,084814,Final,0
akl060123g.2002.hdf5,70001704,2002,1,0,1,0,20180102,084820,Final,0
akl060123g.10002.hdf5,70001704,10002,1,0,1,0,20180102,084821,Final,0
akl060923g.2002.hdf5,70001705,2002,1,0,1,0,20180102,065417,Final,0
akl060923g.1002.hdf5,70001705,1002,1,0,1,0,20180102,070435,Final,0
akl060923g.10002.hdf5,70001705,10002,1,0,1,0,20180102,070436,Final,0
akl060124g.10002.hdf5,70001706,10002,1,0,1,0,20180102,081735,Final,0
akl060124g.2002.hdf5,70001706,2002,1,0,1,0,20180102,081822,Final,0
akl060124g.1002.hdf5,70001706,1002,1,0,1,0,20180102,083636,Final,0
akl060924g.10002.hdf5,70001707,10002,1,0,1,0,20180102,061025,Final,0
akl060924g.2002.hdf5,70001707,2002,1,0,1,0,20180102,061119,Final,0
akl060924g.1002.hdf5,70001707,1002,1,0,1,0,20180102,062419,Final,0
akl060125g.1002.hdf5,70001708,1002,1,0,1,0,20180102,085126,Final,0
akl060125g.2002.hdf5,70001708,2002,1,0,1,0,20180102,085240,Final,0
akl060125g.10002.hdf5,70001708,10002,1,0,1,0,20180102,085242,Final,0
akl060426g.10002.hdf5,70001709,10002,1,0,1,0,20180102,064529,Final,0
akl060426g.1002.hdf5,70001709,1002,1,0,1,0,20180102,065212,Final,0
akl060426g.2002.hdf5,70001709,2002,1,0,1,0,20180102,065244,Final,0
akl060126g.1002.hdf5,70001710,1002,1,0,1,0,20180102,060954,Final,0
akl060126g.10002.hdf5,70001710,10002,1,0,1,0,20180102,060956,Final,0
akl060126g.2002.hdf5,70001710,2002,1,0,1,0,20180102,061101,Final,0
akl060829g.2002.hdf5,70001711,2002,1,0,1,0,20180102,090304,Final,0
akl060829g.1002.hdf5,70001711,1002,1,0,1,0,20180102,091019,Final,0
akl060829g.10002.hdf5,70001711,10002,1,0,1,0,20180102,091019,Final,0
akl060830g.2002.hdf5,70001712,2002,1,0,1,0,20180102,061953,Final,0
akl060830g.1002.hdf5,70001712,1002,1,0,1,0,20180102,062721,Final,0
akl060830g.10002.hdf5,70001712,10002,1,0,1,0,20180102,062722,Final,0
akl060130g.1002.hdf5,70001713,1002,1,0,1,0,20180102,082336,Final,0
akl060130g.10002.hdf5,70001713,10002,1,0,1,0,20180102,082337,Final,0
akl060130g.2002.hdf5,70001713,2002,1,0,1,0,20180102,082341,Final,0
akl060530g.1002.hdf5,70001714,1002,1,0,1,0,20180102,063348,Final,0
akl060530g.10002.hdf5,70001714,10002,1,0,1,0,20180102,063350,Final,0
akl060530g.2002.hdf5,70001714,2002,1,0,1,0,20180102,063409,Final,0
akl060131g.1002.hdf5,70001715,1002,1,0,1,0,20180102,072841,Final,0
akl060131g.2002.hdf5,70001715,2002,1,0,1,0,20180102,072918,Final,0
akl060131g.10002.hdf5,70001715,10002,1,0,1,0,20180102,072919,Final,0
akl060531g.10002.hdf5,70001716,10002,1,0,1,0,20180102,084548,Final,0
akl060531g.1002.hdf5,70001716,1002,1,0,1,0,20180102,085624,Final,0
akl060531g.2002.hdf5,70001716,2002,1,0,1,0,20180102,085650,Final,0
arg060626g.001.hdf5,70001717,2010,1,0,1,0,20170515,165817,Final,0
arl060626g.001.hdf5,70001718,2010,1,0,1,0,20170515,165846,Final,0
aro060626g.001.hdf5,70001719,2011,1,0,1,0,20170515,165826,Final,0
asl20060130.001.hdf5,70001720,7150,1,0,1,0,20180110,033005,Final,0
aai20070401.00001.hdf5,70001721,20,1,0,1,0,20160607,005335,Final,0
aai20070801.00001.hdf5,70001722,20,1,0,1,0,20160607,005327,Final,0
aai20070601.00001.hdf5,70001723,20,1,0,1,0,20160607,005335,Final,0
aai20071001.00001.hdf5,70001724,20,1,0,1,0,20160607,005341,Final,0
aai20070802.00001.hdf5,70001725,20,1,0,1,0,20160607,005339,Final,0
aai20070702.00001.hdf5,70001726,20,1,0,1,0,20160607,005333,Final,0
aai20070602.00001.hdf5,70001727,20,1,0,1,0,20160607,005332,Final,0
aai20071002.00001.hdf5,70001728,20,1,0,1,0,20160607,005325,Final,0
aai20070803.00001.hdf5,70001729,20,1,0,1,0,20160607,005326,Final,0
aai20070703.00001.hdf5,70001730,20,1,0,1,0,20160607,005318,Final,0
aai20070603.00001.hdf5,70001731,20,1,0,1,0,20160607,005323,Final,0
aai20070404.00001.hdf5,70001732,20,1,0,1,0,20160607,005337,Final,0
aai20070804.00001.hdf5,70001733,20,1,0,1,0,20160607,005328,Final,0
aai20070204.00001.hdf5,70001734,20,1,0,1,0,20160607,005328,Final,0
aai20070704.00001.hdf5,70001735,20,1,0,1,0,20160607,005342,Final,0
aai20070604.00001.hdf5,70001736,20,1,0,1,0,20160607,005317,Final,0
aai20070504.00001.hdf5,70001737,20,1,0,1,0,20160607,005340,Final,0
aai20070405.00001.hdf5,70001738,20,1,0,1,0,20160607,005323,Final,0
aai20070805.00001.hdf5,70001739,20,1,0,1,0,20160607,005333,Final,0
aai20070205.00001.hdf5,70001740,20,1,0,1,0,20160607,005324,Final,0
aai20070705.00001.hdf5,70001741,20,1,0,1,0,20160607,005333,Final,0
aai20070605.00001.hdf5,70001742,20,1,0,1,0,20160607,005333,Final,0
aai20070305.00001.hdf5,70001743,20,1,0,1,0,20160607,005332,Final,0
aai20070505.00001.hdf5,70001744,20,1,0,1,0,20160607,005339,Final,0
aai20070806.00001.hdf5,70001745,20,1,0,1,0,20160607,005324,Final,0
aai20070206.00001.hdf5,70001746,20,1,0,1,0,20160607,005339,Final,0
aai20070706.00001.hdf5,70001747,20,1,0,1,0,20160607,005316,Final,0
aai20070606.00001.hdf5,70001748,20,1,0,1,0,20160607,005330,Final,0
aai20070306.00001.hdf5,70001749,20,1,0,1,0,20160607,005337,Final,0
aai20070506.00001.hdf5,70001750,20,1,0,1,0,20160607,005336,Final,0
aai20070807.00001.hdf5,70001751,20,1,0,1,0,20160607,005339,Final,0
aai20070207.00001.hdf5,70001752,20,1,0,1,0,20160607,005336,Final,0
aai20070607.00001.hdf5,70001753,20,1,0,1,0,20160607,005318,Final,0
aai20070307.00001.hdf5,70001754,20,1,0,1,0,20160607,005332,Final,0
aai20070507.00001.hdf5,70001755,20,1,0,1,0,20160607,005334,Final,0
aai20070907.00001.hdf5,70001756,20,1,0,1,0,20160607,005340,Final,0
aai20070808.00001.hdf5,70001757,20,1,0,1,0,20160607,005335,Final,0
aai20070208.00001.hdf5,70001758,20,1,0,1,0,20160607,005316,Final,0
aai20070608.00001.hdf5,70001759,20,1,0,1,0,20160607,005320,Final,0
aai20070308.00001.hdf5,70001760,20,1,0,1,0,20160607,005327,Final,0
aai20070508.00001.hdf5,70001761,20,1,0,1,0,20160607,005339,Final,0
aai20070908.00001.hdf5,70001762,20,1,0,1,0,20160607,005316,Final,0
aai20070809.00001.hdf5,70001763,20,1,0,1,0,20160607,005320,Final,0
aai20070209.00001.hdf5,70001764,20,1,0,1,0,20160607,005319,Final,0
aai20070609.00001.hdf5,70001765,20,1,0,1,0,20160607,005326,Final,0
aai20070309.00001.hdf5,70001766,20,1,0,1,0,20160607,005322,Final,0
aai20070509.00001.hdf5,70001767,20,1,0,1,0,20160607,005332,Final,0
aai20070909.00001.hdf5,70001768,20,1,0,1,0,20160607,005328,Final,0
aai20070810.00001.hdf5,70001769,20,1,0,1,0,20160607,005317,Final,0
aai20070210.00001.hdf5,70001770,20,1,0,1,0,20160607,005331,Final,0
aai20070110.00001.hdf5,70001771,20,1,0,1,0,20160607,005321,Final,0
aai20070610.00001.hdf5,70001772,20,1,0,1,0,20160607,005321,Final,0
aai20070310.00001.hdf5,70001773,20,1,0,1,0,20160607,005319,Final,0
aai20070510.00001.hdf5,70001774,20,1,0,1,0,20160607,005330,Final,0
aai20070910.00001.hdf5,70001775,20,1,0,1,0,20160607,005338,Final,0
aai20070811.00001.hdf5,70001776,20,1,0,1,0,20160607,005324,Final,0
aai20070211.00001.hdf5,70001777,20,1,0,1,0,20160607,005318,Final,0
aai20070111.00001.hdf5,70001778,20,1,0,1,0,20160607,005327,Final,0
aai20070611.00001.hdf5,70001779,20,1,0,1,0,20160607,005334,Final,0
aai20070311.00001.hdf5,70001780,20,1,0,1,0,20160607,005317,Final,0
aai20070511.00001.hdf5,70001781,20,1,0,1,0,20160607,005338,Final,0
aai20071011.00001.hdf5,70001782,20,1,0,1,0,20160607,005339,Final,0
aai20070911.00001.hdf5,70001783,20,1,0,1,0,20160607,005330,Final,0
aai20070412.00001.hdf5,70001784,20,1,0,1,0,20160607,005331,Final,0
aai20070812.00001.hdf5,70001785,20,1,0,1,0,20160607,005327,Final,0
aai20070212.00001.hdf5,70001786,20,1,0,1,0,20160607,005333,Final,0
aai20070112.00001.hdf5,70001787,20,1,0,1,0,20160607,005337,Final,0
aai20070612.00001.hdf5,70001788,20,1,0,1,0,20160607,005321,Final,0
aai20070312.00001.hdf5,70001789,20,1,0,1,0,20160607,005336,Final,0
aai20070512.00001.hdf5,70001790,20,1,0,1,0,20160607,005320,Final,0
aai20071012.00001.hdf5,70001791,20,1,0,1,0,20160607,005324,Final,0
aai20070912.00001.hdf5,70001792,20,1,0,1,0,20160607,005324,Final,0
aai20070813.00001.hdf5,70001793,20,1,0,1,0,20160607,005338,Final,0
aai20070213.00001.hdf5,70001794,20,1,0,1,0,20160607,005331,Final,0
aai20070113.00001.hdf5,70001795,20,1,0,1,0,20160607,005326,Final,0
aai20070613.00001.hdf5,70001796,20,1,0,1,0,20160607,005325,Final,0
aai20070313.00001.hdf5,70001797,20,1,0,1,0,20160607,005340,Final,0
aai20070513.00001.hdf5,70001798,20,1,0,1,0,20160607,005331,Final,0
aai20071013.00001.hdf5,70001799,20,1,0,1,0,20160607,005334,Final,0
aai20070913.00001.hdf5,70001800,20,1,0,1,0,20160607,005316,Final,0
aai20070814.00001.hdf5,70001801,20,1,0,1,0,20160607,005321,Final,0
aai20070214.00001.hdf5,70001802,20,1,0,1,0,20160607,005324,Final,0
aai20070114.00001.hdf5,70001803,20,1,0,1,0,20160607,005325,Final,0
aai20070614.00001.hdf5,70001804,20,1,0,1,0,20160607,005334,Final,0
aai20070314.00001.hdf5,70001805,20,1,0,1,0,20160607,005329,Final,0
aai20070514.00001.hdf5,70001806,20,1,0,1,0,20160607,005323,Final,0
aai20071014.00001.hdf5,70001807,20,1,0,1,0,20160607,005341,Final,0
aai20070914.00001.hdf5,70001808,20,1,0,1,0,20160607,005319,Final,0
aai20070815.00001.hdf5,70001809,20,1,0,1,0,20160607,005322,Final,0
aai20070215.00001.hdf5,70001810,20,1,0,1,0,20160607,005325,Final,0
aai20070115.00001.hdf5,70001811,20,1,0,1,0,20160607,005316,Final,0
aai20070615.00001.hdf5,70001812,20,1,0,1,0,20160607,005323,Final,0
aai20070315.00001.hdf5,70001813,20,1,0,1,0,20160607,005321,Final,0
aai20070515.00001.hdf5,70001814,20,1,0,1,0,20160607,005337,Final,0
aai20071015.00001.hdf5,70001815,20,1,0,1,0,20160607,005338,Final,0
aai20070915.00001.hdf5,70001816,20,1,0,1,0,20160607,005326,Final,0
aai20070816.00001.hdf5,70001817,20,1,0,1,0,20160607,005335,Final,0
aai20070216.00001.hdf5,70001818,20,1,0,1,0,20160607,005327,Final,0
aai20070116.00001.hdf5,70001819,20,1,0,1,0,20160607,005332,Final,0
aai20070616.00001.hdf5,70001820,20,1,0,1,0,20160607,005334,Final,0
aai20070316.00001.hdf5,70001821,20,1,0,1,0,20160607,005333,Final,0
aai20070516.00001.hdf5,70001822,20,1,0,1,0,20160607,005321,Final,0
aai20071016.00001.hdf5,70001823,20,1,0,1,0,20160607,005331,Final,0
aai20070916.00001.hdf5,70001824,20,1,0,1,0,20160607,005341,Final,0
aai20070817.00001.hdf5,70001825,20,1,0,1,0,20160607,005337,Final,0
aai20070217.00001.hdf5,70001826,20,1,0,1,0,20160607,005320,Final,0
aai20070117.00001.hdf5,70001827,20,1,0,1,0,20160607,005335,Final,0
aai20070617.00001.hdf5,70001828,20,1,0,1,0,20160607,005341,Final,0
aai20070317.00001.hdf5,70001829,20,1,0,1,0,20160607,005340,Final,0
aai20070517.00001.hdf5,70001830,20,1,0,1,0,20160607,005320,Final,0
aai20071017.00001.hdf5,70001831,20,1,0,1,0,20160607,005335,Final,0
aai20070917.00001.hdf5,70001832,20,1,0,1,0,20160607,005322,Final,0
aai20070818.00001.hdf5,70001833,20,1,0,1,0,20160607,005326,Final,0
aai20070218.00001.hdf5,70001834,20,1,0,1,0,20160607,005322,Final,0
aai20070118.00001.hdf5,70001835,20,1,0,1,0,20160607,005330,Final,0
aai20070618.00001.hdf5,70001836,20,1,0,1,0,20160607,005328,Final,0
aai20070318.00001.hdf5,70001837,20,1,0,1,0,20160607,005329,Final,0
aai20070518.00001.hdf5,70001838,20,1,0,1,0,20160607,005318,Final,0
aai20071018.00001.hdf5,70001839,20,1,0,1,0,20160607,005318,Final,0
aai20070918.00001.hdf5,70001840,20,1,0,1,0,20160607,005335,Final,0
aai20070819.00001.hdf5,70001841,20,1,0,1,0,20160607,005327,Final,0
aai20070219.00001.hdf5,70001842,20,1,0,1,0,20160607,005322,Final,0
aai20070119.00001.hdf5,70001843,20,1,0,1,0,20160607,005337,Final,0
aai20070619.00001.hdf5,70001844,20,1,0,1,0,20160607,005327,Final,0
aai20070319.00001.hdf5,70001845,20,1,0,1,0,20160607,005338,Final,0
aai20070519.00001.hdf5,70001846,20,1,0,1,0,20160607,005318,Final,0
aai20070919.00001.hdf5,70001847,20,1,0,1,0,20160607,005332,Final,0
aai20070820.00001.hdf5,70001848,20,1,0,1,0,20160607,005321,Final,0
aai20070220.00001.hdf5,70001849,20,1,0,1,0,20160607,005319,Final,0
aai20070120.00001.hdf5,70001850,20,1,0,1,0,20160607,005332,Final,0
aai20070620.00001.hdf5,70001851,20,1,0,1,0,20160607,005340,Final,0
aai20070320.00001.hdf5,70001852,20,1,0,1,0,20160607,005319,Final,0
aai20070520.00001.hdf5,70001853,20,1,0,1,0,20160607,005339,Final,0
aai20070920.00001.hdf5,70001854,20,1,0,1,0,20160607,005333,Final,0
aai20070821.00001.hdf5,70001855,20,1,0,1,0,20160607,005320,Final,0
aai20070221.00001.hdf5,70001856,20,1,0,1,0,20160607,005340,Final,0
aai20070121.00001.hdf5,70001857,20,1,0,1,0,20160607,005331,Final,0
aai20070621.00001.hdf5,70001858,20,1,0,1,0,20160607,005319,Final,0
aai20070321.00001.hdf5,70001859,20,1,0,1,0,20160607,005318,Final,0
aai20070521.00001.hdf5,70001860,20,1,0,1,0,20160607,005325,Final,0
aai20070921.00001.hdf5,70001861,20,1,0,1,0,20160607,005334,Final,0
aai20070822.00001.hdf5,70001862,20,1,0,1,0,20160607,005322,Final,0
aai20070222.00001.hdf5,70001863,20,1,0,1,0,20160607,005341,Final,0
aai20070122.00001.hdf5,70001864,20,1,0,1,0,20160607,005340,Final,0
aai20070622.00001.hdf5,70001865,20,1,0,1,0,20160607,005338,Final,0
aai20070322.00001.hdf5,70001866,20,1,0,1,0,20160607,005330,Final,0
aai20070922.00001.hdf5,70001867,20,1,0,1,0,20160607,005317,Final,0
aai20070823.00001.hdf5,70001868,20,1,0,1,0,20160607,005321,Final,0
aai20070223.00001.hdf5,70001869,20,1,0,1,0,20160607,005328,Final,0
aai20070123.00001.hdf5,70001870,20,1,0,1,0,20160607,005323,Final,0
aai20070623.00001.hdf5,70001871,20,1,0,1,0,20160607,005317,Final,0
aai20070323.00001.hdf5,70001872,20,1,0,1,0,20160607,005321,Final,0
aai20070523.00001.hdf5,70001873,20,1,0,1,0,20160607,005341,Final,0
aai20070923.00001.hdf5,70001874,20,1,0,1,0,20160607,005335,Final,0
aai20070424.00001.hdf5,70001875,20,1,0,1,0,20160607,005341,Final,0
aai20070824.00001.hdf5,70001876,20,1,0,1,0,20160607,005341,Final,0
aai20070224.00001.hdf5,70001877,20,1,0,1,0,20160607,005336,Final,0
aai20070124.00001.hdf5,70001878,20,1,0,1,0,20160607,005325,Final,0
aai20070624.00001.hdf5,70001879,20,1,0,1,0,20160607,005342,Final,0
aai20070324.00001.hdf5,70001880,20,1,0,1,0,20160607,005328,Final,0
aai20070524.00001.hdf5,70001881,20,1,0,1,0,20160607,005327,Final,0
aai20070924.00001.hdf5,70001882,20,1,0,1,0,20160607,005342,Final,0
aai20070425.00001.hdf5,70001883,20,1,0,1,0,20160607,005338,Final,0
aai20070825.00001.hdf5,70001884,20,1,0,1,0,20160607,005323,Final,0
aai20070225.00001.hdf5,70001885,20,1,0,1,0,20160607,005330,Final,0
aai20070125.00001.hdf5,70001886,20,1,0,1,0,20160607,005320,Final,0
aai20070725.00001.hdf5,70001887,20,1,0,1,0,20160607,005323,Final,0
aai20070625.00001.hdf5,70001888,20,1,0,1,0,20160607,005338,Final,0
aai20070325.00001.hdf5,70001889,20,1,0,1,0,20160607,005318,Final,0
aai20070525.00001.hdf5,70001890,20,1,0,1,0,20160607,005326,Final,0
aai20070925.00001.hdf5,70001891,20,1,0,1,0,20160607,005336,Final,0
aai20070426.00001.hdf5,70001892,20,1,0,1,0,20160607,005331,Final,0
aai20070226.00001.hdf5,70001893,20,1,0,1,0,20160607,005327,Final,0
aai20070126.00001.hdf5,70001894,20,1,0,1,0,20160607,005326,Final,0
aai20070726.00001.hdf5,70001895,20,1,0,1,0,20160607,005340,Final,0
aai20070626.00001.hdf5,70001896,20,1,0,1,0,20160607,005319,Final,0
aai20070326.00001.hdf5,70001897,20,1,0,1,0,20160607,005341,Final,0
aai20070427.00001.hdf5,70001898,20,1,0,1,0,20160607,005331,Final,0
aai20070227.00001.hdf5,70001899,20,1,0,1,0,20160607,005337,Final,0
aai20070127.00001.hdf5,70001900,20,1,0,1,0,20160607,005340,Final,0
aai20070727.00001.hdf5,70001901,20,1,0,1,0,20160607,005342,Final,0
aai20070627.00001.hdf5,70001902,20,1,0,1,0,20160607,005320,Final,0
aai20070327.00001.hdf5,70001903,20,1,0,1,0,20160607,005326,Final,0
aai20070428.00001.hdf5,70001904,20,1,0,1,0,20160607,005332,Final,0
aai20070228.00001.hdf5,70001905,20,1,0,1,0,20160607,005325,Final,0
aai20070128.00001.hdf5,70001906,20,1,0,1,0,20160607,005328,Final,0
aai20070728.00001.hdf5,70001907,20,1,0,1,0,20160607,005342,Final,0
aai20070628.00001.hdf5,70001908,20,1,0,1,0,20160607,005317,Final,0
aai20070328.00001.hdf5,70001909,20,1,0,1,0,20160607,005336,Final,0
aai20070429.00001.hdf5,70001910,20,1,0,1,0,20160607,005334,Final,0
aai20070629.00001.hdf5,70001911,20,1,0,1,0,20160607,005316,Final,0
aai20070329.00001.hdf5,70001912,20,1,0,1,0,20160607,005317,Final,0
aai20070929.00001.hdf5,70001913,20,1,0,1,0,20160607,005334,Final,0
aai20070430.00001.hdf5,70001914,20,1,0,1,0,20160607,005330,Final,0
aai20070130.00001.hdf5,70001915,20,1,0,1,0,20160607,005319,Final,0
aai20070330.00001.hdf5,70001916,20,1,0,1,0,20160607,005342,Final,0
aai20070530.00001.hdf5,70001917,20,1,0,1,0,20160607,005335,Final,0
aai20070930.00001.hdf5,70001918,20,1,0,1,0,20160607,005322,Final,0
aai20070131.00001.hdf5,70001919,20,1,0,1,0,20160607,005328,Final,0
aai20070331.00001.hdf5,70001920,20,1,0,1,0,20160607,005322,Final,0
akl070317g.10002.hdf5,70001921,10002,1,0,1,0,20180102,081045,Final,0
akl070317g.2002.hdf5,70001921,2002,1,0,1,0,20180102,081123,Final,0
akl070317g.1002.hdf5,70001921,1002,1,0,1,0,20180102,082226,Final,0
akl070318g.2002.hdf5,70001922,2002,1,0,1,0,20180102,075453,Final,0
akl070318g.10002.hdf5,70001922,10002,1,0,1,0,20180102,075453,Final,0
akl070318g.1002.hdf5,70001922,1002,1,0,1,0,20180102,080323,Final,0
akl070319g.10002.hdf5,70001923,10002,1,0,1,0,20180102,085331,Final,0
akl070319g.1002.hdf5,70001923,1002,1,0,1,0,20180102,090847,Final,0
akl070319g.2002.hdf5,70001923,2002,1,0,1,0,20180102,090947,Final,0
akl070320g.2002.hdf5,70001924,2002,1,0,1,0,20180102,055049,Final,0
akl070320g.1002.hdf5,70001924,1002,1,0,1,0,20180102,055759,Final,0
akl070320g.10002.hdf5,70001924,10002,1,0,1,0,20180102,055800,Final,0
akl070123g.2002.hdf5,70001925,2002,1,0,1,0,20180102,055206,Final,0
akl070123g.1002.hdf5,70001925,1002,1,0,1,0,20180102,055630,Final,0
akl070123g.10002.hdf5,70001925,10002,1,0,1,0,20180102,055631,Final,0
akl070124g.1002.hdf5,70001926,1002,1,0,1,0,20180102,075411,Final,0
akl070124g.10002.hdf5,70001926,10002,1,0,1,0,20180102,075412,Final,0
akl070124g.2002.hdf5,70001926,2002,1,0,1,0,20180102,075512,Final,0
aai20080801.00001.hdf5,70001927,20,1,0,1,0,20170515,155733,Final,0
aai20080701.00001.hdf5,70001928,20,1,0,1,0,20170515,155735,Final,0
aai20080601.00001.hdf5,70001929,20,1,0,1,0,20170515,155733,Final,0
aai20081101.00001.hdf5,70001930,20,1,0,1,0,20170515,155733,Final,0
aai20081001.00001.hdf5,70001931,20,1,0,1,0,20170515,155734,Final,0
aai20080901.00001.hdf5,70001932,20,1,0,1,0,20170515,155734,Final,0
aai20080802.00001.hdf5,70001933,20,1,0,1,0,20170515,155733,Final,0
aai20080702.00001.hdf5,70001934,20,1,0,1,0,20170515,155734,Final,0
aai20080602.00001.hdf5,70001935,20,1,0,1,0,20170515,155733,Final,0
aai20081002.00001.hdf5,70001936,20,1,0,1,0,20170515,155735,Final,0
aai20080902.00001.hdf5,70001937,20,1,0,1,0,20170515,155735,Final,0
aai20080803.00001.hdf5,70001938,20,1,0,1,0,20170515,155734,Final,0
aai20080703.00001.hdf5,70001939,20,1,0,1,0,20170515,155733,Final,0
aai20080603.00001.hdf5,70001940,20,1,0,1,0,20170515,155735,Final,0
aai20081003.00001.hdf5,70001941,20,1,0,1,0,20170515,155734,Final,0
aai20080903.00001.hdf5,70001942,20,1,0,1,0,20170515,155734,Final,0
aai20080804.00001.hdf5,70001943,20,1,0,1,0,20170515,155735,Final,0
aai20080704.00001.hdf5,70001944,20,1,0,1,0,20170515,155733,Final,0
aai20080604.00001.hdf5,70001945,20,1,0,1,0,20170515,155734,Final,0
aai20081104.00001.hdf5,70001946,20,1,0,1,0,20170515,155734,Final,0
aai20081004.00001.hdf5,70001947,20,1,0,1,0,20170515,155733,Final,0
aai20080904.00001.hdf5,70001948,20,1,0,1,0,20170515,155733,Final,0
aai20080805.00001.hdf5,70001949,20,1,0,1,0,20170515,155734,Final,0
aai20080705.00001.hdf5,70001950,20,1,0,1,0,20170515,155734,Final,0
aai20080605.00001.hdf5,70001951,20,1,0,1,0,20170515,155734,Final,0
aai20081105.00001.hdf5,70001952,20,1,0,1,0,20170515,155733,Final,0
aai20081005.00001.hdf5,70001953,20,1,0,1,0,20170515,155733,Final,0
aai20080905.00001.hdf5,70001954,20,1,0,1,0,20170515,155734,Final,0
aai20080806.00001.hdf5,70001955,20,1,0,1,0,20170515,155735,Final,0
aai20080706.00001.hdf5,70001956,20,1,0,1,0,20170515,155733,Final,0
aai20080606.00001.hdf5,70001957,20,1,0,1,0,20170515,155733,Final,0
aai20081106.00001.hdf5,70001958,20,1,0,1,0,20170515,155734,Final,0
aai20081006.00001.hdf5,70001959,20,1,0,1,0,20170515,155733,Final,0
aai20080906.00001.hdf5,70001960,20,1,0,1,0,20170515,155734,Final,0
aai20080807.00001.hdf5,70001961,20,1,0,1,0,20170515,155734,Final,0
aai20080707.00001.hdf5,70001962,20,1,0,1,0,20170515,155735,Final,0
aai20080607.00001.hdf5,70001963,20,1,0,1,0,20170515,155735,Final,0
aai20081107.00001.hdf5,70001964,20,1,0,1,0,20170515,155734,Final,0
aai20081007.00001.hdf5,70001965,20,1,0,1,0,20170515,155734,Final,0
aai20080907.00001.hdf5,70001966,20,1,0,1,0,20170515,155733,Final,0
aai20080808.00001.hdf5,70001967,20,1,0,1,0,20170515,155733,Final,0
aai20080708.00001.hdf5,70001968,20,1,0,1,0,20170515,155734,Final,0
aai20080608.00001.hdf5,70001969,20,1,0,1,0,20170515,155734,Final,0
aai20081008.00001.hdf5,70001970,20,1,0,1,0,20170515,155733,Final,0
aai20080908.00001.hdf5,70001971,20,1,0,1,0,20170515,155733,Final,0
aai20080809.00001.hdf5,70001972,20,1,0,1,0,20170515,155734,Final,0
aai20080709.00001.hdf5,70001973,20,1,0,1,0,20170515,155734,Final,0
aai20080609.00001.hdf5,70001974,20,1,0,1,0,20170515,155734,Final,0
aai20081009.00001.hdf5,70001975,20,1,0,1,0,20170515,155733,Final,0
aai20080909.00001.hdf5,70001976,20,1,0,1,0,20170515,155735,Final,0
aai20080810.00001.hdf5,70001977,20,1,0,1,0,20170515,155734,Final,0
aai20080710.00001.hdf5,70001978,20,1,0,1,0,20170515,155734,Final,0
aai20080610.00001.hdf5,70001979,20,1,0,1,0,20170515,155734,Final,0
aai20081010.00001.hdf5,70001980,20,1,0,1,0,20170515,155733,Final,0
aai20080910.00001.hdf5,70001981,20,1,0,1,0,20170515,155733,Final,0
aai20080811.00001.hdf5,70001982,20,1,0,1,0,20170515,155735,Final,0
aai20080611.00001.hdf5,70001983,20,1,0,1,0,20170515,155733,Final,0
aai20081011.00001.hdf5,70001984,20,1,0,1,0,20170515,155734,Final,0
aai20080911.00001.hdf5,70001985,20,1,0,1,0,20170515,155734,Final,0
aai20080812.00001.hdf5,70001986,20,1,0,1,0,20170515,155734,Final,0
aai20080612.00001.hdf5,70001987,20,1,0,1,0,20170515,155733,Final,0
aai20081012.00001.hdf5,70001988,20,1,0,1,0,20170515,155733,Final,0
aai20080912.00001.hdf5,70001989,20,1,0,1,0,20170515,155734,Final,0
aai20080813.00001.hdf5,70001990,20,1,0,1,0,20170515,155734,Final,0
aai20081013.00001.hdf5,70001991,20,1,0,1,0,20170515,155734,Final,0
aai20080913.00001.hdf5,70001992,20,1,0,1,0,20170515,155733,Final,0
aai20080614.00001.hdf5,70001993,20,1,0,1,0,20170515,155734,Final,0
aai20080914.00001.hdf5,70001994,20,1,0,1,0,20170515,155735,Final,0
aai20080615.00001.hdf5,70001995,20,1,0,1,0,20170515,155733,Final,0
aai20080616.00001.hdf5,70001996,20,1,0,1,0,20170515,155733,Final,0
aai20080617.00001.hdf5,70001997,20,1,0,1,0,20170515,155734,Final,0
aai20081017.00001.hdf5,70001998,20,1,0,1,0,20170515,155734,Final,0
aai20080917.00001.hdf5,70001999,20,1,0,1,0,20170515,155733,Final,0
aai20080818.00001.hdf5,70002000,20,1,0,1,0,20170515,155733,Final,0
aai20080118.00001.hdf5,70002001,20,1,0,1,0,20170515,155733,Final,0
aai20080518.00001.hdf5,70002002,20,1,0,1,0,20170515,155734,Final,0
aai20081018.00001.hdf5,70002003,20,1,0,1,0,20170515,155734,Final,0
aai20080918.00001.hdf5,70002004,20,1,0,1,0,20170515,155733,Final,0
aai20080819.00001.hdf5,70002005,20,1,0,1,0,20170515,155734,Final,0
aai20080619.00001.hdf5,70002006,20,1,0,1,0,20170515,155733,Final,0
aai20081019.00001.hdf5,70002007,20,1,0,1,0,20170515,155734,Final,0
aai20080919.00001.hdf5,70002008,20,1,0,1,0,20170515,155734,Final,0
aai20080820.00001.hdf5,70002009,20,1,0,1,0,20170515,155733,Final,0
aai20080620.00001.hdf5,70002010,20,1,0,1,0,20170515,155734,Final,0
aai20081020.00001.hdf5,70002011,20,1,0,1,0,20170515,155734,Final,0
aai20080920.00001.hdf5,70002012,20,1,0,1,0,20170515,155735,Final,0
aai20080821.00001.hdf5,70002013,20,1,0,1,0,20170515,155734,Final,0
aai20080621.00001.hdf5,70002014,20,1,0,1,0,20170515,155733,Final,0
aai20080521.00001.hdf5,70002015,20,1,0,1,0,20170515,155734,Final,0
aai20081021.00001.hdf5,70002016,20,1,0,1,0,20170515,155734,Final,0
aai20080921.00001.hdf5,70002017,20,1,0,1,0,20170515,155734,Final,0
aai20080822.00001.hdf5,70002018,20,1,0,1,0,20170515,155734,Final,0
aai20080722.00001.hdf5,70002019,20,1,0,1,0,20170515,155733,Final,0
aai20080522.00001.hdf5,70002020,20,1,0,1,0,20170515,155734,Final,0
aai20081022.00001.hdf5,70002021,20,1,0,1,0,20170515,155734,Final,0
aai20080922.00001.hdf5,70002022,20,1,0,1,0,20170515,155733,Final,0
aai20080823.00001.hdf5,70002023,20,1,0,1,0,20170515,155735,Final,0
aai20080723.00001.hdf5,70002024,20,1,0,1,0,20170515,155735,Final,0
aai20080523.00001.hdf5,70002025,20,1,0,1,0,20170515,155734,Final,0
aai20081023.00001.hdf5,70002026,20,1,0,1,0,20170515,155734,Final,0
aai20080923.00001.hdf5,70002027,20,1,0,1,0,20170515,155734,Final,0
aai20080824.00001.hdf5,70002028,20,1,0,1,0,20170515,155734,Final,0
aai20080724.00001.hdf5,70002029,20,1,0,1,0,20170515,155734,Final,0
aai20080524.00001.hdf5,70002030,20,1,0,1,0,20170515,155734,Final,0
aai20081024.00001.hdf5,70002031,20,1,0,1,0,20170515,155733,Final,0
aai20080924.00001.hdf5,70002032,20,1,0,1,0,20170515,155733,Final,0
aai20080825.00001.hdf5,70002033,20,1,0,1,0,20170515,155733,Final,0
aai20080725.00001.hdf5,70002034,20,1,0,1,0,20170515,155733,Final,0
aai20080525.00001.hdf5,70002035,20,1,0,1,0,20170515,155733,Final,0
aai20081025.00001.hdf5,70002036,20,1,0,1,0,20170515,155734,Final,0
aai20080925.00001.hdf5,70002037,20,1,0,1,0,20170515,155734,Final,0
aai20080826.00001.hdf5,70002038,20,1,0,1,0,20170515,155733,Final,0
aai20080726.00001.hdf5,70002039,20,1,0,1,0,20170515,155733,Final,0
aai20080626.00001.hdf5,70002040,20,1,0,1,0,20170515,155735,Final,0
aai20080526.00001.hdf5,70002041,20,1,0,1,0,20170515,155734,Final,0
aai20081026.00001.hdf5,70002042,20,1,0,1,0,20170515,155733,Final,0
aai20080926.00001.hdf5,70002043,20,1,0,1,0,20170515,155735,Final,0
aai20080827.00001.hdf5,70002044,20,1,0,1,0,20170515,155734,Final,0
aai20080727.00001.hdf5,70002045,20,1,0,1,0,20170515,155733,Final,0
aai20080627.00001.hdf5,70002046,20,1,0,1,0,20170515,155735,Final,0
aai20080527.00001.hdf5,70002047,20,1,0,1,0,20170515,155734,Final,0
aai20081027.00001.hdf5,70002048,20,1,0,1,0,20170515,155735,Final,0
aai20080927.00001.hdf5,70002049,20,1,0,1,0,20170515,155734,Final,0
aai20080828.00001.hdf5,70002050,20,1,0,1,0,20170515,155734,Final,0
aai20080728.00001.hdf5,70002051,20,1,0,1,0,20170515,155733,Final,0
aai20080628.00001.hdf5,70002052,20,1,0,1,0,20170515,155733,Final,0
aai20080528.00001.hdf5,70002053,20,1,0,1,0,20170515,155734,Final,0
aai20081028.00001.hdf5,70002054,20,1,0,1,0,20170515,155733,Final,0
aai20080928.00001.hdf5,70002055,20,1,0,1,0,20170515,155735,Final,0
aai20080829.00001.hdf5,70002056,20,1,0,1,0,20170515,155735,Final,0
aai20080729.00001.hdf5,70002057,20,1,0,1,0,20170515,155735,Final,0
aai20080629.00001.hdf5,70002058,20,1,0,1,0,20170515,155733,Final,0
aai20080529.00001.hdf5,70002059,20,1,0,1,0,20170515,155734,Final,0
aai20081029.00001.hdf5,70002060,20,1,0,1,0,20170515,155733,Final,0
aai20080929.00001.hdf5,70002061,20,1,0,1,0,20170515,155734,Final,0
aai20080830.00001.hdf5,70002062,20,1,0,1,0,20170515,155734,Final,0
aai20080730.00001.hdf5,70002063,20,1,0,1,0,20170515,155733,Final,0
aai20080630.00001.hdf5,70002064,20,1,0,1,0,20170515,155735,Final,0
aai20080530.00001.hdf5,70002065,20,1,0,1,0,20170515,155733,Final,0
aai20081030.00001.hdf5,70002066,20,1,0,1,0,20170515,155733,Final,0
aai20080930.00001.hdf5,70002067,20,1,0,1,0,20170515,155733,Final,0
aai20080831.00001.hdf5,70002068,20,1,0,1,0,20170515,155734,Final,0
aai20080731.00001.hdf5,70002069,20,1,0,1,0,20170515,155733,Final,0
aai20080531.00001.hdf5,70002070,20,1,0,1,0,20170515,155733,Final,0
aai20081031.00001.hdf5,70002071,20,1,0,1,0,20170515,155734,Final,0
afp080804g.17010.hdf5,70002072,17010,1,0,1,0,20170515,155615,Final,0
afp081225g.17010.hdf5,70002073,17010,1,0,1,0,20170515,155615,Final,0
afp080205g.17010.hdf5,70002074,17010,1,0,1,0,20170515,155615,Final,0
afp080308g.17010.hdf5,70002075,17010,1,0,1,0,20170515,155615,Final,0
afp081120g.17010.hdf5,70002076,17010,1,0,1,0,20170515,155615,Final,0
afp080804g.17010.hdf5,70002077,17010,1,0,1,0,20170515,155615,Final,0
afp080205g.17010.hdf5,70002078,17010,1,0,1,0,20170515,155615,Final,0
afp080308g.17010.hdf5,70002079,17010,1,0,1,0,20170515,155615,Final,0
afp081120g.17010.hdf5,70002080,17010,1,0,1,0,20170515,155615,Final,0
afp081225g.17010.hdf5,70002081,17010,1,0,1,0,20170515,155615,Final,0
akl080901g.10002.hdf5,70002082,10002,1,0,1,0,20180102,061237,Final,0
akl080901g.1002.hdf5,70002082,1002,1,0,1,0,20180102,062400,Final,0
akl080901g.2002.hdf5,70002082,2002,1,0,1,0,20180102,062438,Final,0
akl080702g.10002.hdf5,70002083,10002,1,0,1,0,20180102,073702,Final,0
akl080702g.1002.hdf5,70002083,1002,1,0,1,0,20180102,074620,Final,0
akl080702g.2002.hdf5,70002083,2002,1,0,1,0,20180102,074654,Final,0
akl080703g.2002.hdf5,70002084,2002,1,0,1,0,20180102,074519,Final,0
akl080703g.10002.hdf5,70002084,10002,1,0,1,0,20180102,074520,Final,0
akl080703g.1002.hdf5,70002084,1002,1,0,1,0,20180102,075550,Final,0
akl080303g.1002.hdf5,70002085,1002,1,0,1,0,20180102,065535,Final,0
akl080303g.10002.hdf5,70002085,10002,1,0,1,0,20180102,065537,Final,0
akl080303g.2002.hdf5,70002085,2002,1,0,1,0,20180102,065609,Final,0
akl080409g.1002.hdf5,70002086,1002,1,0,1,0,20180102,054935,Final,0
akl080409g.2002.hdf5,70002086,2002,1,0,1,0,20180102,055030,Final,0
akl080409g.10002.hdf5,70002086,10002,1,0,1,0,20180102,055031,Final,0
akl080709g.10002.hdf5,70002087,10002,1,0,1,0,20180102,054814,Final,0
akl080709g.2002.hdf5,70002087,2002,1,0,1,0,20180102,054827,Final,0
akl080709g.1002.hdf5,70002087,1002,1,0,1,0,20180102,055151,Final,0
akl080711g.10002.hdf5,70002088,10002,1,0,1,0,20180102,071010,Final,0
akl080711g.2002.hdf5,70002088,2002,1,0,1,0,20180102,071031,Final,0
akl080711g.1002.hdf5,70002088,1002,1,0,1,0,20180102,071801,Final,0
akl080119g.2002.hdf5,70002089,2002,1,0,1,0,20180102,053932,Final,0
akl080119g.10002.hdf5,70002089,10002,1,0,1,0,20180102,053934,Final,0
akl080119g.1002.hdf5,70002089,1002,1,0,1,0,20180102,055228,Final,0
akl080120g.10002.hdf5,70002090,10002,1,0,1,0,20180102,063147,Final,0
akl080120g.1002.hdf5,70002090,1002,1,0,1,0,20180102,064031,Final,0
akl080120g.2002.hdf5,70002090,2002,1,0,1,0,20180102,064108,Final,0
akl080123g.10002.hdf5,70002091,10002,1,0,1,0,20180102,060025,Final,0
akl080123g.2002.hdf5,70002091,2002,1,0,1,0,20180102,060134,Final,0
akl080123g.1002.hdf5,70002091,1002,1,0,1,0,20180102,061214,Final,0
akl080124g.1002.hdf5,70002092,1002,1,0,1,0,20180102,065404,Final,0
akl080124g.2002.hdf5,70002092,2002,1,0,1,0,20180102,065453,Final,0
akl080124g.10002.hdf5,70002092,10002,1,0,1,0,20180102,065455,Final,0
akl080125g.10002.hdf5,70002093,10002,1,0,1,0,20180102,081428,Final,0
akl080125g.2002.hdf5,70002093,2002,1,0,1,0,20180102,081519,Final,0
akl080125g.1002.hdf5,70002093,1002,1,0,1,0,20180102,082448,Final,0
akl080729g.2002.hdf5,70002094,2002,1,0,1,0,20180102,081558,Final,0
akl080729g.10002.hdf5,70002094,10002,1,0,1,0,20180102,081600,Final,0
akl080729g.1002.hdf5,70002094,1002,1,0,1,0,20180102,082422,Final,0
akl080929g.10002.hdf5,70002095,10002,1,0,1,0,20180102,085355,Final,0
akl080929g.1002.hdf5,70002095,1002,1,0,1,0,20180102,085429,Final,0
akl080929g.2002.hdf5,70002095,2002,1,0,1,0,20180102,085434,Final,0
akl080830g.1002.hdf5,70002096,1002,1,0,1,0,20180102,070231,Final,0
akl080830g.2002.hdf5,70002096,2002,1,0,1,0,20180102,070233,Final,0
akl080930g.2002.hdf5,70002097,2002,1,0,1,0,20180102,063037,Final,0
akl080930g.10002.hdf5,70002097,10002,1,0,1,0,20180102,063039,Final,0
akl080930g.1002.hdf5,70002097,1002,1,0,1,0,20180102,064230,Final,0
akl080831g.10002.hdf5,70002098,10002,1,0,1,0,20180102,085443,Final,0
akl080831g.1002.hdf5,70002098,1002,1,0,1,0,20180102,090733,Final,0
akl080831g.2002.hdf5,70002098,2002,1,0,1,0,20180102,090843,Final,0
arg081124g.001.hdf5,70002099,2010,3,0,1,0,20170515,155637,History,0
aro20081124mrag.001.hdf5,70002099,2010,1,0,1,0,20170515,155637,‘Final’,0
arg080930g.001.hdf5,70002100,2010,3,0,1,0,20170515,155624,History,0
aro20080930mrag.001.hdf5,70002100,2010,1,0,1,0,20170515,155631,‘Final’,0
aro20081124vecF.000.hdf5,70002101,2011,1,0,1,0,20170515,155651,Preliminary - final calibration pending,0
aro20080930vecF.000.hdf5,70002102,2011,1,0,1,0,20170515,155651,Preliminary - final calibration pending,0
aai20090801.00001.hdf5,70002103,20,1,0,1,0,20170515,170435,Final,0
aai20091201.00001.hdf5,70002104,20,1,0,1,0,20170515,170437,Final,0
aai20090201.00001.hdf5,70002105,20,1,0,1,0,20170515,170435,Final,0
aai20090101.00001.hdf5,70002106,20,1,0,1,0,20170515,170439,Final,0
aai20090701.00001.hdf5,70002107,20,1,0,1,0,20170515,170438,Final,0
aai20090601.00001.hdf5,70002108,20,1,0,1,0,20170515,170438,Final,0
aai20090301.00001.hdf5,70002109,20,1,0,1,0,20170515,170438,Final,0
aai20090501.00001.hdf5,70002110,20,1,0,1,0,20170515,170436,Final,0
aai20091101.00001.hdf5,70002111,20,1,0,1,0,20170515,170436,Final,0
aai20091001.00001.hdf5,70002112,20,1,0,1,0,20170515,170436,Final,0
aai20090901.00001.hdf5,70002113,20,1,0,1,0,20170515,170436,Final,0
aai20090202.00001.hdf5,70002114,20,1,0,1,0,20170515,170438,Final,0
aai20090102.00001.hdf5,70002115,20,1,0,1,0,20170515,170438,Final,0
aai20090702.00001.hdf5,70002116,20,1,0,1,0,20170515,170435,Final,0
aai20090602.00001.hdf5,70002117,20,1,0,1,0,20170515,170438,Final,0
aai20090302.00001.hdf5,70002118,20,1,0,1,0,20170515,170437,Final,0
aai20090502.00001.hdf5,70002119,20,1,0,1,0,20170515,170439,Final,0
aai20091002.00001.hdf5,70002120,20,1,0,1,0,20170515,170438,Final,0
aai20090902.00001.hdf5,70002121,20,1,0,1,0,20170515,170437,Final,0
aai20090203.00001.hdf5,70002122,20,1,0,1,0,20170515,170439,Final,0
aai20090103.00001.hdf5,70002123,20,1,0,1,0,20170515,170437,Final,0
aai20090703.00001.hdf5,70002124,20,1,0,1,0,20170515,170439,Final,0
aai20090603.00001.hdf5,70002125,20,1,0,1,0,20170515,170437,Final,0
aai20090303.00001.hdf5,70002126,20,1,0,1,0,20170515,170436,Final,0
aai20091003.00001.hdf5,70002127,20,1,0,1,0,20170515,170437,Final,0
aai20091204.00001.hdf5,70002128,20,1,0,1,0,20170515,170435,Final,0
aai20090204.00001.hdf5,70002129,20,1,0,1,0,20170515,170435,Final,0
aai20090104.00001.hdf5,70002130,20,1,0,1,0,20170515,170437,Final,0
aai20090704.00001.hdf5,70002131,20,1,0,1,0,20170515,170438,Final,0
aai20090604.00001.hdf5,70002132,20,1,0,1,0,20170515,170436,Final,0
aai20090304.00001.hdf5,70002133,20,1,0,1,0,20170515,170435,Final,0
aai20091104.00001.hdf5,70002134,20,1,0,1,0,20170515,170436,Final,0
aai20091205.00001.hdf5,70002135,20,1,0,1,0,20170515,170435,Final,0
aai20090205.00001.hdf5,70002136,20,1,0,1,0,20170515,170438,Final,0
aai20090105.00001.hdf5,70002137,20,1,0,1,0,20170515,170437,Final,0
aai20090705.00001.hdf5,70002138,20,1,0,1,0,20170515,170435,Final,0
aai20090605.00001.hdf5,70002139,20,1,0,1,0,20170515,170435,Final,0
aai20090305.00001.hdf5,70002140,20,1,0,1,0,20170515,170437,Final,0
aai20091105.00001.hdf5,70002141,20,1,0,1,0,20170515,170439,Final,0
aai20091206.00001.hdf5,70002142,20,1,0,1,0,20170515,170438,Final,0
aai20090206.00001.hdf5,70002143,20,1,0,1,0,20170515,170438,Final,0
aai20090106.00001.hdf5,70002144,20,1,0,1,0,20170515,170435,Final,0
aai20090706.00001.hdf5,70002145,20,1,0,1,0,20170515,170436,Final,0
aai20090606.00001.hdf5,70002146,20,1,0,1,0,20170515,170436,Final,0
aai20090306.00001.hdf5,70002147,20,1,0,1,0,20170515,170437,Final,0
aai20091106.00001.hdf5,70002148,20,1,0,1,0,20170515,170435,Final,0
aai20091006.00001.hdf5,70002149,20,1,0,1,0,20170515,170437,Final,0
aai20091207.00001.hdf5,70002150,20,1,0,1,0,20170515,170439,Final,0
aai20090207.00001.hdf5,70002151,20,1,0,1,0,20170515,170438,Final,0
aai20090107.00001.hdf5,70002152,20,1,0,1,0,20170515,170435,Final,0
aai20090307.00001.hdf5,70002153,20,1,0,1,0,20170515,170438,Final,0
aai20090507.00001.hdf5,70002154,20,1,0,1,0,20170515,170437,Final,0
aai20091107.00001.hdf5,70002155,20,1,0,1,0,20170515,170437,Final,0
aai20090907.00001.hdf5,70002156,20,1,0,1,0,20170515,170435,Final,0
aai20090208.00001.hdf5,70002157,20,1,0,1,0,20170515,170438,Final,0
aai20090108.00001.hdf5,70002158,20,1,0,1,0,20170515,170439,Final,0
aai20090708.00001.hdf5,70002159,20,1,0,1,0,20170515,170435,Final,0
aai20090608.00001.hdf5,70002160,20,1,0,1,0,20170515,170438,Final,0
aai20090308.00001.hdf5,70002161,20,1,0,1,0,20170515,170438,Final,0
aai20091108.00001.hdf5,70002162,20,1,0,1,0,20170515,170437,Final,0
aai20091008.00001.hdf5,70002163,20,1,0,1,0,20170515,170435,Final,0
aai20090908.00001.hdf5,70002164,20,1,0,1,0,20170515,170435,Final,0
aai20090109.00001.hdf5,70002165,20,1,0,1,0,20170515,170436,Final,0
aai20090709.00001.hdf5,70002166,20,1,0,1,0,20170515,170437,Final,0
aai20090609.00001.hdf5,70002167,20,1,0,1,0,20170515,170437,Final,0
aai20090309.00001.hdf5,70002168,20,1,0,1,0,20170515,170437,Final,0
aai20091109.00001.hdf5,70002169,20,1,0,1,0,20170515,170435,Final,0
aai20091009.00001.hdf5,70002170,20,1,0,1,0,20170515,170436,Final,0
aai20090909.00001.hdf5,70002171,20,1,0,1,0,20170515,170437,Final,0
aai20090410.00001.hdf5,70002172,20,1,0,1,0,20170515,170437,Final,0
aai20090710.00001.hdf5,70002173,20,1,0,1,0,20170515,170436,Final,0
aai20090610.00001.hdf5,70002174,20,1,0,1,0,20170515,170439,Final,0
aai20091110.00001.hdf5,70002175,20,1,0,1,0,20170515,170438,Final,0
aai20091010.00001.hdf5,70002176,20,1,0,1,0,20170515,170437,Final,0
aai20090910.00001.hdf5,70002177,20,1,0,1,0,20170515,170436,Final,0
aai20090411.00001.hdf5,70002178,20,1,0,1,0,20170515,170437,Final,0
aai20091211.00001.hdf5,70002179,20,1,0,1,0,20170515,170437,Final,0
aai20090211.00001.hdf5,70002180,20,1,0,1,0,20170515,170437,Final,0
aai20090711.00001.hdf5,70002181,20,1,0,1,0,20170515,170436,Final,0
aai20090611.00001.hdf5,70002182,20,1,0,1,0,20170515,170438,Final,0
aai20090511.00001.hdf5,70002183,20,1,0,1,0,20170515,170437,Final,0
aai20091111.00001.hdf5,70002184,20,1,0,1,0,20170515,170436,Final,0
aai20091011.00001.hdf5,70002185,20,1,0,1,0,20170515,170436,Final,0
aai20090911.00001.hdf5,70002186,20,1,0,1,0,20170515,170437,Final,0
aai20090412.00001.hdf5,70002187,20,1,0,1,0,20170515,170435,Final,0
aai20091212.00001.hdf5,70002188,20,1,0,1,0,20170515,170437,Final,0
aai20090212.00001.hdf5,70002189,20,1,0,1,0,20170515,170437,Final,0
aai20090712.00001.hdf5,70002190,20,1,0,1,0,20170515,170438,Final,0
aai20090612.00001.hdf5,70002191,20,1,0,1,0,20170515,170437,Final,0
aai20090312.00001.hdf5,70002192,20,1,0,1,0,20170515,170437,Final,0
aai20090512.00001.hdf5,70002193,20,1,0,1,0,20170515,170438,Final,0
aai20091112.00001.hdf5,70002194,20,1,0,1,0,20170515,170438,Final,0
aai20091012.00001.hdf5,70002195,20,1,0,1,0,20170515,170438,Final,0
aai20090912.00001.hdf5,70002196,20,1,0,1,0,20170515,170438,Final,0
aai20090413.00001.hdf5,70002197,20,1,0,1,0,20170515,170436,Final,0
aai20090813.00001.hdf5,70002198,20,1,0,1,0,20170515,170436,Final,0
aai20091213.00001.hdf5,70002199,20,1,0,1,0,20170515,170438,Final,0
aai20090213.00001.hdf5,70002200,20,1,0,1,0,20170515,170438,Final,0
aai20090713.00001.hdf5,70002201,20,1,0,1,0,20170515,170439,Final,0
aai20090613.00001.hdf5,70002202,20,1,0,1,0,20170515,170435,Final,0
aai20090313.00001.hdf5,70002203,20,1,0,1,0,20170515,170435,Final,0
aai20090513.00001.hdf5,70002204,20,1,0,1,0,20170515,170435,Final,0
aai20091113.00001.hdf5,70002205,20,1,0,1,0,20170515,170435,Final,0
aai20091013.00001.hdf5,70002206,20,1,0,1,0,20170515,170436,Final,0
aai20090913.00001.hdf5,70002207,20,1,0,1,0,20170515,170438,Final,0
aai20090414.00001.hdf5,70002208,20,1,0,1,0,20170515,170437,Final,0
aai20090814.00001.hdf5,70002209,20,1,0,1,0,20170515,170437,Final,0
aai20091214.00001.hdf5,70002210,20,1,0,1,0,20170515,170436,Final,0
aai20090214.00001.hdf5,70002211,20,1,0,1,0,20170515,170438,Final,0
aai20090714.00001.hdf5,70002212,20,1,0,1,0,20170515,170435,Final,0
aai20090614.00001.hdf5,70002213,20,1,0,1,0,20170515,170437,Final,0
aai20090314.00001.hdf5,70002214,20,1,0,1,0,20170515,170437,Final,0
aai20090514.00001.hdf5,70002215,20,1,0,1,0,20170515,170435,Final,0
aai20091114.00001.hdf5,70002216,20,1,0,1,0,20170515,170438,Final,0
aai20091014.00001.hdf5,70002217,20,1,0,1,0,20170515,170439,Final,0
aai20090914.00001.hdf5,70002218,20,1,0,1,0,20170515,170436,Final,0
aai20090415.00001.hdf5,70002219,20,1,0,1,0,20170515,170438,Final,0
aai20090815.00001.hdf5,70002220,20,1,0,1,0,20170515,170436,Final,0
aai20091215.00001.hdf5,70002221,20,1,0,1,0,20170515,170437,Final,0
aai20090215.00001.hdf5,70002222,20,1,0,1,0,20170515,170435,Final,0
aai20090715.00001.hdf5,70002223,20,1,0,1,0,20170515,170439,Final,0
aai20090615.00001.hdf5,70002224,20,1,0,1,0,20170515,170435,Final,0
aai20090315.00001.hdf5,70002225,20,1,0,1,0,20170515,170438,Final,0
aai20090515.00001.hdf5,70002226,20,1,0,1,0,20170515,170438,Final,0
aai20091115.00001.hdf5,70002227,20,1,0,1,0,20170515,170437,Final,0
aai20091015.00001.hdf5,70002228,20,1,0,1,0,20170515,170437,Final,0
aai20090915.00001.hdf5,70002229,20,1,0,1,0,20170515,170438,Final,0
aai20090416.00001.hdf5,70002230,20,1,0,1,0,20170515,170438,Final,0
aai20091216.00001.hdf5,70002231,20,1,0,1,0,20170515,170439,Final,0
aai20090216.00001.hdf5,70002232,20,1,0,1,0,20170515,170436,Final,0
aai20090716.00001.hdf5,70002233,20,1,0,1,0,20170515,170437,Final,0
aai20090616.00001.hdf5,70002234,20,1,0,1,0,20170515,170437,Final,0
aai20090316.00001.hdf5,70002235,20,1,0,1,0,20170515,170436,Final,0
aai20090516.00001.hdf5,70002236,20,1,0,1,0,20170515,170436,Final,0
aai20091116.00001.hdf5,70002237,20,1,0,1,0,20170515,170436,Final,0
aai20091016.00001.hdf5,70002238,20,1,0,1,0,20170515,170438,Final,0
aai20090916.00001.hdf5,70002239,20,1,0,1,0,20170515,170438,Final,0
aai20090417.00001.hdf5,70002240,20,1,0,1,0,20170515,170437,Final,0
aai20091217.00001.hdf5,70002241,20,1,0,1,0,20170515,170435,Final,0
aai20090217.00001.hdf5,70002242,20,1,0,1,0,20170515,170437,Final,0
aai20090717.00001.hdf5,70002243,20,1,0,1,0,20170515,170438,Final,0
aai20090617.00001.hdf5,70002244,20,1,0,1,0,20170515,170438,Final,0
aai20090317.00001.hdf5,70002245,20,1,0,1,0,20170515,170436,Final,0
aai20090517.00001.hdf5,70002246,20,1,0,1,0,20170515,170436,Final,0
aai20091117.00001.hdf5,70002247,20,1,0,1,0,20170515,170436,Final,0
aai20091017.00001.hdf5,70002248,20,1,0,1,0,20170515,170435,Final,0
aai20090917.00001.hdf5,70002249,20,1,0,1,0,20170515,170435,Final,0
aai20090418.00001.hdf5,70002250,20,1,0,1,0,20170515,170435,Final,0
aai20090218.00001.hdf5,70002251,20,1,0,1,0,20170515,170438,Final,0
aai20090718.00001.hdf5,70002252,20,1,0,1,0,20170515,170435,Final,0
aai20090618.00001.hdf5,70002253,20,1,0,1,0,20170515,170436,Final,0
aai20090518.00001.hdf5,70002254,20,1,0,1,0,20170515,170436,Final,0
aai20091118.00001.hdf5,70002255,20,1,0,1,0,20170515,170439,Final,0
aai20091018.00001.hdf5,70002256,20,1,0,1,0,20170515,170435,Final,0
aai20090918.00001.hdf5,70002257,20,1,0,1,0,20170515,170436,Final,0
aai20090419.00001.hdf5,70002258,20,1,0,1,0,20170515,170437,Final,0
aai20090219.00001.hdf5,70002259,20,1,0,1,0,20170515,170439,Final,0
aai20090719.00001.hdf5,70002260,20,1,0,1,0,20170515,170436,Final,0
aai20090619.00001.hdf5,70002261,20,1,0,1,0,20170515,170436,Final,0
aai20090519.00001.hdf5,70002262,20,1,0,1,0,20170515,170435,Final,0
aai20091119.00001.hdf5,70002263,20,1,0,1,0,20170515,170438,Final,0
aai20091019.00001.hdf5,70002264,20,1,0,1,0,20170515,170436,Final,0
aai20090919.00001.hdf5,70002265,20,1,0,1,0,20170515,170438,Final,0
aai20090420.00001.hdf5,70002266,20,1,0,1,0,20170515,170437,Final,0
aai20090220.00001.hdf5,70002267,20,1,0,1,0,20170515,170435,Final,0
aai20090720.00001.hdf5,70002268,20,1,0,1,0,20170515,170436,Final,0
aai20090620.00001.hdf5,70002269,20,1,0,1,0,20170515,170439,Final,0
aai20090520.00001.hdf5,70002270,20,1,0,1,0,20170515,170439,Final,0
aai20091120.00001.hdf5,70002271,20,1,0,1,0,20170515,170438,Final,0
aai20091020.00001.hdf5,70002272,20,1,0,1,0,20170515,170437,Final,0
aai20090920.00001.hdf5,70002273,20,1,0,1,0,20170515,170439,Final,0
aai20090421.00001.hdf5,70002274,20,1,0,1,0,20170515,170435,Final,0
aai20091221.00001.hdf5,70002275,20,1,0,1,0,20170515,170436,Final,0
aai20090221.00001.hdf5,70002276,20,1,0,1,0,20170515,170436,Final,0
aai20090721.00001.hdf5,70002277,20,1,0,1,0,20170515,170437,Final,0
aai20090621.00001.hdf5,70002278,20,1,0,1,0,20170515,170437,Final,0
aai20090521.00001.hdf5,70002279,20,1,0,1,0,20170515,170439,Final,0
aai20091121.00001.hdf5,70002280,20,1,0,1,0,20170515,170437,Final,0
aai20091021.00001.hdf5,70002281,20,1,0,1,0,20170515,170437,Final,0
aai20090921.00001.hdf5,70002282,20,1,0,1,0,20170515,170439,Final,0
aai20090422.00001.hdf5,70002283,20,1,0,1,0,20170515,170438,Final,0
aai20091222.00001.hdf5,70002284,20,1,0,1,0,20170515,170435,Final,0
aai20090222.00001.hdf5,70002285,20,1,0,1,0,20170515,170438,Final,0
aai20090722.00001.hdf5,70002286,20,1,0,1,0,20170515,170437,Final,0
aai20090622.00001.hdf5,70002287,20,1,0,1,0,20170515,170437,Final,0
aai20090522.00001.hdf5,70002288,20,1,0,1,0,20170515,170436,Final,0
aai20091122.00001.hdf5,70002289,20,1,0,1,0,20170515,170435,Final,0
aai20091022.00001.hdf5,70002290,20,1,0,1,0,20170515,170438,Final,0
aai20090922.00001.hdf5,70002291,20,1,0,1,0,20170515,170436,Final,0
aai20090423.00001.hdf5,70002292,20,1,0,1,0,20170515,170437,Final,0
aai20091223.00001.hdf5,70002293,20,1,0,1,0,20170515,170435,Final,0
aai20090223.00001.hdf5,70002294,20,1,0,1,0,20170515,170438,Final,0
aai20090123.00001.hdf5,70002295,20,1,0,1,0,20170515,170436,Final,0
aai20090723.00001.hdf5,70002296,20,1,0,1,0,20170515,170439,Final,0
aai20090623.00001.hdf5,70002297,20,1,0,1,0,20170515,170436,Final,0
aai20090523.00001.hdf5,70002298,20,1,0,1,0,20170515,170436,Final,0
aai20091123.00001.hdf5,70002299,20,1,0,1,0,20170515,170436,Final,0
aai20091023.00001.hdf5,70002300,20,1,0,1,0,20170515,170436,Final,0
aai20090923.00001.hdf5,70002301,20,1,0,1,0,20170515,170438,Final,0
aai20090424.00001.hdf5,70002302,20,1,0,1,0,20170515,170437,Final,0
aai20090824.00001.hdf5,70002303,20,1,0,1,0,20170515,170436,Final,0
aai20091224.00001.hdf5,70002304,20,1,0,1,0,20170515,170438,Final,0
aai20090224.00001.hdf5,70002305,20,1,0,1,0,20170515,170438,Final,0
aai20090124.00001.hdf5,70002306,20,1,0,1,0,20170515,170438,Final,0
aai20090724.00001.hdf5,70002307,20,1,0,1,0,20170515,170438,Final,0
aai20090624.00001.hdf5,70002308,20,1,0,1,0,20170515,170437,Final,0
aai20090524.00001.hdf5,70002309,20,1,0,1,0,20170515,170437,Final,0
aai20091124.00001.hdf5,70002310,20,1,0,1,0,20170515,170439,Final,0
aai20091024.00001.hdf5,70002311,20,1,0,1,0,20170515,170438,Final,0
aai20090924.00001.hdf5,70002312,20,1,0,1,0,20170515,170437,Final,0
aai20090425.00001.hdf5,70002313,20,1,0,1,0,20170515,170436,Final,0
aai20090825.00001.hdf5,70002314,20,1,0,1,0,20170515,170438,Final,0
aai20091225.00001.hdf5,70002315,20,1,0,1,0,20170515,170438,Final,0
aai20090225.00001.hdf5,70002316,20,1,0,1,0,20170515,170436,Final,0
aai20090125.00001.hdf5,70002317,20,1,0,1,0,20170515,170439,Final,0
aai20090725.00001.hdf5,70002318,20,1,0,1,0,20170515,170436,Final,0
aai20090625.00001.hdf5,70002319,20,1,0,1,0,20170515,170438,Final,0
aai20090325.00001.hdf5,70002320,20,1,0,1,0,20170515,170435,Final,0
aai20090525.00001.hdf5,70002321,20,1,0,1,0,20170515,170436,Final,0
aai20091125.00001.hdf5,70002322,20,1,0,1,0,20170515,170435,Final,0
aai20091025.00001.hdf5,70002323,20,1,0,1,0,20170515,170438,Final,0
aai20090925.00001.hdf5,70002324,20,1,0,1,0,20170515,170435,Final,0
aai20090426.00001.hdf5,70002325,20,1,0,1,0,20170515,170436,Final,0
aai20090826.00001.hdf5,70002326,20,1,0,1,0,20170515,170438,Final,0
aai20091226.00001.hdf5,70002327,20,1,0,1,0,20170515,170439,Final,0
aai20090226.00001.hdf5,70002328,20,1,0,1,0,20170515,170439,Final,0
aai20090126.00001.hdf5,70002329,20,1,0,1,0,20170515,170435,Final,0
aai20090726.00001.hdf5,70002330,20,1,0,1,0,20170515,170439,Final,0
aai20090626.00001.hdf5,70002331,20,1,0,1,0,20170515,170436,Final,0
aai20090326.00001.hdf5,70002332,20,1,0,1,0,20170515,170439,Final,0
aai20090526.00001.hdf5,70002333,20,1,0,1,0,20170515,170436,Final,0
aai20091126.00001.hdf5,70002334,20,1,0,1,0,20170515,170438,Final,0
aai20091026.00001.hdf5,70002335,20,1,0,1,0,20170515,170435,Final,0
aai20090926.00001.hdf5,70002336,20,1,0,1,0,20170515,170436,Final,0
aai20090427.00001.hdf5,70002337,20,1,0,1,0,20170515,170439,Final,0
aai20090827.00001.hdf5,70002338,20,1,0,1,0,20170515,170437,Final,0
aai20091227.00001.hdf5,70002339,20,1,0,1,0,20170515,170437,Final,0
aai20090227.00001.hdf5,70002340,20,1,0,1,0,20170515,170436,Final,0
aai20090127.00001.hdf5,70002341,20,1,0,1,0,20170515,170436,Final,0
aai20090727.00001.hdf5,70002342,20,1,0,1,0,20170515,170437,Final,0
aai20090627.00001.hdf5,70002343,20,1,0,1,0,20170515,170438,Final,0
aai20090327.00001.hdf5,70002344,20,1,0,1,0,20170515,170438,Final,0
aai20090527.00001.hdf5,70002345,20,1,0,1,0,20170515,170435,Final,0
aai20091127.00001.hdf5,70002346,20,1,0,1,0,20170515,170436,Final,0
aai20091027.00001.hdf5,70002347,20,1,0,1,0,20170515,170436,Final,0
aai20090927.00001.hdf5,70002348,20,1,0,1,0,20170515,170435,Final,0
aai20090428.00001.hdf5,70002349,20,1,0,1,0,20170515,170436,Final,0
aai20090828.00001.hdf5,70002350,20,1,0,1,0,20170515,170437,Final,0
aai20091228.00001.hdf5,70002351,20,1,0,1,0,20170515,170435,Final,0
aai20090228.00001.hdf5,70002352,20,1,0,1,0,20170515,170435,Final,0
aai20090128.00001.hdf5,70002353,20,1,0,1,0,20170515,170439,Final,0
aai20090728.00001.hdf5,70002354,20,1,0,1,0,20170515,170435,Final,0
aai20090628.00001.hdf5,70002355,20,1,0,1,0,20170515,170438,Final,0
aai20090328.00001.hdf5,70002356,20,1,0,1,0,20170515,170436,Final,0
aai20090528.00001.hdf5,70002357,20,1,0,1,0,20170515,170435,Final,0
aai20091128.00001.hdf5,70002358,20,1,0,1,0,20170515,170437,Final,0
aai20091028.00001.hdf5,70002359,20,1,0,1,0,20170515,170439,Final,0
aai20090928.00001.hdf5,70002360,20,1,0,1,0,20170515,170435,Final,0
aai20090429.00001.hdf5,70002361,20,1,0,1,0,20170515,170436,Final,0
aai20090829.00001.hdf5,70002362,20,1,0,1,0,20170515,170438,Final,0
aai20091229.00001.hdf5,70002363,20,1,0,1,0,20170515,170438,Final,0
aai20090129.00001.hdf5,70002364,20,1,0,1,0,20170515,170437,Final,0
aai20090729.00001.hdf5,70002365,20,1,0,1,0,20170515,170435,Final,0
aai20090629.00001.hdf5,70002366,20,1,0,1,0,20170515,170435,Final,0
aai20090329.00001.hdf5,70002367,20,1,0,1,0,20170515,170435,Final,0
aai20090529.00001.hdf5,70002368,20,1,0,1,0,20170515,170435,Final,0
aai20091129.00001.hdf5,70002369,20,1,0,1,0,20170515,170436,Final,0
aai20091029.00001.hdf5,70002370,20,1,0,1,0,20170515,170437,Final,0
aai20090929.00001.hdf5,70002371,20,1,0,1,0,20170515,170439,Final,0
aai20090430.00001.hdf5,70002372,20,1,0,1,0,20170515,170437,Final,0
aai20090830.00001.hdf5,70002373,20,1,0,1,0,20170515,170439,Final,0
aai20091230.00001.hdf5,70002374,20,1,0,1,0,20170515,170438,Final,0
aai20090130.00001.hdf5,70002375,20,1,0,1,0,20170515,170437,Final,0
aai20090730.00001.hdf5,70002376,20,1,0,1,0,20170515,170436,Final,0
aai20090630.00001.hdf5,70002377,20,1,0,1,0,20170515,170437,Final,0
aai20090330.00001.hdf5,70002378,20,1,0,1,0,20170515,170435,Final,0
aai20090530.00001.hdf5,70002379,20,1,0,1,0,20170515,170436,Final,0
aai20091130.00001.hdf5,70002380,20,1,0,1,0,20170515,170438,Final,0
aai20090930.00001.hdf5,70002381,20,1,0,1,0,20170515,170437,Final,0
aai20090131.00001.hdf5,70002382,20,1,0,1,0,20170515,170435,Final,0
aai20090731.00001.hdf5,70002383,20,1,0,1,0,20170515,170436,Final,0
aai20090331.00001.hdf5,70002384,20,1,0,1,0,20170515,170435,Final,0
aai20090531.00001.hdf5,70002385,20,1,0,1,0,20170515,170436,Final,0
afp090205g.17010.hdf5,70002386,17010,1,0,1,0,20170515,170313,Final,0
afp090101g.17010.hdf5,70002387,17010,1,0,1,0,20170515,170314,Final,0
afp090330g.17010.hdf5,70002388,17010,1,0,1,0,20170515,170313,Final,0
afp090205g.17010.hdf5,70002389,17010,1,0,1,0,20170515,170314,Final,0
afp090330g.17010.hdf5,70002390,17010,1,0,1,0,20170515,170313,Final,0
agp20090330.001.hdf5,70002391,2101,1,0,1,0,20170515,170322,Final,0
akl091207g.2002.hdf5,70002392,2002,1,0,1,0,20180102,090217,Final,0
akl091207g.10002.hdf5,70002392,10002,1,0,1,0,20180102,090218,Final,0
akl091207g.1002.hdf5,70002392,1002,1,0,1,0,20180102,090402,Final,0
akl091208g.1002.hdf5,70002393,1002,1,0,1,0,20180102,075648,Final,0
akl091208g.10002.hdf5,70002393,10002,1,0,1,0,20180102,075649,Final,0
akl091208g.2002.hdf5,70002393,2002,1,0,1,0,20180102,075744,Final,0
akl091209g.1002.hdf5,70002394,1002,1,0,1,0,20180102,073033,Final,0
akl091209g.10002.hdf5,70002394,10002,1,0,1,0,20180102,073034,Final,0
akl091209g.2002.hdf5,70002394,2002,1,0,1,0,20180102,073207,Final,0
akl091210g.1002.hdf5,70002395,1002,1,0,1,0,20180102,054214,Final,0
akl091210g.10002.hdf5,70002395,10002,1,0,1,0,20180102,054215,Final,0
akl091210g.2002.hdf5,70002395,2002,1,0,1,0,20180102,054244,Final,0
akl091211g.10002.hdf5,70002396,10002,1,0,1,0,20180102,072230,Final,0
akl091211g.2002.hdf5,70002396,2002,1,0,1,0,20180102,072312,Final,0
akl091211g.1002.hdf5,70002396,1002,1,0,1,0,20180102,073451,Final,0
akl091213g.2002.hdf5,70002397,2002,1,0,1,0,20180102,075212,Final,0
akl091213g.1002.hdf5,70002397,1002,1,0,1,0,20180102,080232,Final,0
akl091213g.10002.hdf5,70002397,10002,1,0,1,0,20180102,080233,Final,0
akl091214g.2002.hdf5,70002398,2002,1,0,1,0,20180102,053805,Final,0
akl091214g.10002.hdf5,70002398,10002,1,0,1,0,20180102,053806,Final,0
akl091214g.1002.hdf5,70002398,1002,1,0,1,0,20180102,053808,Final,0
akl091215g.1002.hdf5,70002399,1002,1,0,1,0,20180102,080311,Final,0
akl091215g.2002.hdf5,70002399,2002,1,0,1,0,20180102,080334,Final,0
akl091215g.10002.hdf5,70002399,10002,1,0,1,0,20180102,080336,Final,0
akl091115g.2002.hdf5,70002400,2002,1,0,1,0,20180102,062230,Final,0
akl091115g.1002.hdf5,70002400,1002,1,0,1,0,20180102,063459,Final,0
akl091115g.10002.hdf5,70002400,10002,1,0,1,0,20180102,063501,Final,0
akl090417g.10002.hdf5,70002401,10002,1,0,1,0,20180102,060640,Final,0
akl090417g.2002.hdf5,70002401,2002,1,0,1,0,20180102,060710,Final,0
akl090417g.1002.hdf5,70002401,1002,1,0,1,0,20180102,061343,Final,0
akl090718g.10002.hdf5,70002402,10002,1,0,1,0,20180102,080711,Final,0
akl090718g.1002.hdf5,70002402,1002,1,0,1,0,20180102,081429,Final,0
akl090718g.2002.hdf5,70002402,2002,1,0,1,0,20180102,081520,Final,0
akl090618g.1002.hdf5,70002403,1002,1,0,1,0,20180102,075902,Final,0
akl090618g.2002.hdf5,70002403,2002,1,0,1,0,20180102,075912,Final,0
akl090618g.10002.hdf5,70002403,10002,1,0,1,0,20180102,075913,Final,0
akl090224g.2002.hdf5,70002404,2002,1,0,1,0,20180102,072205,Final,0
akl090224g.1002.hdf5,70002404,1002,1,0,1,0,20180102,072714,Final,0
akl090224g.10002.hdf5,70002404,10002,1,0,1,0,20180102,072715,Final,0
akl090724g.2002.hdf5,70002405,2002,1,0,1,0,20180102,074008,Final,0
akl090724g.10002.hdf5,70002405,10002,1,0,1,0,20180102,074009,Final,0
akl090724g.1002.hdf5,70002405,1002,1,0,1,0,20180102,074715,Final,0
arg090204g.001.hdf5,70002406,2010,1,0,1,0,20170515,170337,Final,0
aro20090204plg.001.hdf5,70002406,2040,1,0,1,0,20210303,192856,Final,0
aro20090205plg.001.hdf5,70002407,2040,1,0,1,1,20210303,200654,Final,0
arg090512g.001.hdf5,70002408,2010,1,0,1,0,20170515,170339,Final,0
aro20090126plg.001.hdf5,70002409,2040,1,0,1,1,20210304,015135,Final,0
aro20090127plg.001.hdf5,70002410,2040,1,0,1,1,20210304,035625,Final,0
aro20090128plg.001.hdf5,70002411,2040,1,0,1,1,20210304,045841,Final,0
arl090204.001.hdf5,70002412,2010,1,0,1,0,20170515,170420,Final,0
aro20090204pll.001.hdf5,70002412,2040,1,0,1,0,20210303,192100,Final,0
aro20090205pll.001.hdf5,70002413,2040,1,0,1,1,20210303,194404,Final,0
arl091209g.001.hdf5,70002414,2010,1,0,1,0,20170515,170420,Final,0
arl090512g.001.hdf5,70002415,2010,1,0,1,0,20170515,170423,Final,0
arl091221g.001.hdf5,70002416,2010,1,0,1,0,20170515,170418,Final,0
arl090324g.001.hdf5,70002417,2010,1,0,1,0,20170515,170425,Final,0
aro20090126pll.001.hdf5,70002418,2040,1,0,1,1,20210304,002822,Final,0
aro20090127pll.001.hdf5,70002419,2040,1,0,1,1,20210304,030309,Final,0
aro20090128pll.001.hdf5,70002420,2040,1,0,1,1,20210304,043611,Final,0
aro20090204vecF.000.hdf5,70002421,2011,1,0,1,0,20170515,170354,Preliminary - final calibration pending,0
aro20090512vecF.000.hdf5,70002422,2011,1,0,1,0,20170515,170354,Preliminary - final calibration pending,0
arp20090330.001.hdf5,70002423,2100,1,0,1,0,20170515,170348,Final,0
aai20100401.00001.hdf5,70002424,20,1,0,1,0,20160607,034808,Final,0
aai20100801.00001.hdf5,70002425,20,1,0,1,0,20160607,034819,Final,0
aai20101201.00001.hdf5,70002426,20,1,0,1,0,20160607,034806,Final,0
aai20100201.00001.hdf5,70002427,20,1,0,1,0,20160607,034818,Final,0
aai20100701.00001.hdf5,70002428,20,1,0,1,0,20160607,034833,Final,0
aai20100601.00001.hdf5,70002429,20,1,0,1,0,20160607,034807,Final,0
aai20100501.00001.hdf5,70002430,20,1,0,1,0,20160607,034832,Final,0
aai20101101.00001.hdf5,70002431,20,1,0,1,0,20160607,034833,Final,0
aai20101001.00001.hdf5,70002432,20,1,0,1,0,20160607,034834,Final,0
aai20100901.00001.hdf5,70002433,20,1,0,1,0,20160607,034816,Final,0
aai20100402.00001.hdf5,70002434,20,1,0,1,0,20160607,034836,Final,0
aai20100802.00001.hdf5,70002435,20,1,0,1,0,20160607,034822,Final,0
aai20101202.00001.hdf5,70002436,20,1,0,1,0,20160607,034819,Final,0
aai20100202.00001.hdf5,70002437,20,1,0,1,0,20160607,034820,Final,0
aai20100702.00001.hdf5,70002438,20,1,0,1,0,20160607,034832,Final,0
aai20100602.00001.hdf5,70002439,20,1,0,1,0,20160607,034817,Final,0
aai20100302.00001.hdf5,70002440,20,1,0,1,0,20160607,034828,Final,0
aai20100502.00001.hdf5,70002441,20,1,0,1,0,20160607,034820,Final,0
aai20101102.00001.hdf5,70002442,20,1,0,1,0,20160607,034833,Final,0
aai20101002.00001.hdf5,70002443,20,1,0,1,0,20160607,034823,Final,0
aai20100902.00001.hdf5,70002444,20,1,0,1,0,20160607,034821,Final,0
aai20100403.00001.hdf5,70002445,20,1,0,1,0,20160607,034839,Final,0
aai20100803.00001.hdf5,70002446,20,1,0,1,0,20160607,034834,Final,0
aai20101203.00001.hdf5,70002447,20,1,0,1,0,20160607,034821,Final,0
aai20100203.00001.hdf5,70002448,20,1,0,1,0,20160607,034803,Final,0
aai20100703.00001.hdf5,70002449,20,1,0,1,0,20160607,034812,Final,0
aai20100603.00001.hdf5,70002450,20,1,0,1,0,20160607,034833,Final,0
aai20100303.00001.hdf5,70002451,20,1,0,1,0,20160607,034832,Final,0
aai20100503.00001.hdf5,70002452,20,1,0,1,0,20160607,034816,Final,0
aai20101103.00001.hdf5,70002453,20,1,0,1,0,20160607,034822,Final,0
aai20101003.00001.hdf5,70002454,20,1,0,1,0,20160607,034831,Final,0
aai20100903.00001.hdf5,70002455,20,1,0,1,0,20160607,034801,Final,0
aai20100404.00001.hdf5,70002456,20,1,0,1,0,20160607,034813,Final,0
aai20100804.00001.hdf5,70002457,20,1,0,1,0,20160607,034806,Final,0
aai20101204.00001.hdf5,70002458,20,1,0,1,0,20160607,034812,Final,0
aai20100204.00001.hdf5,70002459,20,1,0,1,0,20160607,034819,Final,0
aai20100704.00001.hdf5,70002460,20,1,0,1,0,20160607,034818,Final,0
aai20100604.00001.hdf5,70002461,20,1,0,1,0,20160607,034835,Final,0
aai20100304.00001.hdf5,70002462,20,1,0,1,0,20160607,034802,Final,0
aai20100504.00001.hdf5,70002463,20,1,0,1,0,20160607,034835,Final,0
aai20101104.00001.hdf5,70002464,20,1,0,1,0,20160607,034838,Final,0
aai20101004.00001.hdf5,70002465,20,1,0,1,0,20160607,034830,Final,0
aai20100904.00001.hdf5,70002466,20,1,0,1,0,20160607,034804,Final,0
aai20100405.00001.hdf5,70002467,20,1,0,1,0,20160607,034818,Final,0
aai20100805.00001.hdf5,70002468,20,1,0,1,0,20160607,034812,Final,0
aai20101205.00001.hdf5,70002469,20,1,0,1,0,20160607,034819,Final,0
aai20100205.00001.hdf5,70002470,20,1,0,1,0,20160607,034817,Final,0
aai20100705.00001.hdf5,70002471,20,1,0,1,0,20160607,034839,Final,0
aai20100605.00001.hdf5,70002472,20,1,0,1,0,20160607,034822,Final,0
aai20100305.00001.hdf5,70002473,20,1,0,1,0,20160607,034819,Final,0
aai20100505.00001.hdf5,70002474,20,1,0,1,0,20160607,034816,Final,0
aai20101105.00001.hdf5,70002475,20,1,0,1,0,20160607,034823,Final,0
aai20101005.00001.hdf5,70002476,20,1,0,1,0,20160607,034834,Final,0
aai20100905.00001.hdf5,70002477,20,1,0,1,0,20160607,034835,Final,0
aai20100406.00001.hdf5,70002478,20,1,0,1,0,20160607,034834,Final,0
aai20100806.00001.hdf5,70002479,20,1,0,1,0,20160607,034804,Final,0
aai20101206.00001.hdf5,70002480,20,1,0,1,0,20160607,034815,Final,0
aai20100206.00001.hdf5,70002481,20,1,0,1,0,20160607,034805,Final,0
aai20100706.00001.hdf5,70002482,20,1,0,1,0,20160607,034823,Final,0
aai20100606.00001.hdf5,70002483,20,1,0,1,0,20160607,034827,Final,0
aai20100306.00001.hdf5,70002484,20,1,0,1,0,20160607,034817,Final,0
aai20100506.00001.hdf5,70002485,20,1,0,1,0,20160607,034828,Final,0
aai20101106.00001.hdf5,70002486,20,1,0,1,0,20160607,034815,Final,0
aai20101006.00001.hdf5,70002487,20,1,0,1,0,20160607,034837,Final,0
aai20100906.00001.hdf5,70002488,20,1,0,1,0,20160607,034816,Final,0
aai20100407.00001.hdf5,70002489,20,1,0,1,0,20160607,034833,Final,0
aai20100807.00001.hdf5,70002490,20,1,0,1,0,20160607,034803,Final,0
aai20101207.00001.hdf5,70002491,20,1,0,1,0,20160607,034825,Final,0
aai20100207.00001.hdf5,70002492,20,1,0,1,0,20160607,034805,Final,0
aai20100707.00001.hdf5,70002493,20,1,0,1,0,20160607,034838,Final,0
aai20100607.00001.hdf5,70002494,20,1,0,1,0,20160607,034825,Final,0
aai20100307.00001.hdf5,70002495,20,1,0,1,0,20160607,034821,Final,0
aai20100507.00001.hdf5,70002496,20,1,0,1,0,20160607,034838,Final,0
aai20101107.00001.hdf5,70002497,20,1,0,1,0,20160607,034831,Final,0
aai20101007.00001.hdf5,70002498,20,1,0,1,0,20160607,034826,Final,0
aai20100907.00001.hdf5,70002499,20,1,0,1,0,20160607,034812,Final,0
aai20100408.00001.hdf5,70002500,20,1,0,1,0,20160607,034816,Final,0
aai20101208.00001.hdf5,70002501,20,1,0,1,0,20160607,034802,Final,0
aai20100208.00001.hdf5,70002502,20,1,0,1,0,20160607,034830,Final,0
aai20100708.00001.hdf5,70002503,20,1,0,1,0,20160607,034813,Final,0
aai20100608.00001.hdf5,70002504,20,1,0,1,0,20160607,034819,Final,0
aai20100308.00001.hdf5,70002505,20,1,0,1,0,20160607,034827,Final,0
aai20100508.00001.hdf5,70002506,20,1,0,1,0,20160607,034828,Final,0
aai20101108.00001.hdf5,70002507,20,1,0,1,0,20160607,034815,Final,0
aai20101008.00001.hdf5,70002508,20,1,0,1,0,20160607,034836,Final,0
aai20100908.00001.hdf5,70002509,20,1,0,1,0,20160607,034818,Final,0
aai20100409.00001.hdf5,70002510,20,1,0,1,0,20160607,034819,Final,0
aai20100809.00001.hdf5,70002511,20,1,0,1,0,20160607,034838,Final,0
aai20101209.00001.hdf5,70002512,20,1,0,1,0,20160607,034804,Final,0
aai20100209.00001.hdf5,70002513,20,1,0,1,0,20160607,034804,Final,0
aai20100709.00001.hdf5,70002514,20,1,0,1,0,20160607,034814,Final,0
aai20100609.00001.hdf5,70002515,20,1,0,1,0,20160607,034832,Final,0
aai20100309.00001.hdf5,70002516,20,1,0,1,0,20160607,034822,Final,0
aai20100509.00001.hdf5,70002517,20,1,0,1,0,20160607,034831,Final,0
aai20101109.00001.hdf5,70002518,20,1,0,1,0,20160607,034803,Final,0
aai20101009.00001.hdf5,70002519,20,1,0,1,0,20160607,034830,Final,0
aai20100909.00001.hdf5,70002520,20,1,0,1,0,20160607,034808,Final,0
aai20100410.00001.hdf5,70002521,20,1,0,1,0,20160607,034817,Final,0
aai20100810.00001.hdf5,70002522,20,1,0,1,0,20160607,034803,Final,0
aai20101210.00001.hdf5,70002523,20,1,0,1,0,20160607,034820,Final,0
aai20100210.00001.hdf5,70002524,20,1,0,1,0,20160607,034815,Final,0
aai20100710.00001.hdf5,70002525,20,1,0,1,0,20160607,034830,Final,0
aai20100610.00001.hdf5,70002526,20,1,0,1,0,20160607,034816,Final,0
aai20100310.00001.hdf5,70002527,20,1,0,1,0,20160607,034814,Final,0
aai20100510.00001.hdf5,70002528,20,1,0,1,0,20160607,034834,Final,0
aai20101110.00001.hdf5,70002529,20,1,0,1,0,20160607,034804,Final,0
aai20101010.00001.hdf5,70002530,20,1,0,1,0,20160607,034819,Final,0
aai20100910.00001.hdf5,70002531,20,1,0,1,0,20160607,034835,Final,0
aai20100411.00001.hdf5,70002532,20,1,0,1,0,20160607,034819,Final,0
aai20100811.00001.hdf5,70002533,20,1,0,1,0,20160607,034802,Final,0
aai20101211.00001.hdf5,70002534,20,1,0,1,0,20160607,034831,Final,0
aai20100211.00001.hdf5,70002535,20,1,0,1,0,20160607,034802,Final,0
aai20100711.00001.hdf5,70002536,20,1,0,1,0,20160607,034806,Final,0
aai20100611.00001.hdf5,70002537,20,1,0,1,0,20160607,034804,Final,0
aai20100311.00001.hdf5,70002538,20,1,0,1,0,20160607,034802,Final,0
aai20100511.00001.hdf5,70002539,20,1,0,1,0,20160607,034811,Final,0
aai20101111.00001.hdf5,70002540,20,1,0,1,0,20160607,034823,Final,0
aai20101011.00001.hdf5,70002541,20,1,0,1,0,20160607,034805,Final,0
aai20100911.00001.hdf5,70002542,20,1,0,1,0,20160607,034807,Final,0
aai20100412.00001.hdf5,70002543,20,1,0,1,0,20160607,034833,Final,0
aai20100812.00001.hdf5,70002544,20,1,0,1,0,20160607,034829,Final,0
aai20101212.00001.hdf5,70002545,20,1,0,1,0,20160607,034805,Final,0
aai20100212.00001.hdf5,70002546,20,1,0,1,0,20160607,034804,Final,0
aai20100712.00001.hdf5,70002547,20,1,0,1,0,20160607,034801,Final,0
aai20100612.00001.hdf5,70002548,20,1,0,1,0,20160607,034811,Final,0
aai20100312.00001.hdf5,70002549,20,1,0,1,0,20160607,034832,Final,0
aai20100512.00001.hdf5,70002550,20,1,0,1,0,20160607,034828,Final,0
aai20101112.00001.hdf5,70002551,20,1,0,1,0,20160607,034838,Final,0
aai20101012.00001.hdf5,70002552,20,1,0,1,0,20160607,034802,Final,0
aai20100912.00001.hdf5,70002553,20,1,0,1,0,20160607,034826,Final,0
aai20100413.00001.hdf5,70002554,20,1,0,1,0,20160607,034812,Final,0
aai20100813.00001.hdf5,70002555,20,1,0,1,0,20160607,034836,Final,0
aai20101213.00001.hdf5,70002556,20,1,0,1,0,20160607,034817,Final,0
aai20100213.00001.hdf5,70002557,20,1,0,1,0,20160607,034836,Final,0
aai20100113.00001.hdf5,70002558,20,1,0,1,0,20160607,034835,Final,0
aai20100713.00001.hdf5,70002559,20,1,0,1,0,20160607,034808,Final,0
aai20100613.00001.hdf5,70002560,20,1,0,1,0,20160607,034813,Final,0
aai20100313.00001.hdf5,70002561,20,1,0,1,0,20160607,034815,Final,0
aai20100513.00001.hdf5,70002562,20,1,0,1,0,20160607,034835,Final,0
aai20101113.00001.hdf5,70002563,20,1,0,1,0,20160607,034826,Final,0
aai20101013.00001.hdf5,70002564,20,1,0,1,0,20160607,034838,Final,0
aai20100913.00001.hdf5,70002565,20,1,0,1,0,20160607,034807,Final,0
aai20100414.00001.hdf5,70002566,20,1,0,1,0,20160607,034827,Final,0
aai20100814.00001.hdf5,70002567,20,1,0,1,0,20160607,034829,Final,0
aai20101214.00001.hdf5,70002568,20,1,0,1,0,20160607,034818,Final,0
aai20100214.00001.hdf5,70002569,20,1,0,1,0,20160607,034838,Final,0
aai20100114.00001.hdf5,70002570,20,1,0,1,0,20160607,034836,Final,0
aai20100714.00001.hdf5,70002571,20,1,0,1,0,20160607,034814,Final,0
aai20100614.00001.hdf5,70002572,20,1,0,1,0,20160607,034811,Final,0
aai20100314.00001.hdf5,70002573,20,1,0,1,0,20160607,034811,Final,0
aai20100514.00001.hdf5,70002574,20,1,0,1,0,20160607,034831,Final,0
aai20101114.00001.hdf5,70002575,20,1,0,1,0,20160607,034829,Final,0
aai20101014.00001.hdf5,70002576,20,1,0,1,0,20160607,034803,Final,0
aai20100914.00001.hdf5,70002577,20,1,0,1,0,20160607,034829,Final,0
aai20100415.00001.hdf5,70002578,20,1,0,1,0,20160607,034824,Final,0
aai20100815.00001.hdf5,70002579,20,1,0,1,0,20160607,034822,Final,0
aai20101215.00001.hdf5,70002580,20,1,0,1,0,20160607,034834,Final,0
aai20100215.00001.hdf5,70002581,20,1,0,1,0,20160607,034835,Final,0
aai20100115.00001.hdf5,70002582,20,1,0,1,0,20160607,034801,Final,0
aai20100715.00001.hdf5,70002583,20,1,0,1,0,20160607,034809,Final,0
aai20100615.00001.hdf5,70002584,20,1,0,1,0,20160607,034824,Final,0
aai20100315.00001.hdf5,70002585,20,1,0,1,0,20160607,034825,Final,0
aai20100515.00001.hdf5,70002586,20,1,0,1,0,20160607,034810,Final,0
aai20101115.00001.hdf5,70002587,20,1,0,1,0,20160607,034816,Final,0
aai20101015.00001.hdf5,70002588,20,1,0,1,0,20160607,034809,Final,0
aai20100915.00001.hdf5,70002589,20,1,0,1,0,20160607,034808,Final,0
aai20100416.00001.hdf5,70002590,20,1,0,1,0,20160607,034818,Final,0
aai20100816.00001.hdf5,70002591,20,1,0,1,0,20160607,034819,Final,0
aai20101216.00001.hdf5,70002592,20,1,0,1,0,20160607,034812,Final,0
aai20100216.00001.hdf5,70002593,20,1,0,1,0,20160607,034826,Final,0
aai20100116.00001.hdf5,70002594,20,1,0,1,0,20160607,034810,Final,0
aai20100716.00001.hdf5,70002595,20,1,0,1,0,20160607,034836,Final,0
aai20100616.00001.hdf5,70002596,20,1,0,1,0,20160607,034807,Final,0
aai20100316.00001.hdf5,70002597,20,1,0,1,0,20160607,034816,Final,0
aai20100516.00001.hdf5,70002598,20,1,0,1,0,20160607,034837,Final,0
aai20101116.00001.hdf5,70002599,20,1,0,1,0,20160607,034834,Final,0
aai20101016.00001.hdf5,70002600,20,1,0,1,0,20160607,034828,Final,0
aai20100916.00001.hdf5,70002601,20,1,0,1,0,20160607,034809,Final,0
aai20100417.00001.hdf5,70002602,20,1,0,1,0,20160607,034809,Final,0
aai20100817.00001.hdf5,70002603,20,1,0,1,0,20160607,034825,Final,0
aai20101217.00001.hdf5,70002604,20,1,0,1,0,20160607,034802,Final,0
aai20100217.00001.hdf5,70002605,20,1,0,1,0,20160607,034806,Final,0
aai20100117.00001.hdf5,70002606,20,1,0,1,0,20160607,034829,Final,0
aai20100717.00001.hdf5,70002607,20,1,0,1,0,20160607,034812,Final,0
aai20100617.00001.hdf5,70002608,20,1,0,1,0,20160607,034811,Final,0
aai20100317.00001.hdf5,70002609,20,1,0,1,0,20160607,034836,Final,0
aai20100517.00001.hdf5,70002610,20,1,0,1,0,20160607,034804,Final,0
aai20101117.00001.hdf5,70002611,20,1,0,1,0,20160607,034810,Final,0
aai20101017.00001.hdf5,70002612,20,1,0,1,0,20160607,034809,Final,0
aai20100917.00001.hdf5,70002613,20,1,0,1,0,20160607,034816,Final,0
aai20100418.00001.hdf5,70002614,20,1,0,1,0,20160607,034817,Final,0
aai20100818.00001.hdf5,70002615,20,1,0,1,0,20160607,034824,Final,0
aai20101218.00001.hdf5,70002616,20,1,0,1,0,20160607,034808,Final,0
aai20100218.00001.hdf5,70002617,20,1,0,1,0,20160607,034828,Final,0
aai20100118.00001.hdf5,70002618,20,1,0,1,0,20160607,034814,Final,0
aai20100718.00001.hdf5,70002619,20,1,0,1,0,20160607,034812,Final,0
aai20100618.00001.hdf5,70002620,20,1,0,1,0,20160607,034825,Final,0
aai20100318.00001.hdf5,70002621,20,1,0,1,0,20160607,034831,Final,0
aai20100518.00001.hdf5,70002622,20,1,0,1,0,20160607,034825,Final,0
aai20101118.00001.hdf5,70002623,20,1,0,1,0,20160607,034811,Final,0
aai20101018.00001.hdf5,70002624,20,1,0,1,0,20160607,034813,Final,0
aai20100918.00001.hdf5,70002625,20,1,0,1,0,20160607,034832,Final,0
aai20100419.00001.hdf5,70002626,20,1,0,1,0,20160607,034805,Final,0
aai20100819.00001.hdf5,70002627,20,1,0,1,0,20160607,034820,Final,0
aai20101219.00001.hdf5,70002628,20,1,0,1,0,20160607,034837,Final,0
aai20100219.00001.hdf5,70002629,20,1,0,1,0,20160607,034831,Final,0
aai20100119.00001.hdf5,70002630,20,1,0,1,0,20160607,034803,Final,0
aai20100719.00001.hdf5,70002631,20,1,0,1,0,20160607,034809,Final,0
aai20100619.00001.hdf5,70002632,20,1,0,1,0,20160607,034833,Final,0
aai20100319.00001.hdf5,70002633,20,1,0,1,0,20160607,034834,Final,0
aai20100519.00001.hdf5,70002634,20,1,0,1,0,20160607,034806,Final,0
aai20101119.00001.hdf5,70002635,20,1,0,1,0,20160607,034822,Final,0
aai20101019.00001.hdf5,70002636,20,1,0,1,0,20160607,034814,Final,0
aai20100919.00001.hdf5,70002637,20,1,0,1,0,20160607,034810,Final,0
aai20100420.00001.hdf5,70002638,20,1,0,1,0,20160607,034814,Final,0
aai20100820.00001.hdf5,70002639,20,1,0,1,0,20160607,034830,Final,0
aai20101220.00001.hdf5,70002640,20,1,0,1,0,20160607,034837,Final,0
aai20100220.00001.hdf5,70002641,20,1,0,1,0,20160607,034826,Final,0
aai20100120.00001.hdf5,70002642,20,1,0,1,0,20160607,034802,Final,0
aai20100720.00001.hdf5,70002643,20,1,0,1,0,20160607,034838,Final,0
aai20100620.00001.hdf5,70002644,20,1,0,1,0,20160607,034823,Final,0
aai20100320.00001.hdf5,70002645,20,1,0,1,0,20160607,034828,Final,0
aai20100520.00001.hdf5,70002646,20,1,0,1,0,20160607,034811,Final,0
aai20101120.00001.hdf5,70002647,20,1,0,1,0,20160607,034838,Final,0
aai20101020.00001.hdf5,70002648,20,1,0,1,0,20160607,034802,Final,0
aai20100920.00001.hdf5,70002649,20,1,0,1,0,20160607,034809,Final,0
aai20100421.00001.hdf5,70002650,20,1,0,1,0,20160607,034811,Final,0
aai20100821.00001.hdf5,70002651,20,1,0,1,0,20160607,034815,Final,0
aai20100221.00001.hdf5,70002652,20,1,0,1,0,20160607,034829,Final,0
aai20100121.00001.hdf5,70002653,20,1,0,1,0,20160607,034811,Final,0
aai20100721.00001.hdf5,70002654,20,1,0,1,0,20160607,034824,Final,0
aai20100621.00001.hdf5,70002655,20,1,0,1,0,20160607,034810,Final,0
aai20100321.00001.hdf5,70002656,20,1,0,1,0,20160607,034820,Final,0
aai20100521.00001.hdf5,70002657,20,1,0,1,0,20160607,034813,Final,0
aai20101021.00001.hdf5,70002658,20,1,0,1,0,20160607,034818,Final,0
aai20100921.00001.hdf5,70002659,20,1,0,1,0,20160607,034837,Final,0
aai20100422.00001.hdf5,70002660,20,1,0,1,0,20160607,034804,Final,0
aai20100822.00001.hdf5,70002661,20,1,0,1,0,20160607,034826,Final,0
aai20100222.00001.hdf5,70002662,20,1,0,1,0,20160607,034810,Final,0
aai20100122.00001.hdf5,70002663,20,1,0,1,0,20160607,034814,Final,0
aai20100722.00001.hdf5,70002664,20,1,0,1,0,20160607,034829,Final,0
aai20100622.00001.hdf5,70002665,20,1,0,1,0,20160607,034827,Final,0
aai20100322.00001.hdf5,70002666,20,1,0,1,0,20160607,034815,Final,0
aai20100522.00001.hdf5,70002667,20,1,0,1,0,20160607,034827,Final,0
aai20100922.00001.hdf5,70002668,20,1,0,1,0,20160607,034820,Final,0
aai20100423.00001.hdf5,70002669,20,1,0,1,0,20160607,034815,Final,0
aai20100823.00001.hdf5,70002670,20,1,0,1,0,20160607,034808,Final,0
aai20101223.00001.hdf5,70002671,20,1,0,1,0,20160607,034805,Final,0
aai20100223.00001.hdf5,70002672,20,1,0,1,0,20160607,034808,Final,0
aai20100123.00001.hdf5,70002673,20,1,0,1,0,20160607,034826,Final,0
aai20100723.00001.hdf5,70002674,20,1,0,1,0,20160607,034802,Final,0
aai20100623.00001.hdf5,70002675,20,1,0,1,0,20160607,034824,Final,0
aai20100323.00001.hdf5,70002676,20,1,0,1,0,20160607,034825,Final,0
aai20100523.00001.hdf5,70002677,20,1,0,1,0,20160607,034823,Final,0
aai20101123.00001.hdf5,70002678,20,1,0,1,0,20160607,034830,Final,0
aai20100424.00001.hdf5,70002679,20,1,0,1,0,20160607,034833,Final,0
aai20101224.00001.hdf5,70002680,20,1,0,1,0,20160607,034810,Final,0
aai20100224.00001.hdf5,70002681,20,1,0,1,0,20160607,034824,Final,0
aai20100124.00001.hdf5,70002682,20,1,0,1,0,20160607,034810,Final,0
aai20100724.00001.hdf5,70002683,20,1,0,1,0,20160607,034834,Final,0
aai20100624.00001.hdf5,70002684,20,1,0,1,0,20160607,034810,Final,0
aai20100324.00001.hdf5,70002685,20,1,0,1,0,20160607,034830,Final,0
aai20100524.00001.hdf5,70002686,20,1,0,1,0,20160607,034829,Final,0
aai20101124.00001.hdf5,70002687,20,1,0,1,0,20160607,034836,Final,0
aai20100425.00001.hdf5,70002688,20,1,0,1,0,20160607,034807,Final,0
aai20101225.00001.hdf5,70002689,20,1,0,1,0,20160607,034837,Final,0
aai20100225.00001.hdf5,70002690,20,1,0,1,0,20160607,034807,Final,0
aai20100125.00001.hdf5,70002691,20,1,0,1,0,20160607,034801,Final,0
aai20100625.00001.hdf5,70002692,20,1,0,1,0,20160607,034828,Final,0
aai20100325.00001.hdf5,70002693,20,1,0,1,0,20160607,034810,Final,0
aai20100525.00001.hdf5,70002694,20,1,0,1,0,20160607,034820,Final,0
aai20101125.00001.hdf5,70002695,20,1,0,1,0,20160607,034824,Final,0
aai20101025.00001.hdf5,70002696,20,1,0,1,0,20160607,034822,Final,0
aai20100426.00001.hdf5,70002697,20,1,0,1,0,20160607,034815,Final,0
aai20101226.00001.hdf5,70002698,20,1,0,1,0,20160607,034826,Final,0
aai20100226.00001.hdf5,70002699,20,1,0,1,0,20160607,034825,Final,0
aai20100126.00001.hdf5,70002700,20,1,0,1,0,20160607,034836,Final,0
aai20100326.00001.hdf5,70002701,20,1,0,1,0,20160607,034814,Final,0
aai20100526.00001.hdf5,70002702,20,1,0,1,0,20160607,034830,Final,0
aai20101126.00001.hdf5,70002703,20,1,0,1,0,20160607,034833,Final,0
aai20101026.00001.hdf5,70002704,20,1,0,1,0,20160607,034808,Final,0
aai20100926.00001.hdf5,70002705,20,1,0,1,0,20160607,034808,Final,0
aai20100427.00001.hdf5,70002706,20,1,0,1,0,20160607,034807,Final,0
aai20100827.00001.hdf5,70002707,20,1,0,1,0,20160607,034821,Final,0
aai20101227.00001.hdf5,70002708,20,1,0,1,0,20160607,034818,Final,0
aai20100227.00001.hdf5,70002709,20,1,0,1,0,20160607,034828,Final,0
aai20100127.00001.hdf5,70002710,20,1,0,1,0,20160607,034821,Final,0
aai20100727.00001.hdf5,70002711,20,1,0,1,0,20160607,034803,Final,0
aai20100627.00001.hdf5,70002712,20,1,0,1,0,20160607,034820,Final,0
aai20100327.00001.hdf5,70002713,20,1,0,1,0,20160607,034835,Final,0
aai20101127.00001.hdf5,70002714,20,1,0,1,0,20160607,034813,Final,0
aai20101027.00001.hdf5,70002715,20,1,0,1,0,20160607,034831,Final,0
aai20100927.00001.hdf5,70002716,20,1,0,1,0,20160607,034803,Final,0
aai20100828.00001.hdf5,70002717,20,1,0,1,0,20160607,034809,Final,0
aai20101228.00001.hdf5,70002718,20,1,0,1,0,20160607,034835,Final,0
aai20100128.00001.hdf5,70002719,20,1,0,1,0,20160607,034822,Final,0
aai20100728.00001.hdf5,70002720,20,1,0,1,0,20160607,034831,Final,0
aai20100628.00001.hdf5,70002721,20,1,0,1,0,20160607,034811,Final,0
aai20100328.00001.hdf5,70002722,20,1,0,1,0,20160607,034801,Final,0
aai20100528.00001.hdf5,70002723,20,1,0,1,0,20160607,034830,Final,0
aai20101128.00001.hdf5,70002724,20,1,0,1,0,20160607,034805,Final,0
aai20101028.00001.hdf5,70002725,20,1,0,1,0,20160607,034812,Final,0
aai20100928.00001.hdf5,70002726,20,1,0,1,0,20160607,034827,Final,0
aai20100429.00001.hdf5,70002727,20,1,0,1,0,20160607,034813,Final,0
aai20100829.00001.hdf5,70002728,20,1,0,1,0,20160607,034812,Final,0
aai20101229.00001.hdf5,70002729,20,1,0,1,0,20160607,034827,Final,0
aai20100129.00001.hdf5,70002730,20,1,0,1,0,20160607,034807,Final,0
aai20100729.00001.hdf5,70002731,20,1,0,1,0,20160607,034825,Final,0
aai20100629.00001.hdf5,70002732,20,1,0,1,0,20160607,034829,Final,0
aai20100329.00001.hdf5,70002733,20,1,0,1,0,20160607,034822,Final,0
aai20100529.00001.hdf5,70002734,20,1,0,1,0,20160607,034814,Final,0
aai20101129.00001.hdf5,70002735,20,1,0,1,0,20160607,034812,Final,0
aai20101029.00001.hdf5,70002736,20,1,0,1,0,20160607,034837,Final,0
aai20100929.00001.hdf5,70002737,20,1,0,1,0,20160607,034818,Final,0
aai20100430.00001.hdf5,70002738,20,1,0,1,0,20160607,034824,Final,0
aai20100830.00001.hdf5,70002739,20,1,0,1,0,20160607,034832,Final,0
aai20101230.00001.hdf5,70002740,20,1,0,1,0,20160607,034817,Final,0
aai20100730.00001.hdf5,70002741,20,1,0,1,0,20160607,034801,Final,0
aai20100630.00001.hdf5,70002742,20,1,0,1,0,20160607,034830,Final,0
aai20100530.00001.hdf5,70002743,20,1,0,1,0,20160607,034837,Final,0
aai20101130.00001.hdf5,70002744,20,1,0,1,0,20160607,034823,Final,0
aai20101030.00001.hdf5,70002745,20,1,0,1,0,20160607,034807,Final,0
aai20100930.00001.hdf5,70002746,20,1,0,1,0,20160607,034805,Final,0
aai20100831.00001.hdf5,70002747,20,1,0,1,0,20160607,034813,Final,0
aai20101231.00001.hdf5,70002748,20,1,0,1,0,20160607,034823,Final,0
aai20100131.00001.hdf5,70002749,20,1,0,1,0,20160607,034803,Final,0
aai20100731.00001.hdf5,70002750,20,1,0,1,0,20160607,034814,Final,0
aai20100331.00001.hdf5,70002751,20,1,0,1,0,20160607,034832,Final,0
aai20100531.00001.hdf5,70002752,20,1,0,1,0,20160607,034837,Final,0
aai20101031.00001.hdf5,70002753,20,1,0,1,0,20160607,034831,Final,0
akl100122g.10002.hdf5,70002754,10002,1,0,1,0,20180110,022828,Final,0
akl100122g.2002.hdf5,70002754,2002,1,0,1,0,20180110,022912,Final,0
akl100122g.1002.hdf5,70002754,1002,1,0,1,0,20180110,024105,Final,0
akl100123g.1002.hdf5,70002755,1002,1,0,1,0,20180110,043958,Final,0
akl100123g.2002.hdf5,70002755,2002,1,0,1,0,20180110,044120,Final,0
akl100123g.10002.hdf5,70002755,10002,1,0,1,0,20180110,044122,Final,0
akl100125g.2002.hdf5,70002756,2002,1,0,1,0,20180110,062641,Final,0
akl100125g.1002.hdf5,70002756,1002,1,0,1,0,20180110,063618,Final,0
akl100125g.10002.hdf5,70002756,10002,1,0,1,0,20180110,063619,Final,0
arg101005g.001.hdf5,70002757,2010,1,0,1,0,20160607,045251,Final,0
arg100707g.001.hdf5,70002758,2010,1,0,1,0,20160607,045345,Final,0
arg100510g.001.hdf5,70002759,2010,1,0,1,0,20160607,045329,Final,0
arg100412g.001.hdf5,70002760,2010,1,0,1,0,20160607,045239,Final,0
arg100615g.001.hdf5,70002761,2010,1,0,1,0,20160607,045144,Final,0
arg100118g.001.hdf5,70002762,2010,1,0,1,0,20160607,045102,Final,0
arg100120g.001.hdf5,70002763,2010,1,0,1,0,20160607,044955,Final,0
arg100121g.001.hdf5,70002764,2010,1,0,1,0,20160607,045027,Final,0
one_ion_aro20100305topl.001.hdf5,70002765,2018,1,0,1,0,20160607,040655,Final,0
arl101005g.001.hdf5,70002766,2010,1,0,1,0,20160607,040825,Final,0
arl101207g.001.hdf5,70002767,2010,1,0,1,0,20160607,040732,Final,0
arl100707g.001.hdf5,70002768,2010,1,0,1,0,20160607,040932,Final,0
arl100907g.001.hdf5,70002769,2010,1,0,1,0,20160607,040537,Final,0
one_ion_aro20100907topl.001.hdf5,70002769,2018,1,0,1,0,20160607,040537,Final,0
arl101208g.001.hdf5,70002770,2010,1,0,1,0,20160607,040424,Final,0
arl101108g.001.hdf5,70002771,2010,1,0,1,0,20160607,040655,Final,0
arl100510g.001.hdf5,70002772,2010,1,0,1,0,20160607,040910,Final,0
arl100412g.001.hdf5,70002773,2010,1,0,1,0,20160607,040815,Final,0
arl100615g.001.hdf5,70002774,2010,1,0,1,0,20160607,040729,Final,0
arl100118g.001.hdf5,70002775,2010,1,0,1,0,20160607,040622,Final,0
arl100120g.001.hdf5,70002776,2010,1,0,1,0,20160607,040418,Final,0
arl100121g.001.hdf5,70002777,2010,1,0,1,0,20160607,040522,Final,0
arl100124g.001.hdf5,70002778,2010,1,0,1,0,20160607,040445,Final,0
arl100125g.001.hdf5,70002779,2010,1,0,1,0,20160607,040409,Final,0
arl100126g.001.hdf5,70002780,2010,1,0,1,0,20160607,040912,Final,0
arl100128g.001.hdf5,70002781,2010,1,0,1,0,20160607,040700,Final,0
arl100129g.001.hdf5,70002782,2010,1,0,1,0,20160607,040438,Final,0
arl100130g.001.hdf5,70002783,2010,1,0,1,0,20160607,040543,Final,0
arl100131g.001.hdf5,70002784,2010,1,0,1,0,20160607,040429,Final,0
aro20101005vecF.000.hdf5,70002785,2011,1,0,1,0,20160607,042520,Preliminary - final calibration pending,0
aro20100706vecF.000.hdf5,70002786,2011,1,0,1,0,20160607,042520,Preliminary - final calibration pending,0
aro20100118vecF.000.hdf5,70002787,2011,1,0,1,0,20160607,042519,Preliminary - final calibration pending,0
aro20100120vecF.000.hdf5,70002788,2011,1,0,1,0,20160607,042519,Preliminary - final calibration pending,0
aro20100121vecF.000.hdf5,70002789,2011,1,0,1,0,20160607,042519,Preliminary - final calibration pending,0
asl20100707.001.hdf5,70002790,7150,1,0,1,0,20180110,023359,Final,0
asl20100707.001.hdf5,70002791,7150,1,0,1,0,20180110,053103,Final,0
aai20110401.00001.hdf5,70002792,20,1,0,1,0,20170515,154043,Final,0
aai20110801.00001.hdf5,70002793,20,1,0,1,0,20170515,154044,Final,0
aai20111201.00001.hdf5,70002794,20,1,0,1,0,20170515,154043,Final,0
aai20110201.00001.hdf5,70002795,20,1,0,1,0,20170515,154046,Final,0
aai20110101.00001.hdf5,70002796,20,1,0,1,0,20170515,154045,Final,0
aai20110701.00001.hdf5,70002797,20,1,0,1,0,20170515,154045,Final,0
aai20110601.00001.hdf5,70002798,20,1,0,1,0,20170515,154043,Final,0
aai20110301.00001.hdf5,70002799,20,1,0,1,0,20170515,154042,Final,0
aai20110501.00001.hdf5,70002800,20,1,0,1,0,20170515,154047,Final,0
aai20111101.00001.hdf5,70002801,20,1,0,1,0,20170515,154044,Final,0
aai20111001.00001.hdf5,70002802,20,1,0,1,0,20170515,154047,Final,0
aai20110901.00001.hdf5,70002803,20,1,0,1,0,20170515,154047,Final,0
aai20110402.00001.hdf5,70002804,20,1,0,1,0,20170515,154045,Final,0
aai20110802.00001.hdf5,70002805,20,1,0,1,0,20170515,154046,Final,0
aai20111202.00001.hdf5,70002806,20,1,0,1,0,20170515,154045,Final,0
aai20110202.00001.hdf5,70002807,20,1,0,1,0,20170515,154044,Final,0
aai20110702.00001.hdf5,70002808,20,1,0,1,0,20170515,154047,Final,0
aai20110602.00001.hdf5,70002809,20,1,0,1,0,20170515,154042,Final,0
aai20110302.00001.hdf5,70002810,20,1,0,1,0,20170515,154043,Final,0
aai20110502.00001.hdf5,70002811,20,1,0,1,0,20170515,154043,Final,0
aai20111102.00001.hdf5,70002812,20,1,0,1,0,20170515,154044,Final,0
aai20111002.00001.hdf5,70002813,20,1,0,1,0,20170515,154046,Final,0
aai20110902.00001.hdf5,70002814,20,1,0,1,0,20170515,154046,Final,0
aai20110403.00001.hdf5,70002815,20,1,0,1,0,20170515,154047,Final,0
aai20110803.00001.hdf5,70002816,20,1,0,1,0,20170515,154043,Final,0
aai20111203.00001.hdf5,70002817,20,1,0,1,0,20170515,154045,Final,0
aai20110203.00001.hdf5,70002818,20,1,0,1,0,20170515,154043,Final,0
aai20110103.00001.hdf5,70002819,20,1,0,1,0,20170515,154044,Final,0
aai20110703.00001.hdf5,70002820,20,1,0,1,0,20170515,154047,Final,0
aai20110603.00001.hdf5,70002821,20,1,0,1,0,20170515,154045,Final,0
aai20110303.00001.hdf5,70002822,20,1,0,1,0,20170515,154046,Final,0
aai20110503.00001.hdf5,70002823,20,1,0,1,0,20170515,154046,Final,0
aai20111103.00001.hdf5,70002824,20,1,0,1,0,20170515,154047,Final,0
aai20110903.00001.hdf5,70002825,20,1,0,1,0,20170515,154047,Final,0
aai20110404.00001.hdf5,70002826,20,1,0,1,0,20170515,154045,Final,0
aai20110804.00001.hdf5,70002827,20,1,0,1,0,20170515,154044,Final,0
aai20111204.00001.hdf5,70002828,20,1,0,1,0,20170515,154045,Final,0
aai20110204.00001.hdf5,70002829,20,1,0,1,0,20170515,154044,Final,0
aai20110104.00001.hdf5,70002830,20,1,0,1,0,20170515,154044,Final,0
aai20110704.00001.hdf5,70002831,20,1,0,1,0,20170515,154048,Final,0
aai20110604.00001.hdf5,70002832,20,1,0,1,0,20170515,154044,Final,0
aai20110304.00001.hdf5,70002833,20,1,0,1,0,20170515,154048,Final,0
aai20110504.00001.hdf5,70002834,20,1,0,1,0,20170515,154045,Final,0
aai20111104.00001.hdf5,70002835,20,1,0,1,0,20170515,154044,Final,0
aai20110904.00001.hdf5,70002836,20,1,0,1,0,20170515,154044,Final,0
aai20110405.00001.hdf5,70002837,20,1,0,1,0,20170515,154042,Final,0
aai20110805.00001.hdf5,70002838,20,1,0,1,0,20170515,154047,Final,0
aai20111205.00001.hdf5,70002839,20,1,0,1,0,20170515,154044,Final,0
aai20110205.00001.hdf5,70002840,20,1,0,1,0,20170515,154045,Final,0
aai20110105.00001.hdf5,70002841,20,1,0,1,0,20170515,154042,Final,0
aai20110705.00001.hdf5,70002842,20,1,0,1,0,20170515,154044,Final,0
aai20110605.00001.hdf5,70002843,20,1,0,1,0,20170515,154046,Final,0
aai20110305.00001.hdf5,70002844,20,1,0,1,0,20170515,154046,Final,0
aai20110505.00001.hdf5,70002845,20,1,0,1,0,20170515,154044,Final,0
aai20111105.00001.hdf5,70002846,20,1,0,1,0,20170515,154043,Final,0
aai20110905.00001.hdf5,70002847,20,1,0,1,0,20170515,154046,Final,0
aai20110406.00001.hdf5,70002848,20,1,0,1,0,20170515,154044,Final,0
aai20110806.00001.hdf5,70002849,20,1,0,1,0,20170515,154043,Final,0
aai20111206.00001.hdf5,70002850,20,1,0,1,0,20170515,154042,Final,0
aai20110206.00001.hdf5,70002851,20,1,0,1,0,20170515,154044,Final,0
aai20110106.00001.hdf5,70002852,20,1,0,1,0,20170515,154047,Final,0
aai20110606.00001.hdf5,70002853,20,1,0,1,0,20170515,154043,Final,0
aai20110306.00001.hdf5,70002854,20,1,0,1,0,20170515,154043,Final,0
aai20110506.00001.hdf5,70002855,20,1,0,1,0,20170515,154045,Final,0
aai20111106.00001.hdf5,70002856,20,1,0,1,0,20170515,154047,Final,0
aai20110906.00001.hdf5,70002857,20,1,0,1,0,20170515,154045,Final,0
aai20110407.00001.hdf5,70002858,20,1,0,1,0,20170515,154043,Final,0
aai20110807.00001.hdf5,70002859,20,1,0,1,0,20170515,154043,Final,0
aai20111207.00001.hdf5,70002860,20,1,0,1,0,20170515,154043,Final,0
aai20110207.00001.hdf5,70002861,20,1,0,1,0,20170515,154046,Final,0
aai20110107.00001.hdf5,70002862,20,1,0,1,0,20170515,154047,Final,0
aai20110707.00001.hdf5,70002863,20,1,0,1,0,20170515,154047,Final,0
aai20110607.00001.hdf5,70002864,20,1,0,1,0,20170515,154047,Final,0
aai20110307.00001.hdf5,70002865,20,1,0,1,0,20170515,154046,Final,0
aai20110507.00001.hdf5,70002866,20,1,0,1,0,20170515,154045,Final,0
aai20111107.00001.hdf5,70002867,20,1,0,1,0,20170515,154045,Final,0
aai20110907.00001.hdf5,70002868,20,1,0,1,0,20170515,154047,Final,0
aai20110408.00001.hdf5,70002869,20,1,0,1,0,20170515,154047,Final,0
aai20110808.00001.hdf5,70002870,20,1,0,1,0,20170515,154043,Final,0
aai20111208.00001.hdf5,70002871,20,1,0,1,0,20170515,154048,Final,0
aai20110208.00001.hdf5,70002872,20,1,0,1,0,20170515,154043,Final,0
aai20110108.00001.hdf5,70002873,20,1,0,1,0,20170515,154046,Final,0
aai20110708.00001.hdf5,70002874,20,1,0,1,0,20170515,154044,Final,0
aai20110608.00001.hdf5,70002875,20,1,0,1,0,20170515,154048,Final,0
aai20110308.00001.hdf5,70002876,20,1,0,1,0,20170515,154046,Final,0
aai20110508.00001.hdf5,70002877,20,1,0,1,0,20170515,154047,Final,0
aai20111108.00001.hdf5,70002878,20,1,0,1,0,20170515,154044,Final,0
aai20110908.00001.hdf5,70002879,20,1,0,1,0,20170515,154045,Final,0
aai20110409.00001.hdf5,70002880,20,1,0,1,0,20170515,154043,Final,0
aai20110809.00001.hdf5,70002881,20,1,0,1,0,20170515,154047,Final,0
aai20111209.00001.hdf5,70002882,20,1,0,1,0,20170515,154044,Final,0
aai20110209.00001.hdf5,70002883,20,1,0,1,0,20170515,154044,Final,0
aai20110109.00001.hdf5,70002884,20,1,0,1,0,20170515,154046,Final,0
aai20110709.00001.hdf5,70002885,20,1,0,1,0,20170515,154045,Final,0
aai20110609.00001.hdf5,70002886,20,1,0,1,0,20170515,154043,Final,0
aai20110309.00001.hdf5,70002887,20,1,0,1,0,20170515,154047,Final,0
aai20110509.00001.hdf5,70002888,20,1,0,1,0,20170515,154045,Final,0
aai20111109.00001.hdf5,70002889,20,1,0,1,0,20170515,154043,Final,0
aai20110909.00001.hdf5,70002890,20,1,0,1,0,20170515,154043,Final,0
aai20110410.00001.hdf5,70002891,20,1,0,1,0,20170515,154044,Final,0
aai20110810.00001.hdf5,70002892,20,1,0,1,0,20170515,154043,Final,0
aai20110210.00001.hdf5,70002893,20,1,0,1,0,20170515,154045,Final,0
aai20110110.00001.hdf5,70002894,20,1,0,1,0,20170515,154047,Final,0
aai20110710.00001.hdf5,70002895,20,1,0,1,0,20170515,154048,Final,0
aai20110610.00001.hdf5,70002896,20,1,0,1,0,20170515,154048,Final,0
aai20110310.00001.hdf5,70002897,20,1,0,1,0,20170515,154046,Final,0
aai20110510.00001.hdf5,70002898,20,1,0,1,0,20170515,154045,Final,0
aai20110910.00001.hdf5,70002899,20,1,0,1,0,20170515,154043,Final,0
aai20110411.00001.hdf5,70002900,20,1,0,1,0,20170515,154045,Final,0
aai20110811.00001.hdf5,70002901,20,1,0,1,0,20170515,154044,Final,0
aai20110211.00001.hdf5,70002902,20,1,0,1,0,20170515,154047,Final,0
aai20110111.00001.hdf5,70002903,20,1,0,1,0,20170515,154045,Final,0
aai20110711.00001.hdf5,70002904,20,1,0,1,0,20170515,154048,Final,0
aai20110611.00001.hdf5,70002905,20,1,0,1,0,20170515,154046,Final,0
aai20110311.00001.hdf5,70002906,20,1,0,1,0,20170515,154043,Final,0
aai20110511.00001.hdf5,70002907,20,1,0,1,0,20170515,154046,Final,0
aai20110911.00001.hdf5,70002908,20,1,0,1,0,20170515,154045,Final,0
aai20110412.00001.hdf5,70002909,20,1,0,1,0,20170515,154043,Final,0
aai20110812.00001.hdf5,70002910,20,1,0,1,0,20170515,154045,Final,0
aai20111212.00001.hdf5,70002911,20,1,0,1,0,20170515,154047,Final,0
aai20110212.00001.hdf5,70002912,20,1,0,1,0,20170515,154047,Final,0
aai20110112.00001.hdf5,70002913,20,1,0,1,0,20170515,154042,Final,0
aai20110712.00001.hdf5,70002914,20,1,0,1,0,20170515,154044,Final,0
aai20110612.00001.hdf5,70002915,20,1,0,1,0,20170515,154046,Final,0
aai20110312.00001.hdf5,70002916,20,1,0,1,0,20170515,154048,Final,0
aai20110512.00001.hdf5,70002917,20,1,0,1,0,20170515,154044,Final,0
aai20110413.00001.hdf5,70002918,20,1,0,1,0,20170515,154043,Final,0
aai20111213.00001.hdf5,70002919,20,1,0,1,0,20170515,154048,Final,0
aai20110213.00001.hdf5,70002920,20,1,0,1,0,20170515,154045,Final,0
aai20110113.00001.hdf5,70002921,20,1,0,1,0,20170515,154045,Final,0
aai20110713.00001.hdf5,70002922,20,1,0,1,0,20170515,154047,Final,0
aai20110613.00001.hdf5,70002923,20,1,0,1,0,20170515,154047,Final,0
aai20110313.00001.hdf5,70002924,20,1,0,1,0,20170515,154045,Final,0
aai20110513.00001.hdf5,70002925,20,1,0,1,0,20170515,154048,Final,0
aai20111113.00001.hdf5,70002926,20,1,0,1,0,20170515,154047,Final,0
aai20110414.00001.hdf5,70002927,20,1,0,1,0,20170515,154047,Final,0
aai20111214.00001.hdf5,70002928,20,1,0,1,0,20170515,154045,Final,0
aai20110214.00001.hdf5,70002929,20,1,0,1,0,20170515,154044,Final,0
aai20110114.00001.hdf5,70002930,20,1,0,1,0,20170515,154047,Final,0
aai20110614.00001.hdf5,70002931,20,1,0,1,0,20170515,154047,Final,0
aai20110314.00001.hdf5,70002932,20,1,0,1,0,20170515,154047,Final,0
aai20110514.00001.hdf5,70002933,20,1,0,1,0,20170515,154046,Final,0
aai20111114.00001.hdf5,70002934,20,1,0,1,0,20170515,154044,Final,0
aai20110415.00001.hdf5,70002935,20,1,0,1,0,20170515,154046,Final,0
aai20110815.00001.hdf5,70002936,20,1,0,1,0,20170515,154046,Final,0
aai20111215.00001.hdf5,70002937,20,1,0,1,0,20170515,154046,Final,0
aai20110215.00001.hdf5,70002938,20,1,0,1,0,20170515,154047,Final,0
aai20110115.00001.hdf5,70002939,20,1,0,1,0,20170515,154044,Final,0
aai20110315.00001.hdf5,70002940,20,1,0,1,0,20170515,154044,Final,0
aai20110515.00001.hdf5,70002941,20,1,0,1,0,20170515,154044,Final,0
aai20111115.00001.hdf5,70002942,20,1,0,1,0,20170515,154045,Final,0
aai20110915.00001.hdf5,70002943,20,1,0,1,0,20170515,154042,Final,0
aai20110416.00001.hdf5,70002944,20,1,0,1,0,20170515,154044,Final,0
aai20110816.00001.hdf5,70002945,20,1,0,1,0,20170515,154046,Final,0
aai20111216.00001.hdf5,70002946,20,1,0,1,0,20170515,154048,Final,0
aai20110216.00001.hdf5,70002947,20,1,0,1,0,20170515,154045,Final,0
aai20110116.00001.hdf5,70002948,20,1,0,1,0,20170515,154048,Final,0
aai20110716.00001.hdf5,70002949,20,1,0,1,0,20170515,154048,Final,0
aai20110616.00001.hdf5,70002950,20,1,0,1,0,20170515,154047,Final,0
aai20110316.00001.hdf5,70002951,20,1,0,1,0,20170515,154043,Final,0
aai20110516.00001.hdf5,70002952,20,1,0,1,0,20170515,154046,Final,0
aai20111116.00001.hdf5,70002953,20,1,0,1,0,20170515,154045,Final,0
aai20110916.00001.hdf5,70002954,20,1,0,1,0,20170515,154044,Final,0
aai20110817.00001.hdf5,70002955,20,1,0,1,0,20170515,154045,Final,0
aai20111217.00001.hdf5,70002956,20,1,0,1,0,20170515,154043,Final,0
aai20110217.00001.hdf5,70002957,20,1,0,1,0,20170515,154043,Final,0
aai20110117.00001.hdf5,70002958,20,1,0,1,0,20170515,154048,Final,0
aai20110717.00001.hdf5,70002959,20,1,0,1,0,20170515,154046,Final,0
aai20110617.00001.hdf5,70002960,20,1,0,1,0,20170515,154047,Final,0
aai20110317.00001.hdf5,70002961,20,1,0,1,0,20170515,154043,Final,0
aai20111117.00001.hdf5,70002962,20,1,0,1,0,20170515,154047,Final,0
aai20110917.00001.hdf5,70002963,20,1,0,1,0,20170515,154046,Final,0
aai20110818.00001.hdf5,70002964,20,1,0,1,0,20170515,154047,Final,0
aai20111218.00001.hdf5,70002965,20,1,0,1,0,20170515,154046,Final,0
aai20110118.00001.hdf5,70002966,20,1,0,1,0,20170515,154045,Final,0
aai20110718.00001.hdf5,70002967,20,1,0,1,0,20170515,154043,Final,0
aai20110618.00001.hdf5,70002968,20,1,0,1,0,20170515,154045,Final,0
aai20110318.00001.hdf5,70002969,20,1,0,1,0,20170515,154045,Final,0
aai20110518.00001.hdf5,70002970,20,1,0,1,0,20170515,154046,Final,0
aai20111118.00001.hdf5,70002971,20,1,0,1,0,20170515,154048,Final,0
aai20111018.00001.hdf5,70002972,20,1,0,1,0,20170515,154048,Final,0
aai20110918.00001.hdf5,70002973,20,1,0,1,0,20170515,154043,Final,0
aai20110419.00001.hdf5,70002974,20,1,0,1,0,20170515,154048,Final,0
aai20110819.00001.hdf5,70002975,20,1,0,1,0,20170515,154043,Final,0
aai20111219.00001.hdf5,70002976,20,1,0,1,0,20170515,154044,Final,0
aai20110219.00001.hdf5,70002977,20,1,0,1,0,20170515,154045,Final,0
aai20110719.00001.hdf5,70002978,20,1,0,1,0,20170515,154043,Final,0
aai20110619.00001.hdf5,70002979,20,1,0,1,0,20170515,154046,Final,0
aai20110519.00001.hdf5,70002980,20,1,0,1,0,20170515,154047,Final,0
aai20111119.00001.hdf5,70002981,20,1,0,1,0,20170515,154044,Final,0
aai20111019.00001.hdf5,70002982,20,1,0,1,0,20170515,154047,Final,0
aai20110919.00001.hdf5,70002983,20,1,0,1,0,20170515,154045,Final,0
aai20110420.00001.hdf5,70002984,20,1,0,1,0,20170515,154047,Final,0
aai20110820.00001.hdf5,70002985,20,1,0,1,0,20170515,154044,Final,0
aai20111220.00001.hdf5,70002986,20,1,0,1,0,20170515,154042,Final,0
aai20110220.00001.hdf5,70002987,20,1,0,1,0,20170515,154045,Final,0
aai20110720.00001.hdf5,70002988,20,1,0,1,0,20170515,154045,Final,0
aai20110620.00001.hdf5,70002989,20,1,0,1,0,20170515,154046,Final,0
aai20110520.00001.hdf5,70002990,20,1,0,1,0,20170515,154046,Final,0
aai20111120.00001.hdf5,70002991,20,1,0,1,0,20170515,154047,Final,0
aai20111020.00001.hdf5,70002992,20,1,0,1,0,20170515,154045,Final,0
aai20110920.00001.hdf5,70002993,20,1,0,1,0,20170515,154044,Final,0
aai20110421.00001.hdf5,70002994,20,1,0,1,0,20170515,154044,Final,0
aai20110821.00001.hdf5,70002995,20,1,0,1,0,20170515,154043,Final,0
aai20111221.00001.hdf5,70002996,20,1,0,1,0,20170515,154043,Final,0
aai20110221.00001.hdf5,70002997,20,1,0,1,0,20170515,154048,Final,0
aai20110121.00001.hdf5,70002998,20,1,0,1,0,20170515,154043,Final,0
aai20110721.00001.hdf5,70002999,20,1,0,1,0,20170515,154045,Final,0
aai20110621.00001.hdf5,70003000,20,1,0,1,0,20170515,154047,Final,0
aai20110321.00001.hdf5,70003001,20,1,0,1,0,20170515,154047,Final,0
aai20110521.00001.hdf5,70003002,20,1,0,1,0,20170515,154047,Final,0
aai20111121.00001.hdf5,70003003,20,1,0,1,0,20170515,154044,Final,0
aai20111021.00001.hdf5,70003004,20,1,0,1,0,20170515,154047,Final,0
aai20110921.00001.hdf5,70003005,20,1,0,1,0,20170515,154046,Final,0
aai20110422.00001.hdf5,70003006,20,1,0,1,0,20170515,154043,Final,0
aai20110822.00001.hdf5,70003007,20,1,0,1,0,20170515,154044,Final,0
aai20111222.00001.hdf5,70003008,20,1,0,1,0,20170515,154047,Final,0
aai20110222.00001.hdf5,70003009,20,1,0,1,0,20170515,154044,Final,0
aai20110122.00001.hdf5,70003010,20,1,0,1,0,20170515,154048,Final,0
aai20110722.00001.hdf5,70003011,20,1,0,1,0,20170515,154044,Final,0
aai20110622.00001.hdf5,70003012,20,1,0,1,0,20170515,154043,Final,0
aai20110322.00001.hdf5,70003013,20,1,0,1,0,20170515,154042,Final,0
aai20110522.00001.hdf5,70003014,20,1,0,1,0,20170515,154043,Final,0
aai20111122.00001.hdf5,70003015,20,1,0,1,0,20170515,154047,Final,0
aai20111022.00001.hdf5,70003016,20,1,0,1,0,20170515,154044,Final,0
aai20110922.00001.hdf5,70003017,20,1,0,1,0,20170515,154048,Final,0
aai20110423.00001.hdf5,70003018,20,1,0,1,0,20170515,154046,Final,0
aai20110823.00001.hdf5,70003019,20,1,0,1,0,20170515,154046,Final,0
aai20111223.00001.hdf5,70003020,20,1,0,1,0,20170515,154045,Final,0
aai20110223.00001.hdf5,70003021,20,1,0,1,0,20170515,154044,Final,0
aai20110123.00001.hdf5,70003022,20,1,0,1,0,20170515,154047,Final,0
aai20110723.00001.hdf5,70003023,20,1,0,1,0,20170515,154046,Final,0
aai20110623.00001.hdf5,70003024,20,1,0,1,0,20170515,154046,Final,0
aai20110323.00001.hdf5,70003025,20,1,0,1,0,20170515,154046,Final,0
aai20110523.00001.hdf5,70003026,20,1,0,1,0,20170515,154046,Final,0
aai20111123.00001.hdf5,70003027,20,1,0,1,0,20170515,154048,Final,0
aai20111023.00001.hdf5,70003028,20,1,0,1,0,20170515,154047,Final,0
aai20110923.00001.hdf5,70003029,20,1,0,1,0,20170515,154048,Final,0
aai20110424.00001.hdf5,70003030,20,1,0,1,0,20170515,154045,Final,0
aai20110824.00001.hdf5,70003031,20,1,0,1,0,20170515,154045,Final,0
aai20111224.00001.hdf5,70003032,20,1,0,1,0,20170515,154044,Final,0
aai20110224.00001.hdf5,70003033,20,1,0,1,0,20170515,154043,Final,0
aai20110124.00001.hdf5,70003034,20,1,0,1,0,20170515,154043,Final,0
aai20110724.00001.hdf5,70003035,20,1,0,1,0,20170515,154046,Final,0
aai20110624.00001.hdf5,70003036,20,1,0,1,0,20170515,154043,Final,0
aai20110324.00001.hdf5,70003037,20,1,0,1,0,20170515,154043,Final,0
aai20110524.00001.hdf5,70003038,20,1,0,1,0,20170515,154045,Final,0
aai20111124.00001.hdf5,70003039,20,1,0,1,0,20170515,154043,Final,0
aai20111024.00001.hdf5,70003040,20,1,0,1,0,20170515,154044,Final,0
aai20110924.00001.hdf5,70003041,20,1,0,1,0,20170515,154043,Final,0
aai20110425.00001.hdf5,70003042,20,1,0,1,0,20170515,154047,Final,0
aai20110825.00001.hdf5,70003043,20,1,0,1,0,20170515,154044,Final,0
aai20111225.00001.hdf5,70003044,20,1,0,1,0,20170515,154043,Final,0
aai20110225.00001.hdf5,70003045,20,1,0,1,0,20170515,154047,Final,0
aai20110125.00001.hdf5,70003046,20,1,0,1,0,20170515,154044,Final,0
aai20110725.00001.hdf5,70003047,20,1,0,1,0,20170515,154043,Final,0
aai20110625.00001.hdf5,70003048,20,1,0,1,0,20170515,154046,Final,0
aai20110325.00001.hdf5,70003049,20,1,0,1,0,20170515,154045,Final,0
aai20110525.00001.hdf5,70003050,20,1,0,1,0,20170515,154045,Final,0
aai20111125.00001.hdf5,70003051,20,1,0,1,0,20170515,154046,Final,0
aai20111025.00001.hdf5,70003052,20,1,0,1,0,20170515,154046,Final,0
aai20110925.00001.hdf5,70003053,20,1,0,1,0,20170515,154043,Final,0
aai20110426.00001.hdf5,70003054,20,1,0,1,0,20170515,154045,Final,0
aai20110826.00001.hdf5,70003055,20,1,0,1,0,20170515,154046,Final,0
aai20111226.00001.hdf5,70003056,20,1,0,1,0,20170515,154047,Final,0
aai20110226.00001.hdf5,70003057,20,1,0,1,0,20170515,154044,Final,0
aai20110126.00001.hdf5,70003058,20,1,0,1,0,20170515,154045,Final,0
aai20110726.00001.hdf5,70003059,20,1,0,1,0,20170515,154045,Final,0
aai20110626.00001.hdf5,70003060,20,1,0,1,0,20170515,154044,Final,0
aai20110326.00001.hdf5,70003061,20,1,0,1,0,20170515,154046,Final,0
aai20110526.00001.hdf5,70003062,20,1,0,1,0,20170515,154048,Final,0
aai20111126.00001.hdf5,70003063,20,1,0,1,0,20170515,154047,Final,0
aai20111026.00001.hdf5,70003064,20,1,0,1,0,20170515,154048,Final,0
aai20110926.00001.hdf5,70003065,20,1,0,1,0,20170515,154045,Final,0
aai20110427.00001.hdf5,70003066,20,1,0,1,0,20170515,154048,Final,0
aai20110827.00001.hdf5,70003067,20,1,0,1,0,20170515,154044,Final,0
aai20111227.00001.hdf5,70003068,20,1,0,1,0,20170515,154044,Final,0
aai20110227.00001.hdf5,70003069,20,1,0,1,0,20170515,154047,Final,0
aai20110127.00001.hdf5,70003070,20,1,0,1,0,20170515,154044,Final,0
aai20110727.00001.hdf5,70003071,20,1,0,1,0,20170515,154046,Final,0
aai20110327.00001.hdf5,70003072,20,1,0,1,0,20170515,154048,Final,0
aai20110527.00001.hdf5,70003073,20,1,0,1,0,20170515,154046,Final,0
aai20111127.00001.hdf5,70003074,20,1,0,1,0,20170515,154046,Final,0
aai20111027.00001.hdf5,70003075,20,1,0,1,0,20170515,154044,Final,0
aai20110927.00001.hdf5,70003076,20,1,0,1,0,20170515,154043,Final,0
aai20110428.00001.hdf5,70003077,20,1,0,1,0,20170515,154047,Final,0
aai20110828.00001.hdf5,70003078,20,1,0,1,0,20170515,154043,Final,0
aai20111228.00001.hdf5,70003079,20,1,0,1,0,20170515,154045,Final,0
aai20110228.00001.hdf5,70003080,20,1,0,1,0,20170515,154045,Final,0
aai20110128.00001.hdf5,70003081,20,1,0,1,0,20170515,154043,Final,0
aai20110728.00001.hdf5,70003082,20,1,0,1,0,20170515,154046,Final,0
aai20110628.00001.hdf5,70003083,20,1,0,1,0,20170515,154043,Final,0
aai20110328.00001.hdf5,70003084,20,1,0,1,0,20170515,154044,Final,0
aai20110528.00001.hdf5,70003085,20,1,0,1,0,20170515,154047,Final,0
aai20111128.00001.hdf5,70003086,20,1,0,1,0,20170515,154045,Final,0
aai20111028.00001.hdf5,70003087,20,1,0,1,0,20170515,154047,Final,0
aai20110928.00001.hdf5,70003088,20,1,0,1,0,20170515,154045,Final,0
aai20110429.00001.hdf5,70003089,20,1,0,1,0,20170515,154044,Final,0
aai20110829.00001.hdf5,70003090,20,1,0,1,0,20170515,154047,Final,0
aai20111229.00001.hdf5,70003091,20,1,0,1,0,20170515,154047,Final,0
aai20110129.00001.hdf5,70003092,20,1,0,1,0,20170515,154043,Final,0
aai20110729.00001.hdf5,70003093,20,1,0,1,0,20170515,154042,Final,0
aai20110629.00001.hdf5,70003094,20,1,0,1,0,20170515,154046,Final,0
aai20110329.00001.hdf5,70003095,20,1,0,1,0,20170515,154046,Final,0
aai20110529.00001.hdf5,70003096,20,1,0,1,0,20170515,154046,Final,0
aai20111129.00001.hdf5,70003097,20,1,0,1,0,20170515,154046,Final,0
aai20111029.00001.hdf5,70003098,20,1,0,1,0,20170515,154048,Final,0
aai20110929.00001.hdf5,70003099,20,1,0,1,0,20170515,154048,Final,0
aai20110430.00001.hdf5,70003100,20,1,0,1,0,20170515,154045,Final,0
aai20110830.00001.hdf5,70003101,20,1,0,1,0,20170515,154044,Final,0
aai20111230.00001.hdf5,70003102,20,1,0,1,0,20170515,154044,Final,0
aai20110130.00001.hdf5,70003103,20,1,0,1,0,20170515,154046,Final,0
aai20110730.00001.hdf5,70003104,20,1,0,1,0,20170515,154045,Final,0
aai20110630.00001.hdf5,70003105,20,1,0,1,0,20170515,154043,Final,0
aai20110330.00001.hdf5,70003106,20,1,0,1,0,20170515,154044,Final,0
aai20110530.00001.hdf5,70003107,20,1,0,1,0,20170515,154043,Final,0
aai20111130.00001.hdf5,70003108,20,1,0,1,0,20170515,154047,Final,0
aai20111030.00001.hdf5,70003109,20,1,0,1,0,20170515,154044,Final,0
aai20110930.00001.hdf5,70003110,20,1,0,1,0,20170515,154043,Final,0
aai20110831.00001.hdf5,70003111,20,1,0,1,0,20170515,154044,Final,0
aai20111231.00001.hdf5,70003112,20,1,0,1,0,20170515,154046,Final,0
aai20110131.00001.hdf5,70003113,20,1,0,1,0,20170515,154043,Final,0
aai20110731.00001.hdf5,70003114,20,1,0,1,0,20170515,154045,Final,0
aai20110331.00001.hdf5,70003115,20,1,0,1,0,20170515,154043,Final,0
aai20110531.00001.hdf5,70003116,20,1,0,1,0,20170515,154046,Final,0
aai20111031.00001.hdf5,70003117,20,1,0,1,0,20170515,154044,Final,0
akl_tn_K2011219.asc.hdf5,70003118,10002,1,0,1,0,20180110,061527,Final,0
akl_k_K2011219.asc.hdf5,70003118,2002,1,0,1,0,20180110,061621,Final,0
akl_k_K2011220.asc.hdf5,70003119,2002,1,0,1,0,20180110,024539,Final,0
akl_tn_K2011220.asc.hdf5,70003119,10002,1,0,1,0,20180110,024540,Final,0
akl_tn_K2011221.asc.hdf5,70003120,10002,1,0,1,0,20180110,045035,Final,0
akl_k_K2011221.asc.hdf5,70003120,2002,1,0,1,0,20180110,045134,Final,0
akl_k_K2011222.asc.hdf5,70003121,2002,1,0,1,0,20180110,011553,Final,0
akl_tn_K2011222.asc.hdf5,70003121,10002,1,0,1,0,20180110,011555,Final,0
t2637_04aug2011gr.out.hdf5,70003122,2010,3,0,1,0,20170515,153754,History,0
t2637_04aug2011gr.out.1.hdf5,70003122,2010,3,0,1,0,20170515,153754,History,0
t2637_04aug2011gr.out.2.hdf5,70003122,2010,1,0,1,0,20170515,153754,Final,0
aro20110804plg.001.hdf5,70003122,2040,1,0,1,0,20180821,185121,Final,0
t2637_05aug2011gr.out.hdf5,70003123,2010,3,0,1,0,20170515,153801,History,0
t2637_05aug2011gr.out.1.hdf5,70003123,2010,3,0,1,0,20170515,153801,History,0
t2637_05aug2011gr.out.2.hdf5,70003123,2010,1,0,1,0,20170515,153801,Final,0
aro20110805plg.001.hdf5,70003123,2040,1,0,1,0,20180627,165039,Final,0
aro20110806plg.001.hdf5,70003124,2040,1,0,1,1,20180627,184524,Final,0
t2637_07aug2011gr.out.hdf5,70003125,2010,1,0,1,0,20170515,153752,Final,0
aro20110810plg.001.hdf5,70003126,2040,1,0,1,1,20180627,205651,Final,0
aro20111128plg.001.hdf5,70003127,2040,1,0,1,0,20170515,153755,Final,0
aro20111129plg.001.hdf5,70003128,2040,1,0,1,0,20170515,153755,Final,0
t2637_04aug2011lf.out.hdf5,70003129,2010,3,0,1,0,20170515,153923,History,0
t2637_04aug2011lf.out.1.hdf5,70003129,2010,3,0,1,0,20170515,153923,History,0
t2637_04aug2011lf.out.2.hdf5,70003129,2010,3,0,1,0,20170515,153923,History,0
t2637_04aug2011lf.out.3.hdf5,70003129,2010,3,0,1,0,20170515,153920,History,0
t2637_04aug2011lf.out.4.hdf5,70003129,2010,3,0,1,0,20170515,153923,History,0
t2637_04aug2011lf.out.5.hdf5,70003129,2010,3,0,1,0,20170515,153923,History,0
t2637_04aug2011lf.out.6.hdf5,70003129,2010,3,0,1,0,20170515,153923,History,0
t2637_04aug2011lf.out.7.hdf5,70003129,2010,3,0,1,0,20170515,153923,History,0
t2637_04aug2011lf.out.8.hdf5,70003129,2010,1,0,1,0,20170515,153923,Final,0
t2637_05aug2011lf.out.hdf5,70003130,2010,3,0,1,0,20170515,153933,History,0
t2637_05aug2011lf.out.1.hdf5,70003130,2010,3,0,1,0,20170515,153933,History,0
t2637_05aug2011lf.out.2.hdf5,70003130,2010,3,0,1,0,20170515,153933,History,0
t2637_05aug2011lf.out.3.hdf5,70003130,2010,1,0,1,0,20170515,153933,Final,0
aro20110806pll.001.hdf5,70003131,2040,1,0,1,1,20180627,174620,Final,0
t2637_07aug2011lf.out.hdf5,70003132,2010,1,0,1,0,20170515,153919,Final,0
t2637_09aug2011lf.out.hdf5,70003133,2010,1,0,1,0,20170515,153928,Final,0
aro20110810pll.001.hdf5,70003134,2040,1,0,1,1,20180627,194836,Final,0
28nov2011lf.out.hdf5,70003135,2010,1,0,1,0,20170515,153925,Preliminary calibration,0
aro20111129pll.001.hdf5,70003136,2040,1,0,1,0,20170515,153926,Final,0
aro20111129clpl.000.hdf5,70003136,2020,1,0,1,0,20170515,153926,Preliminary,0
t2637_04aug2011lf.out.hdf5,70003137,2011,3,0,1,0,20170515,153826,History,0
t2637_04aug2011lf.out.1.hdf5,70003137,2011,1,0,1,0,20170515,153826,Final,0
t2637_05aug2011lf.out.hdf5,70003138,2011,3,0,1,0,20170515,153826,History,0
t2637_05aug2011lf.out.1.hdf5,70003138,2011,3,0,1,0,20170515,153826,History,0
t2637_05aug2011lf.out.2.hdf5,70003138,2011,1,0,1,0,20170515,153826,Final,0
t2637_07aug2011lf.out.hdf5,70003139,2011,1,0,1,0,20170515,153826,Final,0
t2637_09aug2011lf.out.hdf5,70003140,2011,1,0,1,0,20170515,153826,Final,0
28nov2011lf.out.hdf5,70003141,2011,1,0,1,0,20170515,153826,Preliminary calibration,0
asl20110731.001.hdf5,70003142,7150,1,0,1,0,20180110,013015,Preliminary,0
asl20110801.001.hdf5,70003143,7150,1,0,1,0,20180110,061845,Preliminary,0
asl20110806.001.hdf5,70003144,7150,1,0,1,0,20180110,040734,Preliminary,0
asl20110807.001.hdf5,70003145,7150,1,0,1,0,20180110,013558,Preliminary,0
asl20111027.001.hdf5,70003146,7150,1,0,1,0,20180110,040248,Preliminary,0
asl20111029.001.hdf5,70003147,7150,1,0,1,0,20180110,045715,Preliminary,0
asl20110730.001.hdf5,70003148,7150,1,0,1,0,20180110,013317,Final,0
aai20120401.00001.hdf5,70003149,20,1,0,1,0,20170515,162327,Final,0
aai20120801.00001.hdf5,70003150,20,1,0,1,0,20170515,162325,Final,0
aai20121201.00001.hdf5,70003151,20,1,0,1,0,20170515,162330,Final,0
aai20120201.00001.hdf5,70003152,20,1,0,1,0,20170515,162325,Final,0
aai20120101.00001.hdf5,70003153,20,1,0,1,0,20170515,162327,Final,0
aai20120701.00001.hdf5,70003154,20,1,0,1,0,20170515,162326,Final,0
aai20120601.00001.hdf5,70003155,20,1,0,1,0,20170515,162330,Final,0
aai20120301.00001.hdf5,70003156,20,1,0,1,0,20170515,162325,Final,0
aai20120501.00001.hdf5,70003157,20,1,0,1,0,20170515,162329,Final,0
aai20121101.00001.hdf5,70003158,20,1,0,1,0,20170515,162328,Final,0
aai20121001.00001.hdf5,70003159,20,1,0,1,0,20170515,162329,Final,0
aai20120901.00001.hdf5,70003160,20,1,0,1,0,20170515,162326,Final,0
aai20120402.00001.hdf5,70003161,20,1,0,1,0,20170515,162327,Final,0
aai20120802.00001.hdf5,70003162,20,1,0,1,0,20170515,162326,Final,0
aai20121202.00001.hdf5,70003163,20,1,0,1,0,20170515,162326,Final,0
aai20120202.00001.hdf5,70003164,20,1,0,1,0,20170515,162325,Final,0
aai20120102.00001.hdf5,70003165,20,1,0,1,0,20170515,162326,Final,0
aai20120702.00001.hdf5,70003166,20,1,0,1,0,20170515,162326,Final,0
aai20120602.00001.hdf5,70003167,20,1,0,1,0,20170515,162327,Final,0
aai20120302.00001.hdf5,70003168,20,1,0,1,0,20170515,162326,Final,0
aai20120502.00001.hdf5,70003169,20,1,0,1,0,20170515,162327,Final,0
aai20121102.00001.hdf5,70003170,20,1,0,1,0,20170515,162328,Final,0
aai20121002.00001.hdf5,70003171,20,1,0,1,0,20170515,162329,Final,0
aai20120902.00001.hdf5,70003172,20,1,0,1,0,20170515,162328,Final,0
aai20120403.00001.hdf5,70003173,20,1,0,1,0,20170515,162325,Final,0
aai20120803.00001.hdf5,70003174,20,1,0,1,0,20170515,162330,Final,0
aai20121203.00001.hdf5,70003175,20,1,0,1,0,20170515,162329,Final,0
aai20120203.00001.hdf5,70003176,20,1,0,1,0,20170515,162325,Final,0
aai20120103.00001.hdf5,70003177,20,1,0,1,0,20170515,162325,Final,0
aai20120603.00001.hdf5,70003178,20,1,0,1,0,20170515,162326,Final,0
aai20120303.00001.hdf5,70003179,20,1,0,1,0,20170515,162325,Final,0
aai20120503.00001.hdf5,70003180,20,1,0,1,0,20170515,162327,Final,0
aai20121103.00001.hdf5,70003181,20,1,0,1,0,20170515,162328,Final,0
aai20121003.00001.hdf5,70003182,20,1,0,1,0,20170515,162325,Final,0
aai20120903.00001.hdf5,70003183,20,1,0,1,0,20170515,162326,Final,0
aai20120404.00001.hdf5,70003184,20,1,0,1,0,20170515,162329,Final,0
aai20120804.00001.hdf5,70003185,20,1,0,1,0,20170515,162327,Final,0
aai20121204.00001.hdf5,70003186,20,1,0,1,0,20170515,162328,Final,0
aai20120204.00001.hdf5,70003187,20,1,0,1,0,20170515,162330,Final,0
aai20120104.00001.hdf5,70003188,20,1,0,1,0,20170515,162325,Final,0
aai20120704.00001.hdf5,70003189,20,1,0,1,0,20170515,162330,Final,0
aai20120304.00001.hdf5,70003190,20,1,0,1,0,20170515,162326,Final,0
aai20120504.00001.hdf5,70003191,20,1,0,1,0,20170515,162326,Final,0
aai20121104.00001.hdf5,70003192,20,1,0,1,0,20170515,162327,Final,0
aai20121004.00001.hdf5,70003193,20,1,0,1,0,20170515,162329,Final,0
aai20120904.00001.hdf5,70003194,20,1,0,1,0,20170515,162324,Final,0
aai20120405.00001.hdf5,70003195,20,1,0,1,0,20170515,162325,Final,0
aai20120805.00001.hdf5,70003196,20,1,0,1,0,20170515,162330,Final,0
aai20121205.00001.hdf5,70003197,20,1,0,1,0,20170515,162325,Final,0
aai20120205.00001.hdf5,70003198,20,1,0,1,0,20170515,162329,Final,0
aai20120105.00001.hdf5,70003199,20,1,0,1,0,20170515,162329,Final,0
aai20120705.00001.hdf5,70003200,20,1,0,1,0,20170515,162328,Final,0
aai20120605.00001.hdf5,70003201,20,1,0,1,0,20170515,162325,Final,0
aai20120305.00001.hdf5,70003202,20,1,0,1,0,20170515,162327,Final,0
aai20120505.00001.hdf5,70003203,20,1,0,1,0,20170515,162326,Final,0
aai20121105.00001.hdf5,70003204,20,1,0,1,0,20170515,162329,Final,0
aai20121005.00001.hdf5,70003205,20,1,0,1,0,20170515,162328,Final,0
aai20120905.00001.hdf5,70003206,20,1,0,1,0,20170515,162331,Final,0
aai20120806.00001.hdf5,70003207,20,1,0,1,0,20170515,162330,Final,0
aai20121206.00001.hdf5,70003208,20,1,0,1,0,20170515,162329,Final,0
aai20120206.00001.hdf5,70003209,20,1,0,1,0,20170515,162325,Final,0
aai20120106.00001.hdf5,70003210,20,1,0,1,0,20170515,162327,Final,0
aai20120706.00001.hdf5,70003211,20,1,0,1,0,20170515,162329,Final,0
aai20120606.00001.hdf5,70003212,20,1,0,1,0,20170515,162324,Final,0
aai20120306.00001.hdf5,70003213,20,1,0,1,0,20170515,162329,Final,0
aai20120506.00001.hdf5,70003214,20,1,0,1,0,20170515,162330,Final,0
aai20121106.00001.hdf5,70003215,20,1,0,1,0,20170515,162326,Final,0
aai20121006.00001.hdf5,70003216,20,1,0,1,0,20170515,162327,Final,0
aai20120906.00001.hdf5,70003217,20,1,0,1,0,20170515,162327,Final,0
aai20120407.00001.hdf5,70003218,20,1,0,1,0,20170515,162328,Final,0
aai20120807.00001.hdf5,70003219,20,1,0,1,0,20170515,162329,Final,0
aai20121207.00001.hdf5,70003220,20,1,0,1,0,20170515,162326,Final,0
aai20120107.00001.hdf5,70003221,20,1,0,1,0,20170515,162330,Final,0
aai20120707.00001.hdf5,70003222,20,1,0,1,0,20170515,162329,Final,0
aai20120607.00001.hdf5,70003223,20,1,0,1,0,20170515,162326,Final,0
aai20120307.00001.hdf5,70003224,20,1,0,1,0,20170515,162331,Final,0
aai20120507.00001.hdf5,70003225,20,1,0,1,0,20170515,162328,Final,0
aai20121107.00001.hdf5,70003226,20,1,0,1,0,20170515,162329,Final,0
aai20121007.00001.hdf5,70003227,20,1,0,1,0,20170515,162326,Final,0
aai20120907.00001.hdf5,70003228,20,1,0,1,0,20170515,162325,Final,0
aai20120408.00001.hdf5,70003229,20,1,0,1,0,20170515,162326,Final,0
aai20121208.00001.hdf5,70003230,20,1,0,1,0,20170515,162327,Final,0
aai20120208.00001.hdf5,70003231,20,1,0,1,0,20170515,162327,Final,0
aai20120708.00001.hdf5,70003232,20,1,0,1,0,20170515,162325,Final,0
aai20120608.00001.hdf5,70003233,20,1,0,1,0,20170515,162325,Final,0
aai20120308.00001.hdf5,70003234,20,1,0,1,0,20170515,162326,Final,0
aai20120508.00001.hdf5,70003235,20,1,0,1,0,20170515,162328,Final,0
aai20121108.00001.hdf5,70003236,20,1,0,1,0,20170515,162327,Final,0
aai20121008.00001.hdf5,70003237,20,1,0,1,0,20170515,162328,Final,0
aai20120908.00001.hdf5,70003238,20,1,0,1,0,20170515,162325,Final,0
aai20120409.00001.hdf5,70003239,20,1,0,1,0,20170515,162328,Final,0
aai20120809.00001.hdf5,70003240,20,1,0,1,0,20170515,162327,Final,0
aai20121209.00001.hdf5,70003241,20,1,0,1,0,20170515,162327,Final,0
aai20120209.00001.hdf5,70003242,20,1,0,1,0,20170515,162329,Final,0
aai20120709.00001.hdf5,70003243,20,1,0,1,0,20170515,162328,Final,0
aai20120609.00001.hdf5,70003244,20,1,0,1,0,20170515,162330,Final,0
aai20120309.00001.hdf5,70003245,20,1,0,1,0,20170515,162325,Final,0
aai20120509.00001.hdf5,70003246,20,1,0,1,0,20170515,162329,Final,0
aai20121109.00001.hdf5,70003247,20,1,0,1,0,20170515,162331,Final,0
aai20121009.00001.hdf5,70003248,20,1,0,1,0,20170515,162327,Final,0
aai20120909.00001.hdf5,70003249,20,1,0,1,0,20170515,162329,Final,0
aai20120410.00001.hdf5,70003250,20,1,0,1,0,20170515,162330,Final,0
aai20120810.00001.hdf5,70003251,20,1,0,1,0,20170515,162325,Final,0
aai20121210.00001.hdf5,70003252,20,1,0,1,0,20170515,162328,Final,0
aai20120210.00001.hdf5,70003253,20,1,0,1,0,20170515,162326,Final,0
aai20120110.00001.hdf5,70003254,20,1,0,1,0,20170515,162327,Final,0
aai20120710.00001.hdf5,70003255,20,1,0,1,0,20170515,162328,Final,0
aai20120610.00001.hdf5,70003256,20,1,0,1,0,20170515,162330,Final,0
aai20120310.00001.hdf5,70003257,20,1,0,1,0,20170515,162326,Final,0
aai20120510.00001.hdf5,70003258,20,1,0,1,0,20170515,162330,Final,0
aai20121110.00001.hdf5,70003259,20,1,0,1,0,20170515,162327,Final,0
aai20121010.00001.hdf5,70003260,20,1,0,1,0,20170515,162328,Final,0
aai20120910.00001.hdf5,70003261,20,1,0,1,0,20170515,162330,Final,0
aai20120411.00001.hdf5,70003262,20,1,0,1,0,20170515,162327,Final,0
aai20120811.00001.hdf5,70003263,20,1,0,1,0,20170515,162326,Final,0
aai20121211.00001.hdf5,70003264,20,1,0,1,0,20170515,162329,Final,0
aai20120211.00001.hdf5,70003265,20,1,0,1,0,20170515,162330,Final,0
aai20120111.00001.hdf5,70003266,20,1,0,1,0,20170515,162324,Final,0
aai20120711.00001.hdf5,70003267,20,1,0,1,0,20170515,162326,Final,0
aai20120611.00001.hdf5,70003268,20,1,0,1,0,20170515,162327,Final,0
aai20120311.00001.hdf5,70003269,20,1,0,1,0,20170515,162327,Final,0
aai20120511.00001.hdf5,70003270,20,1,0,1,0,20170515,162326,Final,0
aai20121111.00001.hdf5,70003271,20,1,0,1,0,20170515,162330,Final,0
aai20121011.00001.hdf5,70003272,20,1,0,1,0,20170515,162327,Final,0
aai20120911.00001.hdf5,70003273,20,1,0,1,0,20170515,162326,Final,0
aai20120412.00001.hdf5,70003274,20,1,0,1,0,20170515,162327,Final,0
aai20120812.00001.hdf5,70003275,20,1,0,1,0,20170515,162326,Final,0
aai20121212.00001.hdf5,70003276,20,1,0,1,0,20170515,162325,Final,0
aai20120212.00001.hdf5,70003277,20,1,0,1,0,20170515,162330,Final,0
aai20120112.00001.hdf5,70003278,20,1,0,1,0,20170515,162325,Final,0
aai20120712.00001.hdf5,70003279,20,1,0,1,0,20170515,162326,Final,0
aai20120612.00001.hdf5,70003280,20,1,0,1,0,20170515,162325,Final,0
aai20120312.00001.hdf5,70003281,20,1,0,1,0,20170515,162328,Final,0
aai20120512.00001.hdf5,70003282,20,1,0,1,0,20170515,162330,Final,0
aai20121112.00001.hdf5,70003283,20,1,0,1,0,20170515,162326,Final,0
aai20121012.00001.hdf5,70003284,20,1,0,1,0,20170515,162327,Final,0
aai20120912.00001.hdf5,70003285,20,1,0,1,0,20170515,162328,Final,0
aai20120413.00001.hdf5,70003286,20,1,0,1,0,20170515,162330,Final,0
aai20120813.00001.hdf5,70003287,20,1,0,1,0,20170515,162330,Final,0
aai20121213.00001.hdf5,70003288,20,1,0,1,0,20170515,162329,Final,0
aai20120213.00001.hdf5,70003289,20,1,0,1,0,20170515,162326,Final,0
aai20120113.00001.hdf5,70003290,20,1,0,1,0,20170515,162328,Final,0
aai20120713.00001.hdf5,70003291,20,1,0,1,0,20170515,162324,Final,0
aai20120613.00001.hdf5,70003292,20,1,0,1,0,20170515,162325,Final,0
aai20120313.00001.hdf5,70003293,20,1,0,1,0,20170515,162325,Final,0
aai20120513.00001.hdf5,70003294,20,1,0,1,0,20170515,162325,Final,0
aai20121113.00001.hdf5,70003295,20,1,0,1,0,20170515,162325,Final,0
aai20121013.00001.hdf5,70003296,20,1,0,1,0,20170515,162330,Final,0
aai20120913.00001.hdf5,70003297,20,1,0,1,0,20170515,162325,Final,0
aai20120414.00001.hdf5,70003298,20,1,0,1,0,20170515,162327,Final,0
aai20120814.00001.hdf5,70003299,20,1,0,1,0,20170515,162328,Final,0
aai20121214.00001.hdf5,70003300,20,1,0,1,0,20170515,162330,Final,0
aai20120214.00001.hdf5,70003301,20,1,0,1,0,20170515,162326,Final,0
aai20120114.00001.hdf5,70003302,20,1,0,1,0,20170515,162329,Final,0
aai20120714.00001.hdf5,70003303,20,1,0,1,0,20170515,162327,Final,0
aai20120614.00001.hdf5,70003304,20,1,0,1,0,20170515,162327,Final,0
aai20120314.00001.hdf5,70003305,20,1,0,1,0,20170515,162329,Final,0
aai20120514.00001.hdf5,70003306,20,1,0,1,0,20170515,162329,Final,0
aai20121114.00001.hdf5,70003307,20,1,0,1,0,20170515,162328,Final,0
aai20121014.00001.hdf5,70003308,20,1,0,1,0,20170515,162328,Final,0
aai20120914.00001.hdf5,70003309,20,1,0,1,0,20170515,162330,Final,0
aai20120415.00001.hdf5,70003310,20,1,0,1,0,20170515,162325,Final,0
aai20120815.00001.hdf5,70003311,20,1,0,1,0,20170515,162325,Final,0
aai20121215.00001.hdf5,70003312,20,1,0,1,0,20170515,162326,Final,0
aai20120215.00001.hdf5,70003313,20,1,0,1,0,20170515,162328,Final,0
aai20120115.00001.hdf5,70003314,20,1,0,1,0,20170515,162328,Final,0
aai20120715.00001.hdf5,70003315,20,1,0,1,0,20170515,162330,Final,0
aai20120615.00001.hdf5,70003316,20,1,0,1,0,20170515,162326,Final,0
aai20120315.00001.hdf5,70003317,20,1,0,1,0,20170515,162328,Final,0
aai20120515.00001.hdf5,70003318,20,1,0,1,0,20170515,162330,Final,0
aai20121115.00001.hdf5,70003319,20,1,0,1,0,20170515,162327,Final,0
aai20121015.00001.hdf5,70003320,20,1,0,1,0,20170515,162326,Final,0
aai20120915.00001.hdf5,70003321,20,1,0,1,0,20170515,162330,Final,0
aai20120416.00001.hdf5,70003322,20,1,0,1,0,20170515,162327,Final,0
aai20120816.00001.hdf5,70003323,20,1,0,1,0,20170515,162326,Final,0
aai20121216.00001.hdf5,70003324,20,1,0,1,0,20170515,162331,Final,0
aai20120216.00001.hdf5,70003325,20,1,0,1,0,20170515,162326,Final,0
aai20120116.00001.hdf5,70003326,20,1,0,1,0,20170515,162327,Final,0
aai20120716.00001.hdf5,70003327,20,1,0,1,0,20170515,162326,Final,0
aai20120616.00001.hdf5,70003328,20,1,0,1,0,20170515,162329,Final,0
aai20120316.00001.hdf5,70003329,20,1,0,1,0,20170515,162328,Final,0
aai20120516.00001.hdf5,70003330,20,1,0,1,0,20170515,162329,Final,0
aai20121116.00001.hdf5,70003331,20,1,0,1,0,20170515,162328,Final,0
aai20121016.00001.hdf5,70003332,20,1,0,1,0,20170515,162329,Final,0
aai20120916.00001.hdf5,70003333,20,1,0,1,0,20170515,162327,Final,0
aai20120417.00001.hdf5,70003334,20,1,0,1,0,20170515,162326,Final,0
aai20120817.00001.hdf5,70003335,20,1,0,1,0,20170515,162330,Final,0
aai20121217.00001.hdf5,70003336,20,1,0,1,0,20170515,162328,Final,0
aai20120217.00001.hdf5,70003337,20,1,0,1,0,20170515,162325,Final,0
aai20120117.00001.hdf5,70003338,20,1,0,1,0,20170515,162327,Final,0
aai20120717.00001.hdf5,70003339,20,1,0,1,0,20170515,162325,Final,0
aai20120617.00001.hdf5,70003340,20,1,0,1,0,20170515,162328,Final,0
aai20120317.00001.hdf5,70003341,20,1,0,1,0,20170515,162326,Final,0
aai20120517.00001.hdf5,70003342,20,1,0,1,0,20170515,162325,Final,0
aai20121117.00001.hdf5,70003343,20,1,0,1,0,20170515,162325,Final,0
aai20121017.00001.hdf5,70003344,20,1,0,1,0,20170515,162328,Final,0
aai20120917.00001.hdf5,70003345,20,1,0,1,0,20170515,162329,Final,0
aai20120418.00001.hdf5,70003346,20,1,0,1,0,20170515,162327,Final,0
aai20120818.00001.hdf5,70003347,20,1,0,1,0,20170515,162329,Final,0
aai20121218.00001.hdf5,70003348,20,1,0,1,0,20170515,162327,Final,0
aai20120218.00001.hdf5,70003349,20,1,0,1,0,20170515,162330,Final,0
aai20120118.00001.hdf5,70003350,20,1,0,1,0,20170515,162331,Final,0
aai20120718.00001.hdf5,70003351,20,1,0,1,0,20170515,162325,Final,0
aai20120618.00001.hdf5,70003352,20,1,0,1,0,20170515,162325,Final,0
aai20120318.00001.hdf5,70003353,20,1,0,1,0,20170515,162326,Final,0
aai20120518.00001.hdf5,70003354,20,1,0,1,0,20170515,162328,Final,0
aai20121118.00001.hdf5,70003355,20,1,0,1,0,20170515,162331,Final,0
aai20121018.00001.hdf5,70003356,20,1,0,1,0,20170515,162329,Final,0
aai20120918.00001.hdf5,70003357,20,1,0,1,0,20170515,162329,Final,0
aai20120419.00001.hdf5,70003358,20,1,0,1,0,20170515,162328,Final,0
aai20120819.00001.hdf5,70003359,20,1,0,1,0,20170515,162330,Final,0
aai20121219.00001.hdf5,70003360,20,1,0,1,0,20170515,162329,Final,0
aai20120219.00001.hdf5,70003361,20,1,0,1,0,20170515,162328,Final,0
aai20120119.00001.hdf5,70003362,20,1,0,1,0,20170515,162326,Final,0
aai20120719.00001.hdf5,70003363,20,1,0,1,0,20170515,162328,Final,0
aai20120619.00001.hdf5,70003364,20,1,0,1,0,20170515,162330,Final,0
aai20120319.00001.hdf5,70003365,20,1,0,1,0,20170515,162327,Final,0
aai20120519.00001.hdf5,70003366,20,1,0,1,0,20170515,162327,Final,0
aai20121119.00001.hdf5,70003367,20,1,0,1,0,20170515,162325,Final,0
aai20121019.00001.hdf5,70003368,20,1,0,1,0,20170515,162325,Final,0
aai20120919.00001.hdf5,70003369,20,1,0,1,0,20170515,162327,Final,0
aai20120420.00001.hdf5,70003370,20,1,0,1,0,20170515,162326,Final,0
aai20120820.00001.hdf5,70003371,20,1,0,1,0,20170515,162328,Final,0
aai20121220.00001.hdf5,70003372,20,1,0,1,0,20170515,162325,Final,0
aai20120220.00001.hdf5,70003373,20,1,0,1,0,20170515,162329,Final,0
aai20120120.00001.hdf5,70003374,20,1,0,1,0,20170515,162330,Final,0
aai20120720.00001.hdf5,70003375,20,1,0,1,0,20170515,162326,Final,0
aai20120620.00001.hdf5,70003376,20,1,0,1,0,20170515,162328,Final,0
aai20120320.00001.hdf5,70003377,20,1,0,1,0,20170515,162329,Final,0
aai20120520.00001.hdf5,70003378,20,1,0,1,0,20170515,162329,Final,0
aai20121120.00001.hdf5,70003379,20,1,0,1,0,20170515,162326,Final,0
aai20121020.00001.hdf5,70003380,20,1,0,1,0,20170515,162329,Final,0
aai20120920.00001.hdf5,70003381,20,1,0,1,0,20170515,162328,Final,0
aai20120421.00001.hdf5,70003382,20,1,0,1,0,20170515,162329,Final,0
aai20120821.00001.hdf5,70003383,20,1,0,1,0,20170515,162328,Final,0
aai20121221.00001.hdf5,70003384,20,1,0,1,0,20170515,162326,Final,0
aai20120221.00001.hdf5,70003385,20,1,0,1,0,20170515,162330,Final,0
aai20120121.00001.hdf5,70003386,20,1,0,1,0,20170515,162327,Final,0
aai20120721.00001.hdf5,70003387,20,1,0,1,0,20170515,162328,Final,0
aai20120621.00001.hdf5,70003388,20,1,0,1,0,20170515,162328,Final,0
aai20120321.00001.hdf5,70003389,20,1,0,1,0,20170515,162329,Final,0
aai20120521.00001.hdf5,70003390,20,1,0,1,0,20170515,162326,Final,0
aai20121121.00001.hdf5,70003391,20,1,0,1,0,20170515,162327,Final,0
aai20121021.00001.hdf5,70003392,20,1,0,1,0,20170515,162330,Final,0
aai20120921.00001.hdf5,70003393,20,1,0,1,0,20170515,162325,Final,0
aai20120422.00001.hdf5,70003394,20,1,0,1,0,20170515,162329,Final,0
aai20120822.00001.hdf5,70003395,20,1,0,1,0,20170515,162327,Final,0
aai20121222.00001.hdf5,70003396,20,1,0,1,0,20170515,162325,Final,0
aai20120222.00001.hdf5,70003397,20,1,0,1,0,20170515,162330,Final,0
aai20120122.00001.hdf5,70003398,20,1,0,1,0,20170515,162327,Final,0
aai20120722.00001.hdf5,70003399,20,1,0,1,0,20170515,162329,Final,0
aai20120622.00001.hdf5,70003400,20,1,0,1,0,20170515,162329,Final,0
aai20120322.00001.hdf5,70003401,20,1,0,1,0,20170515,162324,Final,0
aai20120522.00001.hdf5,70003402,20,1,0,1,0,20170515,162328,Final,0
aai20121122.00001.hdf5,70003403,20,1,0,1,0,20170515,162327,Final,0
aai20121022.00001.hdf5,70003404,20,1,0,1,0,20170515,162326,Final,0
aai20120922.00001.hdf5,70003405,20,1,0,1,0,20170515,162330,Final,0
aai20120423.00001.hdf5,70003406,20,1,0,1,0,20170515,162325,Final,0
aai20120823.00001.hdf5,70003407,20,1,0,1,0,20170515,162326,Final,0
aai20121223.00001.hdf5,70003408,20,1,0,1,0,20170515,162328,Final,0
aai20120223.00001.hdf5,70003409,20,1,0,1,0,20170515,162330,Final,0
aai20120123.00001.hdf5,70003410,20,1,0,1,0,20170515,162329,Final,0
aai20120723.00001.hdf5,70003411,20,1,0,1,0,20170515,162330,Final,0
aai20120623.00001.hdf5,70003412,20,1,0,1,0,20170515,162325,Final,0
aai20120323.00001.hdf5,70003413,20,1,0,1,0,20170515,162330,Final,0
aai20120523.00001.hdf5,70003414,20,1,0,1,0,20170515,162330,Final,0
aai20121123.00001.hdf5,70003415,20,1,0,1,0,20170515,162328,Final,0
aai20121023.00001.hdf5,70003416,20,1,0,1,0,20170515,162329,Final,0
aai20120923.00001.hdf5,70003417,20,1,0,1,0,20170515,162330,Final,0
aai20120424.00001.hdf5,70003418,20,1,0,1,0,20170515,162328,Final,0
aai20120824.00001.hdf5,70003419,20,1,0,1,0,20170515,162327,Final,0
aai20120224.00001.hdf5,70003420,20,1,0,1,0,20170515,162330,Final,0
aai20120124.00001.hdf5,70003421,20,1,0,1,0,20170515,162327,Final,0
aai20120724.00001.hdf5,70003422,20,1,0,1,0,20170515,162329,Final,0
aai20120624.00001.hdf5,70003423,20,1,0,1,0,20170515,162325,Final,0
aai20120324.00001.hdf5,70003424,20,1,0,1,0,20170515,162327,Final,0
aai20120524.00001.hdf5,70003425,20,1,0,1,0,20170515,162328,Final,0
aai20121124.00001.hdf5,70003426,20,1,0,1,0,20170515,162327,Final,0
aai20121024.00001.hdf5,70003427,20,1,0,1,0,20170515,162328,Final,0
aai20120924.00001.hdf5,70003428,20,1,0,1,0,20170515,162326,Final,0
aai20120425.00001.hdf5,70003429,20,1,0,1,0,20170515,162325,Final,0
aai20120825.00001.hdf5,70003430,20,1,0,1,0,20170515,162326,Final,0
aai20121225.00001.hdf5,70003431,20,1,0,1,0,20170515,162327,Final,0
aai20120225.00001.hdf5,70003432,20,1,0,1,0,20170515,162330,Final,0
aai20120125.00001.hdf5,70003433,20,1,0,1,0,20170515,162325,Final,0
aai20120725.00001.hdf5,70003434,20,1,0,1,0,20170515,162329,Final,0
aai20120625.00001.hdf5,70003435,20,1,0,1,0,20170515,162330,Final,0
aai20120325.00001.hdf5,70003436,20,1,0,1,0,20170515,162330,Final,0
aai20120525.00001.hdf5,70003437,20,1,0,1,0,20170515,162330,Final,0
aai20121125.00001.hdf5,70003438,20,1,0,1,0,20170515,162329,Final,0
aai20121025.00001.hdf5,70003439,20,1,0,1,0,20170515,162328,Final,0
aai20120925.00001.hdf5,70003440,20,1,0,1,0,20170515,162329,Final,0
aai20120426.00001.hdf5,70003441,20,1,0,1,0,20170515,162325,Final,0
aai20120826.00001.hdf5,70003442,20,1,0,1,0,20170515,162329,Final,0
aai20121226.00001.hdf5,70003443,20,1,0,1,0,20170515,162325,Final,0
aai20120226.00001.hdf5,70003444,20,1,0,1,0,20170515,162324,Final,0
aai20120126.00001.hdf5,70003445,20,1,0,1,0,20170515,162330,Final,0
aai20120726.00001.hdf5,70003446,20,1,0,1,0,20170515,162328,Final,0
aai20120626.00001.hdf5,70003447,20,1,0,1,0,20170515,162326,Final,0
aai20120326.00001.hdf5,70003448,20,1,0,1,0,20170515,162328,Final,0
aai20120526.00001.hdf5,70003449,20,1,0,1,0,20170515,162329,Final,0
aai20121126.00001.hdf5,70003450,20,1,0,1,0,20170515,162327,Final,0
aai20121026.00001.hdf5,70003451,20,1,0,1,0,20170515,162328,Final,0
aai20120926.00001.hdf5,70003452,20,1,0,1,0,20170515,162331,Final,0
aai20120427.00001.hdf5,70003453,20,1,0,1,0,20170515,162327,Final,0
aai20120827.00001.hdf5,70003454,20,1,0,1,0,20170515,162328,Final,0
aai20121227.00001.hdf5,70003455,20,1,0,1,0,20170515,162330,Final,0
aai20120227.00001.hdf5,70003456,20,1,0,1,0,20170515,162325,Final,0
aai20120127.00001.hdf5,70003457,20,1,0,1,0,20170515,162327,Final,0
aai20120727.00001.hdf5,70003458,20,1,0,1,0,20170515,162326,Final,0
aai20120627.00001.hdf5,70003459,20,1,0,1,0,20170515,162329,Final,0
aai20120327.00001.hdf5,70003460,20,1,0,1,0,20170515,162329,Final,0
aai20120527.00001.hdf5,70003461,20,1,0,1,0,20170515,162330,Final,0
aai20121127.00001.hdf5,70003462,20,1,0,1,0,20170515,162327,Final,0
aai20121027.00001.hdf5,70003463,20,1,0,1,0,20170515,162329,Final,0
aai20120927.00001.hdf5,70003464,20,1,0,1,0,20170515,162326,Final,0
aai20120428.00001.hdf5,70003465,20,1,0,1,0,20170515,162325,Final,0
aai20120828.00001.hdf5,70003466,20,1,0,1,0,20170515,162328,Final,0
aai20120228.00001.hdf5,70003467,20,1,0,1,0,20170515,162326,Final,0
aai20120128.00001.hdf5,70003468,20,1,0,1,0,20170515,162326,Final,0
aai20120728.00001.hdf5,70003469,20,1,0,1,0,20170515,162330,Final,0
aai20120628.00001.hdf5,70003470,20,1,0,1,0,20170515,162329,Final,0
aai20120328.00001.hdf5,70003471,20,1,0,1,0,20170515,162326,Final,0
aai20120528.00001.hdf5,70003472,20,1,0,1,0,20170515,162325,Final,0
aai20121028.00001.hdf5,70003473,20,1,0,1,0,20170515,162325,Final,0
aai20120928.00001.hdf5,70003474,20,1,0,1,0,20170515,162330,Final,0
aai20120429.00001.hdf5,70003475,20,1,0,1,0,20170515,162327,Final,0
aai20120829.00001.hdf5,70003476,20,1,0,1,0,20170515,162330,Final,0
aai20121229.00001.hdf5,70003477,20,1,0,1,0,20170515,162328,Final,0
aai20120229.00001.hdf5,70003478,20,1,0,1,0,20170515,162331,Final,0
aai20120129.00001.hdf5,70003479,20,1,0,1,0,20170515,162327,Final,0
aai20120729.00001.hdf5,70003480,20,1,0,1,0,20170515,162330,Final,0
aai20120629.00001.hdf5,70003481,20,1,0,1,0,20170515,162328,Final,0
aai20120329.00001.hdf5,70003482,20,1,0,1,0,20170515,162325,Final,0
aai20120529.00001.hdf5,70003483,20,1,0,1,0,20170515,162330,Final,0
aai20121129.00001.hdf5,70003484,20,1,0,1,0,20170515,162330,Final,0
aai20120929.00001.hdf5,70003485,20,1,0,1,0,20170515,162326,Final,0
aai20120430.00001.hdf5,70003486,20,1,0,1,0,20170515,162326,Final,0
aai20120830.00001.hdf5,70003487,20,1,0,1,0,20170515,162329,Final,0
aai20121230.00001.hdf5,70003488,20,1,0,1,0,20170515,162325,Final,0
aai20120130.00001.hdf5,70003489,20,1,0,1,0,20170515,162329,Final,0
aai20120730.00001.hdf5,70003490,20,1,0,1,0,20170515,162330,Final,0
aai20120630.00001.hdf5,70003491,20,1,0,1,0,20170515,162329,Final,0
aai20120330.00001.hdf5,70003492,20,1,0,1,0,20170515,162327,Final,0
aai20120530.00001.hdf5,70003493,20,1,0,1,0,20170515,162325,Final,0
aai20121130.00001.hdf5,70003494,20,1,0,1,0,20170515,162330,Final,0
aai20121030.00001.hdf5,70003495,20,1,0,1,0,20170515,162328,Final,0
aai20120930.00001.hdf5,70003496,20,1,0,1,0,20170515,162327,Final,0
aai20120831.00001.hdf5,70003497,20,1,0,1,0,20170515,162329,Final,0
aai20121231.00001.hdf5,70003498,20,1,0,1,0,20170515,162331,Final,0
aai20120131.00001.hdf5,70003499,20,1,0,1,0,20170515,162325,Final,0
aai20120731.00001.hdf5,70003500,20,1,0,1,0,20170515,162324,Final,0
aai20120331.00001.hdf5,70003501,20,1,0,1,0,20170515,162326,Final,0
aai20120531.00001.hdf5,70003502,20,1,0,1,0,20170515,162328,Final,0
aai20121031.00001.hdf5,70003503,20,1,0,1,0,20170515,162330,Final,0
aif121201g.001.hdf5,70003504,7100,3,0,1,0,20170515,161825,Final,0
aif121201g.00002.hdf5,70003504,7100,1,0,1,0,20170515,161825,Final,0
aif120701g.001.hdf5,70003505,7100,3,0,1,0,20170515,161821,Final,0
aif120701g.002.hdf5,70003505,7101,3,0,1,0,20170515,161821,Final,0
aif120701g.00003.hdf5,70003505,7100,1,0,1,0,20170515,161821,Final,0
aif120701g00004.hdf5,70003505,7101,1,0,1,0,20170515,161821,Final,0
aif121202g.001.hdf5,70003506,7100,3,0,1,0,20170515,161821,Final,0
aif121202g.002.hdf5,70003506,7101,3,0,1,0,20170515,161821,Final,0
aif121202g.00003.hdf5,70003506,7100,1,0,1,0,20170515,161821,Final,0
aif121202g00004.hdf5,70003506,7101,1,0,1,0,20170515,161821,Final,0
aif120601g.001.hdf5,70003507,7100,3,0,1,0,20170515,161822,Final,0
aif120601g.002.hdf5,70003507,7101,3,0,1,0,20170515,161822,Final,0
aif120601g.00003.hdf5,70003507,7100,1,0,1,0,20170515,161822,Final,0
aif120601g00004.hdf5,70003507,7101,1,0,1,0,20170515,161822,Final,0
aif120602g.001.hdf5,70003508,7100,3,0,1,0,20170515,161825,Final,0
aif120602g.002.hdf5,70003508,7101,3,0,1,0,20170515,161825,Final,0
aif120602g.00003.hdf5,70003508,7100,1,0,1,0,20170515,161825,Final,0
aif120602g00004.hdf5,70003508,7101,1,0,1,0,20170515,161825,Final,0
aif120603g.001.hdf5,70003509,7100,3,0,1,0,20170515,161821,Final,0
aif120603g.002.hdf5,70003509,7101,3,0,1,0,20170515,161821,Final,0
aif120603g.00003.hdf5,70003509,7100,1,0,1,0,20170515,161821,Final,0
aif120603g00004.hdf5,70003509,7101,1,0,1,0,20170515,161821,Final,0
aif121204g.001.hdf5,70003510,7100,3,0,1,0,20170515,161822,Final,0
aif121204g.002.hdf5,70003510,7101,3,0,1,0,20170515,161822,Final,0
aif121204g.00003.hdf5,70003510,7100,1,0,1,0,20170515,161822,Final,0
aif121204g00004.hdf5,70003510,7101,1,0,1,0,20170515,161822,Final,0
aif120604g.001.hdf5,70003511,7100,3,0,1,0,20170515,161823,Final,0
aif120604g.002.hdf5,70003511,7101,3,0,1,0,20170515,161823,Final,0
aif120604g.00003.hdf5,70003511,7100,1,0,1,0,20170515,161823,Final,0
aif120604g00004.hdf5,70003511,7101,1,0,1,0,20170515,161823,Final,0
aif120805g.001.hdf5,70003512,7100,3,0,1,0,20170515,161826,Final,0
aif120805g.002.hdf5,70003512,7101,3,0,1,0,20170515,161826,Final,0
aif120805g.00003.hdf5,70003512,7100,1,0,1,0,20170515,161826,Final,0
aif120805g00004.hdf5,70003512,7101,1,0,1,0,20170515,161826,Final,0
aif121205g.001.hdf5,70003513,7100,3,0,1,0,20170515,161820,Final,0
aif121205g.002.hdf5,70003513,7101,3,0,1,0,20170515,161820,Final,0
aif121205g.00003.hdf5,70003513,7100,1,0,1,0,20170515,161820,Final,0
aif121205g00004.hdf5,70003513,7101,1,0,1,0,20170515,161820,Final,0
aif120705g.001.hdf5,70003514,7100,3,0,1,0,20170515,161823,Final,0
aif120705g.002.hdf5,70003514,7101,3,0,1,0,20170515,161823,Final,0
aif120705g.00003.hdf5,70003514,7100,1,0,1,0,20170515,161823,Final,0
aif120705g00004.hdf5,70003514,7101,1,0,1,0,20170515,161823,Final,0
aif120605g.001.hdf5,70003515,7100,3,0,1,0,20170515,161819,Final,0
aif120605g.002.hdf5,70003515,7101,3,0,1,0,20170515,161819,Final,0
aif120605g.00003.hdf5,70003515,7100,1,0,1,0,20170515,161819,Final,0
aif120605g00004.hdf5,70003515,7101,1,0,1,0,20170515,161819,Final,0
aif120904g.001.hdf5,70003516,7100,3,0,1,0,20170515,161826,Final,0
aif120904g.002.hdf5,70003516,7101,3,0,1,0,20170515,161826,Final,0
aif120904g.00003.hdf5,70003516,7100,1,0,1,0,20170515,161826,Final,0
aif120904g00004.hdf5,70003516,7101,1,0,1,0,20170515,161826,Final,0
aif120905g.001.hdf5,70003517,7100,3,0,1,0,20170515,161821,Final,0
aif120905g.002.hdf5,70003517,7101,3,0,1,0,20170515,161821,Final,0
aif120905g.00003.hdf5,70003517,7100,1,0,1,0,20170515,161821,Final,0
aif120905g00004.hdf5,70003517,7101,1,0,1,0,20170515,161821,Final,0
aif121206g.001.hdf5,70003518,7100,3,0,1,0,20170515,161825,Final,0
aif121206g.002.hdf5,70003518,7101,3,0,1,0,20170515,161825,Final,0
aif121206g.00003.hdf5,70003518,7100,1,0,1,0,20170515,161825,Final,0
aif121206g00004.hdf5,70003518,7101,1,0,1,0,20170515,161825,Final,0
aif120606g.001.hdf5,70003519,7100,3,0,1,0,20170515,161819,Final,0
aif120606g.002.hdf5,70003519,7101,3,0,1,0,20170515,161819,Final,0
aif120606g.00003.hdf5,70003519,7100,1,0,1,0,20170515,161819,Final,0
aif120606g00004.hdf5,70003519,7101,1,0,1,0,20170515,161819,Final,0
aif120806g.001.hdf5,70003520,7100,3,0,1,0,20170515,161824,Final,0
aif120806g.002.hdf5,70003520,7101,3,0,1,0,20170515,161824,Final,0
aif120806g.00003.hdf5,70003520,7100,1,0,1,0,20170515,161824,Final,0
aif120806g00004.hdf5,70003520,7101,1,0,1,0,20170515,161824,Final,0
aif120807g.001.hdf5,70003521,7100,3,0,1,0,20170515,161823,Final,0
aif120807g.002.hdf5,70003521,7101,3,0,1,0,20170515,161823,Final,0
aif120807g.00003.hdf5,70003521,7100,1,0,1,0,20170515,161823,Final,0
aif120807g00004.hdf5,70003521,7101,1,0,1,0,20170515,161823,Final,0
aif121207g.001.hdf5,70003522,7100,3,0,1,0,20170515,161821,Final,0
aif121207g.002.hdf5,70003522,7101,3,0,1,0,20170515,161821,Final,0
aif121207g.00003.hdf5,70003522,7100,1,0,1,0,20170515,161821,Final,0
aif121207g00004.hdf5,70003522,7101,1,0,1,0,20170515,161821,Final,0
aif120706g.001.hdf5,70003523,7100,3,0,1,0,20170515,161824,Final,0
aif120706g.002.hdf5,70003523,7101,3,0,1,0,20170515,161824,Final,0
aif120706g.00003.hdf5,70003523,7100,1,0,1,0,20170515,161824,Final,0
aif120706g00004.hdf5,70003523,7101,1,0,1,0,20170515,161824,Final,0
aif120607g.001.hdf5,70003524,7100,3,0,1,0,20170515,161820,Final,0
aif120607g.002.hdf5,70003524,7101,3,0,1,0,20170515,161820,Final,0
aif120607g.00003.hdf5,70003524,7100,1,0,1,0,20170515,161820,Final,0
aif120607g00004.hdf5,70003524,7101,1,0,1,0,20170515,161820,Final,0
aif120906g.001.hdf5,70003525,7100,3,0,1,0,20170515,161820,Final,0
aif120906g.002.hdf5,70003525,7101,3,0,1,0,20170515,161820,Final,0
aif120906g.00003.hdf5,70003525,7100,1,0,1,0,20170515,161820,Final,0
aif120906g00004.hdf5,70003525,7101,1,0,1,0,20170515,161820,Final,0
aif120907g.001.hdf5,70003526,7100,3,0,1,0,20170515,161820,Final,0
aif120907g.002.hdf5,70003526,7101,3,0,1,0,20170515,161820,Final,0
aif120907g.00003.hdf5,70003526,7100,1,0,1,0,20170515,161820,Final,0
aif120907g00004.hdf5,70003526,7101,1,0,1,0,20170515,161820,Final,0
aif120808g.001.hdf5,70003527,7100,3,0,1,0,20170515,161820,Final,0
aif120808g.002.hdf5,70003527,7101,3,0,1,0,20170515,161820,Final,0
aif120808g.00003.hdf5,70003527,7100,1,0,1,0,20170515,161820,Final,0
aif120808g00004.hdf5,70003527,7101,1,0,1,0,20170515,161820,Final,0
aif121208g.001.hdf5,70003528,7100,3,0,1,0,20170515,161822,Final,0
aif121208g.002.hdf5,70003528,7101,3,0,1,0,20170515,161822,Final,0
aif121208g.00003.hdf5,70003528,7100,1,0,1,0,20170515,161822,Final,0
aif121208g00004.hdf5,70003528,7101,1,0,1,0,20170515,161822,Final,0
aif120608g.001.hdf5,70003529,7100,3,0,1,0,20170515,161820,Final,0
aif120608g.002.hdf5,70003529,7101,3,0,1,0,20170515,161820,Final,0
aif120608g.00003.hdf5,70003529,7100,1,0,1,0,20170515,161820,Final,0
aif120608g00004.hdf5,70003529,7101,1,0,1,0,20170515,161820,Final,0
aif120908g.001.hdf5,70003530,7100,3,0,1,0,20170515,161819,Final,0
aif120908g.002.hdf5,70003530,7101,3,0,1,0,20170515,161819,Final,0
aif120908g.00003.hdf5,70003530,7100,1,0,1,0,20170515,161819,Final,0
aif120908g00004.hdf5,70003530,7101,1,0,1,0,20170515,161819,Final,0
aif121209g.001.hdf5,70003531,7100,3,0,1,0,20170515,161822,Final,0
aif121209g.002.hdf5,70003531,7101,3,0,1,0,20170515,161822,Final,0
aif121209g.00003.hdf5,70003531,7100,1,0,1,0,20170515,161822,Final,0
aif121209g00004.hdf5,70003531,7101,1,0,1,0,20170515,161822,Final,0
aif120708g.001.hdf5,70003532,7100,3,0,1,0,20170515,161824,Final,0
aif120708g.002.hdf5,70003532,7101,3,0,1,0,20170515,161824,Final,0
aif120708g.00003.hdf5,70003532,7100,1,0,1,0,20170515,161824,Final,0
aif120708g00004.hdf5,70003532,7101,1,0,1,0,20170515,161824,Final,0
aif120709g.001.hdf5,70003533,7100,3,0,1,0,20170515,161823,Final,0
aif120709g.002.hdf5,70003533,7101,3,0,1,0,20170515,161823,Final,0
aif120709g.00003.hdf5,70003533,7100,1,0,1,0,20170515,161823,Final,0
aif120709g00004.hdf5,70003533,7101,1,0,1,0,20170515,161823,Final,0
aif120609g.001.hdf5,70003534,7100,3,0,1,0,20170515,161826,Final,0
aif120609g.002.hdf5,70003534,7101,3,0,1,0,20170515,161826,Final,0
aif120609g.00003.hdf5,70003534,7100,1,0,1,0,20170515,161826,Final,0
aif120609g00004.hdf5,70003534,7101,1,0,1,0,20170515,161826,Final,0
aif121108g.001.hdf5,70003535,7100,1,0,1,0,20170515,161826,Final,0
aif121108g.002.hdf5,70003535,7101,1,0,1,0,20170515,161826,Final,0
aif121109g.001.hdf5,70003536,7100,3,0,1,0,20170515,161819,Final,0
aif121109g.002.hdf5,70003536,7101,3,0,1,0,20170515,161819,Final,0
aif121109g.00003.hdf5,70003536,7100,1,0,1,0,20170515,161819,Final,0
aif121109g00004.hdf5,70003536,7101,1,0,1,0,20170515,161819,Final,0
aif120909g.001.hdf5,70003537,7100,3,0,1,0,20170515,161825,Final,0
aif120909g.002.hdf5,70003537,7101,3,0,1,0,20170515,161825,Final,0
aif120909g.00003.hdf5,70003537,7100,1,0,1,0,20170515,161825,Final,0
aif120909g00004.hdf5,70003537,7101,1,0,1,0,20170515,161825,Final,0
aif120809g.001.hdf5,70003538,7100,3,0,1,0,20170515,161819,Final,0
aif120809g.002.hdf5,70003538,7101,3,0,1,0,20170515,161819,Final,0
aif120809g.00003.hdf5,70003538,7100,1,0,1,0,20170515,161819,Final,0
aif120809g00004.hdf5,70003538,7101,1,0,1,0,20170515,161819,Final,0
aif120810g.001.hdf5,70003539,7100,3,0,1,0,20170515,161825,Final,0
aif120810g.002.hdf5,70003539,7101,3,0,1,0,20170515,161825,Final,0
aif120810g.00003.hdf5,70003539,7100,1,0,1,0,20170515,161825,Final,0
aif120810g00004.hdf5,70003539,7101,1,0,1,0,20170515,161825,Final,0
aif120710g.001.hdf5,70003540,7100,3,0,1,0,20170515,161823,Final,0
aif120710g.002.hdf5,70003540,7101,3,0,1,0,20170515,161823,Final,0
aif120710g.00003.hdf5,70003540,7100,1,0,1,0,20170515,161823,Final,0
aif120710g00004.hdf5,70003540,7101,1,0,1,0,20170515,161823,Final,0
aif120610g.001.hdf5,70003541,7100,3,0,1,0,20170515,161825,Final,0
aif120610g.002.hdf5,70003541,7101,3,0,1,0,20170515,161825,Final,0
aif120610g.00003.hdf5,70003541,7100,1,0,1,0,20170515,161825,Final,0
aif120610g00004.hdf5,70003541,7101,1,0,1,0,20170515,161825,Final,0
aif121110g.001.hdf5,70003542,7100,3,0,1,0,20170515,161822,Final,0
aif121110g.002.hdf5,70003542,7101,3,0,1,0,20170515,161822,Final,0
aif121110g.00003.hdf5,70003542,7100,1,0,1,0,20170515,161822,Final,0
aif121110g00004.hdf5,70003542,7101,1,0,1,0,20170515,161822,Final,0
aif120910g.001.hdf5,70003543,7100,3,0,1,0,20170515,161826,Final,0
aif120910g.002.hdf5,70003543,7101,3,0,1,0,20170515,161826,Final,0
aif120910g.00003.hdf5,70003543,7100,1,0,1,0,20170515,161826,Final,0
aif120910g00004.hdf5,70003543,7101,1,0,1,0,20170515,161826,Final,0
aif120811g.001.hdf5,70003544,7100,3,0,1,0,20170515,161821,Final,0
aif120811g.002.hdf5,70003544,7101,3,0,1,0,20170515,161821,Final,0
aif120811g.00003.hdf5,70003544,7100,1,0,1,0,20170515,161821,Final,0
aif120811g00004.hdf5,70003544,7101,1,0,1,0,20170515,161821,Final,0
aif121211g.001.hdf5,70003545,7100,3,0,1,0,20170515,161824,Final,0
aif121211g.002.hdf5,70003545,7101,3,0,1,0,20170515,161824,Final,0
aif121211g.00003.hdf5,70003545,7100,1,0,1,0,20170515,161824,Final,0
aif121211g00004.hdf5,70003545,7101,1,0,1,0,20170515,161824,Final,0
aif120711g.001.hdf5,70003546,7100,3,0,1,0,20170515,161820,Final,0
aif120711g.002.hdf5,70003546,7101,3,0,1,0,20170515,161820,Final,0
aif120711g.00003.hdf5,70003546,7100,1,0,1,0,20170515,161820,Final,0
aif120711g00004.hdf5,70003546,7101,1,0,1,0,20170515,161820,Final,0
aif120611g.001.hdf5,70003547,7100,3,0,1,0,20170515,161822,Final,0
aif120611g.002.hdf5,70003547,7101,3,0,1,0,20170515,161822,Final,0
aif120611g.00003.hdf5,70003547,7100,1,0,1,0,20170515,161822,Final,0
aif120611g00004.hdf5,70003547,7101,1,0,1,0,20170515,161822,Final,0
aif121111g.001.hdf5,70003548,7100,3,0,1,0,20170515,161825,Final,0
aif121111g.002.hdf5,70003548,7101,3,0,1,0,20170515,161826,Final,0
aif121111g.00003.hdf5,70003548,7100,1,0,1,0,20170515,161826,Final,0
aif121111g00004.hdf5,70003548,7101,1,0,1,0,20170515,161826,Final,0
aif120812g.001.hdf5,70003549,7100,3,0,1,0,20170515,161821,Final,0
aif120812g.002.hdf5,70003549,7101,3,0,1,0,20170515,161821,Final,0
aif120812g.00003.hdf5,70003549,7100,1,0,1,0,20170515,161821,Final,0
aif120812g00004.hdf5,70003549,7101,1,0,1,0,20170515,161821,Final,0
aif121212g.001.hdf5,70003550,7100,3,0,1,0,20170515,161820,Final,0
aif121212g.002.hdf5,70003550,7101,3,0,1,0,20170515,161820,Final,0
aif121212g.00003.hdf5,70003550,7100,1,0,1,0,20170515,161820,Final,0
aif121212g00004.hdf5,70003550,7101,1,0,1,0,20170515,161820,Final,0
aif120712g.001.hdf5,70003551,7100,3,0,1,0,20170515,161820,Final,0
aif120712g.002.hdf5,70003551,7101,3,0,1,0,20170515,161820,Final,0
aif120712g.00003.hdf5,70003551,7100,1,0,1,0,20170515,161820,Final,0
aif120712g00004.hdf5,70003551,7101,1,0,1,0,20170515,161820,Final,0
aif120612g.001.hdf5,70003552,7100,3,0,1,0,20170515,161819,Final,0
aif120612g.002.hdf5,70003552,7101,3,0,1,0,20170515,161819,Final,0
aif120612g.00003.hdf5,70003552,7100,1,0,1,0,20170515,161819,Final,0
aif120612g00004.hdf5,70003552,7101,1,0,1,0,20170515,161819,Final,0
aif121112g.001.hdf5,70003553,7100,3,0,1,0,20170515,161820,Final,0
aif121112g.002.hdf5,70003553,7101,3,0,1,0,20170515,161820,Final,0
aif121112g.00003.hdf5,70003553,7100,1,0,1,0,20170515,161820,Final,0
aif121112g00004.hdf5,70003553,7101,1,0,1,0,20170515,161820,Final,0
aif120912g.001.hdf5,70003554,7100,3,0,1,0,20170515,161823,Final,0
aif120912g.002.hdf5,70003554,7101,3,0,1,0,20170515,161823,Final,0
aif120912g.00003.hdf5,70003554,7100,1,0,1,0,20170515,161823,Final,0
aif120912g00004.hdf5,70003554,7101,1,0,1,0,20170515,161823,Final,0
aif120813g.001.hdf5,70003555,7100,3,0,1,0,20170515,161825,Final,0
aif120813g.002.hdf5,70003555,7101,3,0,1,0,20170515,161825,Final,0
aif120813g.00003.hdf5,70003555,7100,1,0,1,0,20170515,161825,Final,0
aif120813g00004.hdf5,70003555,7101,1,0,1,0,20170515,161825,Final,0
aif121213g.001.hdf5,70003556,7100,3,0,1,0,20170515,161824,Final,0
aif121213g.002.hdf5,70003556,7101,3,0,1,0,20170515,161824,Final,0
aif121213g.00003.hdf5,70003556,7100,1,0,1,0,20170515,161824,Final,0
aif121213g00004.hdf5,70003556,7101,1,0,1,0,20170515,161824,Final,0
aif120713g.001.hdf5,70003557,7100,3,0,1,0,20170515,161819,Final,0
aif120713g.002.hdf5,70003557,7101,3,0,1,0,20170515,161819,Final,0
aif120713g.00003.hdf5,70003557,7100,1,0,1,0,20170515,161819,Final,0
aif120713g00004.hdf5,70003557,7101,1,0,1,0,20170515,161819,Final,0
aif120613g.001.hdf5,70003558,7100,3,0,1,0,20170515,161819,Final,0
aif120613g.002.hdf5,70003558,7101,3,0,1,0,20170515,161819,Final,0
aif120613g.00003.hdf5,70003558,7100,1,0,1,0,20170515,161819,Final,0
aif120613g00004.hdf5,70003558,7101,1,0,1,0,20170515,161819,Final,0
aif121113g.001.hdf5,70003559,7100,3,0,1,0,20170515,161820,Final,0
aif121113g.002.hdf5,70003559,7101,3,0,1,0,20170515,161820,Final,0
aif121113g.00003.hdf5,70003559,7100,1,0,1,0,20170515,161820,Final,0
aif121113g00004.hdf5,70003559,7101,1,0,1,0,20170515,161820,Final,0
aif120913g.001.hdf5,70003560,7100,3,0,1,0,20170515,161819,Final,0
aif120913g.002.hdf5,70003560,7101,3,0,1,0,20170515,161819,Final,0
aif120913g.00003.hdf5,70003560,7100,1,0,1,0,20170515,161819,Final,0
aif120913g00004.hdf5,70003560,7101,1,0,1,0,20170515,161819,Final,0
aif121214g.001.hdf5,70003561,7100,3,0,1,0,20170515,161825,Final,0
aif121214g.002.hdf5,70003561,7101,3,0,1,0,20170515,161825,Final,0
aif121214g.00003.hdf5,70003561,7100,1,0,1,0,20170515,161825,Final,0
aif121214g00004.hdf5,70003561,7101,1,0,1,0,20170515,161825,Final,0
aif120714g.001.hdf5,70003562,7100,3,0,1,0,20170515,161821,Final,0
aif120714g.002.hdf5,70003562,7101,3,0,1,0,20170515,161821,Final,0
aif120714g.00003.hdf5,70003562,7100,1,0,1,0,20170515,161821,Final,0
aif120714g00004.hdf5,70003562,7101,1,0,1,0,20170515,161821,Final,0
aif120614g.001.hdf5,70003563,7100,3,0,1,0,20170515,161822,Final,0
aif120614g.002.hdf5,70003563,7101,3,0,1,0,20170515,161822,Final,0
aif120614g.00003.hdf5,70003563,7100,1,0,1,0,20170515,161822,Final,0
aif120614g00004.hdf5,70003563,7101,1,0,1,0,20170515,161822,Final,0
aif121114g.001.hdf5,70003564,7100,3,0,1,0,20170515,161822,Final,0
aif121114g.002.hdf5,70003564,7101,3,0,1,0,20170515,161822,Final,0
aif121114g.00003.hdf5,70003564,7100,1,0,1,0,20170515,161822,Final,0
aif121114g00004.hdf5,70003564,7101,1,0,1,0,20170515,161822,Final,0
aif120815g.001.hdf5,70003565,7100,3,0,1,0,20170515,161819,Final,0
aif120815g.002.hdf5,70003565,7101,3,0,1,0,20170515,161819,Final,0
aif120815g.00003.hdf5,70003565,7100,1,0,1,0,20170515,161819,Final,0
aif120815g00004.hdf5,70003565,7101,1,0,1,0,20170515,161819,Final,0
aif121215g.001.hdf5,70003566,7100,3,0,1,0,20170515,161821,Final,0
aif121215g.002.hdf5,70003566,7101,3,0,1,0,20170515,161821,Final,0
aif121215g.00003.hdf5,70003566,7100,1,0,1,0,20170515,161821,Final,0
aif121215g00004.hdf5,70003566,7101,1,0,1,0,20170515,161821,Final,0
aif120715g.001.hdf5,70003567,7100,3,0,1,0,20170515,161825,Final,0
aif120715g.002.hdf5,70003567,7101,3,0,1,0,20170515,161825,Final,0
aif120715g.00003.hdf5,70003567,7100,1,0,1,0,20170515,161825,Final,0
aif120715g00004.hdf5,70003567,7101,1,0,1,0,20170515,161825,Final,0
aif120615g.001.hdf5,70003568,7100,3,0,1,0,20170515,161821,Final,0
aif120615g.002.hdf5,70003568,7101,3,0,1,0,20170515,161821,Final,0
aif120615g.00003.hdf5,70003568,7100,1,0,1,0,20170515,161821,Final,0
aif120615g00004.hdf5,70003568,7101,1,0,1,0,20170515,161821,Final,0
aif121115g.001.hdf5,70003569,7100,3,0,1,0,20170515,161822,Final,0
aif121115g.002.hdf5,70003569,7101,3,0,1,0,20170515,161822,Final,0
aif121115g.00003.hdf5,70003569,7100,1,0,1,0,20170515,161822,Final,0
aif121115g00004.hdf5,70003569,7101,1,0,1,0,20170515,161822,Final,0
aif120816g.001.hdf5,70003570,7100,3,0,1,0,20170515,161821,Final,0
aif120816g.002.hdf5,70003570,7101,3,0,1,0,20170515,161821,Final,0
aif120816g.00003.hdf5,70003570,7100,1,0,1,0,20170515,161821,Final,0
aif120816g00004.hdf5,70003570,7101,1,0,1,0,20170515,161821,Final,0
aif121216g.001.hdf5,70003571,7100,3,0,1,0,20170515,161826,Final,0
aif121216g.002.hdf5,70003571,7101,3,0,1,0,20170515,161826,Final,0
aif121216g.00003.hdf5,70003571,7100,1,0,1,0,20170515,161826,Final,0
aif121216g00004.hdf5,70003571,7101,1,0,1,0,20170515,161826,Final,0
aif120716g.001.hdf5,70003572,7100,3,0,1,0,20170515,161821,Final,0
aif120716g.002.hdf5,70003572,7101,3,0,1,0,20170515,161821,Final,0
aif120716g.00003.hdf5,70003572,7100,1,0,1,0,20170515,161821,Final,0
aif120716g00004.hdf5,70003572,7101,1,0,1,0,20170515,161821,Final,0
aif120616g.001.hdf5,70003573,7100,3,0,1,0,20170515,161824,Final,0
aif120616g.002.hdf5,70003573,7101,3,0,1,0,20170515,161824,Final,0
aif120616g.00003.hdf5,70003573,7100,1,0,1,0,20170515,161824,Final,0
aif120616g00004.hdf5,70003573,7101,1,0,1,0,20170515,161824,Final,0
aif121116g.001.hdf5,70003574,7100,3,0,1,0,20170515,161823,Final,0
aif121116g.002.hdf5,70003574,7101,3,0,1,0,20170515,161823,Final,0
aif121116g.00003.hdf5,70003574,7100,1,0,1,0,20170515,161823,Final,0
aif121116g00004.hdf5,70003574,7101,1,0,1,0,20170515,161823,Final,0
aif120817g.001.hdf5,70003575,7100,3,0,1,0,20170515,161826,Final,0
aif120817g.002.hdf5,70003575,7101,3,0,1,0,20170515,161826,Final,0
aif120817g.00003.hdf5,70003575,7100,1,0,1,0,20170515,161826,Final,0
aif120817g00004.hdf5,70003575,7101,1,0,1,0,20170515,161826,Final,0
aif121217g.001.hdf5,70003576,7100,3,0,1,0,20170515,161824,Final,0
aif121217g.002.hdf5,70003576,7101,3,0,1,0,20170515,161824,Final,0
aif121217g.00003.hdf5,70003576,7100,1,0,1,0,20170515,161824,Final,0
aif121217g00004.hdf5,70003576,7101,1,0,1,0,20170515,161824,Final,0
aif120717g.001.hdf5,70003577,7100,3,0,1,0,20170515,161820,Final,0
aif120717g.002.hdf5,70003577,7101,3,0,1,0,20170515,161820,Final,0
aif120717g.00003.hdf5,70003577,7100,1,0,1,0,20170515,161820,Final,0
aif120717g00004.hdf5,70003577,7101,1,0,1,0,20170515,161820,Final,0
aif121117g.001.hdf5,70003578,7100,3,0,1,0,20170515,161820,Final,0
aif121117g.002.hdf5,70003578,7101,3,0,1,0,20170515,161820,Final,0
aif121117g.00003.hdf5,70003578,7100,1,0,1,0,20170515,161820,Final,0
aif121117g00004.hdf5,70003578,7101,1,0,1,0,20170515,161820,Final,0
aif120917g.001.hdf5,70003579,7100,3,0,1,0,20170515,161824,Final,0
aif120917g.002.hdf5,70003579,7101,3,0,1,0,20170515,161824,Final,0
aif120917g.00003.hdf5,70003579,7100,1,0,1,0,20170515,161824,Final,0
aif120917g00004.hdf5,70003579,7101,1,0,1,0,20170515,161824,Final,0
aif120818g.001.hdf5,70003580,7100,3,0,1,0,20170515,161824,Final,0
aif120818g.002.hdf5,70003580,7101,3,0,1,0,20170515,161824,Final,0
aif120818g.00003.hdf5,70003580,7100,1,0,1,0,20170515,161824,Final,0
aif120818g00004.hdf5,70003580,7101,1,0,1,0,20170515,161824,Final,0
aif121218g.001.hdf5,70003581,7100,3,0,1,0,20170515,161822,Final,0
aif121218g.002.hdf5,70003581,7101,3,0,1,0,20170515,161822,Final,0
aif121218g.00003.hdf5,70003581,7100,1,0,1,0,20170515,161822,Final,0
aif121218g00004.hdf5,70003581,7101,1,0,1,0,20170515,161822,Final,0
aif120718g.001.hdf5,70003582,7100,3,0,1,0,20170515,161819,Final,0
aif120718g.002.hdf5,70003582,7101,3,0,1,0,20170515,161819,Final,0
aif120718g.00003.hdf5,70003582,7100,1,0,1,0,20170515,161819,Final,0
aif120718g00004.hdf5,70003582,7101,1,0,1,0,20170515,161819,Final,0
aif120617g.001.hdf5,70003583,7100,3,0,1,0,20170515,161819,Final,0
aif120617g.002.hdf5,70003583,7101,3,0,1,0,20170515,161819,Final,0
aif120617g.00003.hdf5,70003583,7100,1,0,1,0,20170515,161820,Final,0
aif120617g00004.hdf5,70003583,7101,1,0,1,0,20170515,161819,Final,0
aif120618g.001.hdf5,70003584,7100,3,0,1,0,20170515,161821,Final,0
aif120618g.002.hdf5,70003584,7101,3,0,1,0,20170515,161821,Final,0
aif120618g.00003.hdf5,70003584,7100,1,0,1,0,20170515,161821,Final,0
aif120618g00004.hdf5,70003584,7101,1,0,1,0,20170515,161821,Final,0
aif121118g.001.hdf5,70003585,7100,3,0,1,0,20170515,161826,Final,0
aif121118g.002.hdf5,70003585,7101,3,0,1,0,20170515,161826,Final,0
aif121118g.00003.hdf5,70003585,7100,1,0,1,0,20170515,161826,Final,0
aif121118g00004.hdf5,70003585,7101,1,0,1,0,20170515,161826,Final,0
aif120918g.001.hdf5,70003586,7100,3,0,1,0,20170515,161824,Final,0
aif120918g.002.hdf5,70003586,7101,3,0,1,0,20170515,161824,Final,0
aif120918g.00003.hdf5,70003586,7100,1,0,1,0,20170515,161824,Final,0
aif120918g00004.hdf5,70003586,7101,1,0,1,0,20170515,161824,Final,0
aif120819g.001.hdf5,70003587,7100,3,0,1,0,20170515,161825,Final,0
aif120819g.002.hdf5,70003587,7101,3,0,1,0,20170515,161825,Final,0
aif120819g.00003.hdf5,70003587,7100,1,0,1,0,20170515,161825,Final,0
aif120819g00004.hdf5,70003587,7101,1,0,1,0,20170515,161825,Final,0
aif121219g.001.hdf5,70003588,7100,3,0,1,0,20170515,161825,Final,0
aif121219g.002.hdf5,70003588,7101,3,0,1,0,20170515,161825,Final,0
aif121219g.00003.hdf5,70003588,7100,1,0,1,0,20170515,161825,Final,0
aif121219g00004.hdf5,70003588,7101,1,0,1,0,20170515,161825,Final,0
aif120719g.001.hdf5,70003589,7100,3,0,1,0,20170515,161823,Final,0
aif120719g.002.hdf5,70003589,7101,3,0,1,0,20170515,161823,Final,0
aif120719g.00003.hdf5,70003589,7100,1,0,1,0,20170515,161823,Final,0
aif120719g00004.hdf5,70003589,7101,1,0,1,0,20170515,161823,Final,0
aif121119g.001.hdf5,70003590,7100,3,0,1,0,20170515,161819,Final,0
aif121119g.002.hdf5,70003590,7101,3,0,1,0,20170515,161819,Final,0
aif121119g.00003.hdf5,70003590,7100,1,0,1,0,20170515,161819,Final,0
aif121119g00004.hdf5,70003590,7101,1,0,1,0,20170515,161819,Final,0
aif120919g.001.hdf5,70003591,7100,3,0,1,0,20170515,161822,Final,0
aif120919g.002.hdf5,70003591,7101,3,0,1,0,20170515,161822,Final,0
aif120919g.00003.hdf5,70003591,7100,1,0,1,0,20170515,161822,Final,0
aif120919g00004.hdf5,70003591,7101,1,0,1,0,20170515,161822,Final,0
aif120820g.001.hdf5,70003592,7100,3,0,1,0,20170515,161824,Final,0
aif120820g.002.hdf5,70003592,7101,3,0,1,0,20170515,161824,Final,0
aif120820g.00003.hdf5,70003592,7100,1,0,1,0,20170515,161824,Final,0
aif120820g00004.hdf5,70003592,7101,1,0,1,0,20170515,161824,Final,0
aif121220g.001.hdf5,70003593,7100,3,0,1,0,20170515,161819,Final,0
aif121220g.002.hdf5,70003593,7101,3,0,1,0,20170515,161819,Final,0
aif121220g.00003.hdf5,70003593,7100,1,0,1,0,20170515,161819,Final,0
aif121220g00004.hdf5,70003593,7101,1,0,1,0,20170515,161819,Final,0
aif120720g.001.hdf5,70003594,7100,3,0,1,0,20170515,161821,Final,0
aif120720g.002.hdf5,70003594,7101,3,0,1,0,20170515,161821,Final,0
aif120720g.00003.hdf5,70003594,7100,1,0,1,0,20170515,161821,Final,0
aif120720g00004.hdf5,70003594,7101,1,0,1,0,20170515,161821,Final,0
aif120619g.001.hdf5,70003595,7100,3,0,1,0,20170515,161823,Final,0
aif120619g.002.hdf5,70003595,7101,3,0,1,0,20170515,161823,Final,0
aif120619g.00003.hdf5,70003595,7100,1,0,1,0,20170515,161823,Final,0
aif120619g00004.hdf5,70003595,7101,1,0,1,0,20170515,161823,Final,0
aif120620g.001.hdf5,70003596,7100,3,0,1,0,20170515,161820,Final,0
aif120620g.002.hdf5,70003596,7101,3,0,1,0,20170515,161820,Final,0
aif120620g.00003.hdf5,70003596,7100,1,0,1,0,20170515,161820,Final,0
aif120620g00004.hdf5,70003596,7101,1,0,1,0,20170515,161820,Final,0
aif121120g.001.hdf5,70003597,7100,3,0,1,0,20170515,161821,Final,0
aif121120g.002.hdf5,70003597,7101,3,0,1,0,20170515,161821,Final,0
aif121120g.00003.hdf5,70003597,7100,1,0,1,0,20170515,161821,Final,0
aif121120g00004.hdf5,70003597,7101,1,0,1,0,20170515,161821,Final,0
aif120920g.001.hdf5,70003598,7100,3,0,1,0,20170515,161823,Final,0
aif120920g.002.hdf5,70003598,7101,3,0,1,0,20170515,161823,Final,0
aif120920g.00003.hdf5,70003598,7100,1,0,1,0,20170515,161823,Final,0
aif120920g00004.hdf5,70003598,7101,1,0,1,0,20170515,161823,Final,0
aif121221g.001.hdf5,70003599,7100,3,0,1,0,20170515,161821,Final,0
aif121221g.002.hdf5,70003599,7101,3,0,1,0,20170515,161821,Final,0
aif121221g.00003.hdf5,70003599,7100,1,0,1,0,20170515,161821,Final,0
aif121221g00004.hdf5,70003599,7101,1,0,1,0,20170515,161821,Final,0
aif120721g.001.hdf5,70003600,7100,3,0,1,0,20170515,161823,Final,0
aif120721g.002.hdf5,70003600,7101,3,0,1,0,20170515,161823,Final,0
aif120721g.00003.hdf5,70003600,7100,1,0,1,0,20170515,161823,Final,0
aif120721g00004.hdf5,70003600,7101,1,0,1,0,20170515,161823,Final,0
aif121121g.001.hdf5,70003601,7100,3,0,1,0,20170515,161822,Final,0
aif121121g.002.hdf5,70003601,7101,3,0,1,0,20170515,161822,Final,0
aif121121g.00003.hdf5,70003601,7100,1,0,1,0,20170515,161822,Final,0
aif121121g00004.hdf5,70003601,7101,1,0,1,0,20170515,161822,Final,0
aif120921g.001.hdf5,70003602,7100,3,0,1,0,20170515,161819,Final,0
aif120921g.002.hdf5,70003602,7101,3,0,1,0,20170515,161819,Final,0
aif120921g.00003.hdf5,70003602,7100,1,0,1,0,20170515,161819,Final,0
aif120921g00004.hdf5,70003602,7101,1,0,1,0,20170515,161819,Final,0
aif121222g.001.hdf5,70003603,7100,3,0,1,0,20170515,161819,Final,0
aif121222g.002.hdf5,70003603,7101,3,0,1,0,20170515,161819,Final,0
aif121222g.00003.hdf5,70003603,7100,1,0,1,0,20170515,161819,Final,0
aif121222g00004.hdf5,70003603,7101,1,0,1,0,20170515,161819,Final,0
aif120722g.001.hdf5,70003604,7100,3,0,1,0,20170515,161824,Final,0
aif120722g.002.hdf5,70003604,7101,3,0,1,0,20170515,161824,Final,0
aif120722g.00003.hdf5,70003604,7100,1,0,1,0,20170515,161824,Final,0
aif120722g00004.hdf5,70003604,7101,1,0,1,0,20170515,161824,Final,0
aif120621g.001.hdf5,70003605,7100,3,0,1,0,20170515,161824,Final,0
aif120621g.002.hdf5,70003605,7101,3,0,1,0,20170515,161824,Final,0
aif120621g.00003.hdf5,70003605,7100,1,0,1,0,20170515,161824,Final,0
aif120621g00004.hdf5,70003605,7101,1,0,1,0,20170515,161824,Final,0
aif121122g.001.hdf5,70003606,7100,3,0,1,0,20170515,161822,Final,0
aif121122g.002.hdf5,70003606,7101,3,0,1,0,20170515,161822,Final,0
aif121122g.00003.hdf5,70003606,7100,1,0,1,0,20170515,161822,Final,0
aif121122g00004.hdf5,70003606,7101,1,0,1,0,20170515,161822,Final,0
aif120922g.001.hdf5,70003607,7100,3,0,1,0,20170515,161826,Final,0
aif120922g.002.hdf5,70003607,7101,3,0,1,0,20170515,161826,Final,0
aif120922g.00003.hdf5,70003607,7100,1,0,1,0,20170515,161826,Final,0
aif120922g00004.hdf5,70003607,7101,1,0,1,0,20170515,161826,Final,0
aif121223g.001.hdf5,70003608,7100,3,0,1,0,20170515,161823,Final,0
aif121223g.002.hdf5,70003608,7101,3,0,1,0,20170515,161823,Final,0
aif121223g.00003.hdf5,70003608,7100,1,0,1,0,20170515,161823,Final,0
aif121223g00004.hdf5,70003608,7101,1,0,1,0,20170515,161823,Final,0
aif120723g.001.hdf5,70003609,7100,3,0,1,0,20170515,161826,Final,0
aif120723g.002.hdf5,70003609,7101,3,0,1,0,20170515,161826,Final,0
aif120723g.00003.hdf5,70003609,7100,1,0,1,0,20170515,161826,Final,0
aif120723g00004.hdf5,70003609,7101,1,0,1,0,20170515,161826,Final,0
aif120622g.001.hdf5,70003610,7100,3,0,1,0,20170515,161819,Final,0
aif120622g.002.hdf5,70003610,7101,3,0,1,0,20170515,161819,Final,0
aif120622g.00003.hdf5,70003610,7100,1,0,1,0,20170515,161819,Final,0
aif120622g00004.hdf5,70003610,7101,1,0,1,0,20170515,161819,Final,0
aif120623g.001.hdf5,70003611,7100,3,0,1,0,20170515,161825,Final,0
aif120623g.002.hdf5,70003611,7101,3,0,1,0,20170515,161825,Final,0
aif120623g.00003.hdf5,70003611,7100,1,0,1,0,20170515,161825,Final,0
aif120623g00004.hdf5,70003611,7101,1,0,1,0,20170515,161825,Final,0
aif121123g.001.hdf5,70003612,7100,3,0,1,0,20170515,161823,Final,0
aif121123g.002.hdf5,70003612,7101,3,0,1,0,20170515,161823,Final,0
aif121123g.00003.hdf5,70003612,7100,1,0,1,0,20170515,161823,Final,0
aif121123g00004.hdf5,70003612,7101,1,0,1,0,20170515,161823,Final,0
aif120923g.001.hdf5,70003613,7100,3,0,1,0,20170515,161826,Final,0
aif120923g.002.hdf5,70003613,7101,3,0,1,0,20170515,161826,Final,0
aif120923g.00003.hdf5,70003613,7100,1,0,1,0,20170515,161826,Final,0
aif120923g00004.hdf5,70003613,7101,1,0,1,0,20170515,161826,Final,0
aif120824g.001.hdf5,70003614,7100,3,0,1,0,20170515,161822,Final,0
aif120824g.002.hdf5,70003614,7101,3,0,1,0,20170515,161822,Final,0
aif120824g.00003.hdf5,70003614,7100,1,0,1,0,20170515,161822,Final,0
aif120824g00004.hdf5,70003614,7101,1,0,1,0,20170515,161822,Final,0
aif121224g.001.hdf5,70003615,7100,3,0,1,0,20170515,161822,Final,0
aif121224g.002.hdf5,70003615,7101,3,0,1,0,20170515,161822,Final,0
aif121224g.00003.hdf5,70003615,7100,1,0,1,0,20170515,161822,Final,0
aif121224g00004.hdf5,70003615,7101,1,0,1,0,20170515,161822,Final,0
aif120724g.001.hdf5,70003616,7100,3,0,1,0,20170515,161824,Final,0
aif120724g.002.hdf5,70003616,7101,3,0,1,0,20170515,161824,Final,0
aif120724g.00003.hdf5,70003616,7100,1,0,1,0,20170515,161824,Final,0
aif120724g00004.hdf5,70003616,7101,1,0,1,0,20170515,161824,Final,0
aif121124g.001.hdf5,70003617,7100,3,0,1,0,20170515,161822,Final,0
aif121124g.002.hdf5,70003617,7101,3,0,1,0,20170515,161822,Final,0
aif121124g.00003.hdf5,70003617,7100,1,0,1,0,20170515,161822,Final,0
aif121124g00004.hdf5,70003617,7101,1,0,1,0,20170515,161822,Final,0
aif120924g.001.hdf5,70003618,7100,3,0,1,0,20170515,161821,Final,0
aif120924g.002.hdf5,70003618,7101,3,0,1,0,20170515,161821,Final,0
aif120924g.00003.hdf5,70003618,7100,1,0,1,0,20170515,161821,Final,0
aif120924g00004.hdf5,70003618,7101,1,0,1,0,20170515,161821,Final,0
aif120825g.001.hdf5,70003619,7100,3,0,1,0,20170515,161821,Final,0
aif120825g.002.hdf5,70003619,7101,3,0,1,0,20170515,161821,Final,0
aif120825g.00003.hdf5,70003619,7100,1,0,1,0,20170515,161821,Final,0
aif120825g00004.hdf5,70003619,7101,1,0,1,0,20170515,161821,Final,0
aif121225g.001.hdf5,70003620,7100,3,0,1,0,20170515,161822,Final,0
aif121225g.002.hdf5,70003620,7101,3,0,1,0,20170515,161822,Final,0
aif121225g.00003.hdf5,70003620,7100,1,0,1,0,20170515,161822,Final,0
aif121225g00004.hdf5,70003620,7101,1,0,1,0,20170515,161822,Final,0
aif120725g.001.hdf5,70003621,7100,3,0,1,0,20170515,161825,Final,0
aif120725g.002.hdf5,70003621,7101,3,0,1,0,20170515,161825,Final,0
aif120725g.00003.hdf5,70003621,7100,1,0,1,0,20170515,161825,Final,0
aif120725g00004.hdf5,70003621,7101,1,0,1,0,20170515,161825,Final,0
aif120624g.001.hdf5,70003622,7100,3,0,1,0,20170515,161826,Final,0
aif120624g.002.hdf5,70003622,7101,3,0,1,0,20170515,161826,Final,0
aif120624g.00003.hdf5,70003622,7100,1,0,1,0,20170515,161826,Final,0
aif120624g00004.hdf5,70003622,7101,1,0,1,0,20170515,161826,Final,0
aif120625g.001.hdf5,70003623,7100,3,0,1,0,20170515,161824,Final,0
aif120625g.002.hdf5,70003623,7101,3,0,1,0,20170515,161824,Final,0
aif120625g.00003.hdf5,70003623,7100,1,0,1,0,20170515,161824,Final,0
aif120625g00004.hdf5,70003623,7101,1,0,1,0,20170515,161824,Final,0
aif121125g.001.hdf5,70003624,7100,3,0,1,0,20170515,161825,Final,0
aif121125g.002.hdf5,70003624,7101,3,0,1,0,20170515,161825,Final,0
aif121125g.00003.hdf5,70003624,7100,1,0,1,0,20170515,161825,Final,0
aif121125g00004.hdf5,70003624,7101,1,0,1,0,20170515,161825,Final,0
aif120826g.001.hdf5,70003625,7100,3,0,1,0,20170515,161825,Final,0
aif120826g.002.hdf5,70003625,7101,3,0,1,0,20170515,161825,Final,0
aif120826g.00003.hdf5,70003625,7100,1,0,1,0,20170515,161825,Final,0
aif120826g00004.hdf5,70003625,7101,1,0,1,0,20170515,161825,Final,0
aif120726g.001.hdf5,70003626,7100,3,0,1,0,20170515,161823,Final,0
aif120726g.002.hdf5,70003626,7101,3,0,1,0,20170515,161823,Final,0
aif120726g.00003.hdf5,70003626,7100,1,0,1,0,20170515,161823,Final,0
aif120726g00004.hdf5,70003626,7101,1,0,1,0,20170515,161823,Final,0
aif120626g.001.hdf5,70003627,7100,3,0,1,0,20170515,161820,Final,0
aif120626g.002.hdf5,70003627,7101,3,0,1,0,20170515,161820,Final,0
aif120626g.00003.hdf5,70003627,7100,1,0,1,0,20170515,161820,Final,0
aif120626g00004.hdf5,70003627,7101,1,0,1,0,20170515,161820,Final,0
aif120827g.001.hdf5,70003628,7100,3,0,1,0,20170515,161823,Final,0
aif120827g.002.hdf5,70003628,7101,3,0,1,0,20170515,161823,Final,0
aif120827g.00003.hdf5,70003628,7100,1,0,1,0,20170515,161823,Final,0
aif120827g00004.hdf5,70003628,7101,1,0,1,0,20170515,161823,Final,0
aif120727g.001.hdf5,70003629,7100,3,0,1,0,20170515,161820,Final,0
aif120727g.002.hdf5,70003629,7101,3,0,1,0,20170515,161820,Final,0
aif120727g.00003.hdf5,70003629,7100,1,0,1,0,20170515,161820,Final,0
aif120727g00004.hdf5,70003629,7101,1,0,1,0,20170515,161820,Final,0
aif120627g.001.hdf5,70003630,7100,3,0,1,0,20170515,161824,Final,0
aif120627g.002.hdf5,70003630,7101,3,0,1,0,20170515,161824,Final,0
aif120627g.00003.hdf5,70003630,7100,1,0,1,0,20170515,161824,Final,0
aif120627g00004.hdf5,70003630,7101,1,0,1,0,20170515,161824,Final,0
aif120728g.001.hdf5,70003631,7100,3,0,1,0,20170515,161825,Final,0
aif120728g.002.hdf5,70003631,7101,3,0,1,0,20170515,161825,Final,0
aif120728g.00003.hdf5,70003631,7100,1,0,1,0,20170515,161825,Final,0
aif120728g00004.hdf5,70003631,7101,1,0,1,0,20170515,161825,Final,0
aif120628g.001.hdf5,70003632,7100,3,0,1,0,20170515,161824,Final,0
aif120628g.002.hdf5,70003632,7101,3,0,1,0,20170515,161824,Final,0
aif120628g.00003.hdf5,70003632,7100,1,0,1,0,20170515,161824,Final,0
aif120628g00004.hdf5,70003632,7101,1,0,1,0,20170515,161824,Final,0
aif120729g.001.hdf5,70003633,7100,3,0,1,0,20170515,161825,Final,0
aif120729g.002.hdf5,70003633,7101,3,0,1,0,20170515,161825,Final,0
aif120729g.00003.hdf5,70003633,7100,1,0,1,0,20170515,161825,Final,0
aif120729g00004.hdf5,70003633,7101,1,0,1,0,20170515,161825,Final,0
aif120629g.001.hdf5,70003634,7100,3,0,1,0,20170515,161823,Final,0
aif120629g.002.hdf5,70003634,7101,3,0,1,0,20170515,161823,Final,0
aif120629g.00003.hdf5,70003634,7100,1,0,1,0,20170515,161823,Final,0
aif120629g00004.hdf5,70003634,7101,1,0,1,0,20170515,161823,Final,0
aif120529g.001.hdf5,70003635,7100,3,0,1,0,20170515,161826,Final,0
aif120529g.002.hdf5,70003635,7101,3,0,1,0,20170515,161826,Final,0
aif120529g.00003.hdf5,70003635,7100,1,0,1,0,20170515,161826,Final,0
aif120529g00004.hdf5,70003635,7101,1,0,1,0,20170515,161826,Final,0
aif120730g.001.hdf5,70003636,7100,3,0,1,0,20170515,161826,Final,0
aif120730g.002.hdf5,70003636,7101,3,0,1,0,20170515,161826,Final,0
aif120730g.00003.hdf5,70003636,7100,1,0,1,0,20170515,161826,Final,0
aif120730g00004.hdf5,70003636,7101,1,0,1,0,20170515,161826,Final,0
aif120630g.001.hdf5,70003637,7100,3,0,1,0,20170515,161825,Final,0
aif120630g.002.hdf5,70003637,7101,3,0,1,0,20170515,161825,Final,0
aif120630g.00003.hdf5,70003637,7100,1,0,1,0,20170515,161824,Final,0
aif120630g00004.hdf5,70003637,7101,1,0,1,0,20170515,161825,Final,0
aif120530g.001.hdf5,70003638,7100,3,0,1,0,20170515,161820,Final,0
aif120530g.002.hdf5,70003638,7101,3,0,1,0,20170515,161820,Final,0
aif120530g.00003.hdf5,70003638,7100,1,0,1,0,20170515,161820,Final,0
aif120530g00004.hdf5,70003638,7101,1,0,1,0,20170515,161820,Final,0
aif120531g.001.hdf5,70003639,7100,3,0,1,0,20170515,161823,Final,0
aif120531g.002.hdf5,70003639,7101,3,0,1,0,20170515,161823,Final,0
aif120531g.00003.hdf5,70003639,7100,1,0,1,0,20170515,161823,Final,0
aif120531g00004.hdf5,70003639,7101,1,0,1,0,20170515,161823,Final,0
akl_tn_K2012019.asc.hdf5,70003640,10002,1,0,1,0,20180110,054614,Final,0
akl_k_K2012019.asc.hdf5,70003640,2002,1,0,1,0,20180110,054712,Final,0
akl_k_K2012020.asc.hdf5,70003641,2002,1,0,1,0,20180110,051125,Final,0
akl_tn_K2012020.asc.hdf5,70003641,10002,1,0,1,0,20180110,051125,Final,0
akl_tn_K2012141.asc.hdf5,70003642,10002,1,0,1,0,20180110,061755,Final,0
akl_k_K2012141.asc.hdf5,70003642,2002,1,0,1,0,20180110,061855,Final,0
akl_k_K2012142.asc.hdf5,70003643,2002,1,0,1,0,20180110,013532,Final,0
akl_tn_K2012142.asc.hdf5,70003643,10002,1,0,1,0,20180110,013534,Final,0
04sep2012gr.out.hdf5,70003644,2010,3,0,1,0,20170515,161849,History,0
aro20120904mrag.001.hdf5,70003644,2010,1,0,1,0,20170515,161849,Final,0
11dec2012gr.out.hdf5,70003645,2010,3,0,1,0,20170515,161926,History,0
11dec2012gr.out.1.hdf5,70003645,2010,3,0,1,0,20170515,161926,History,0
aro20121211mrag.001.hdf5,70003645,2010,1,0,1,0,20170515,161902,Final,0
aro20121211bneg.000.hdf5,70003645,2015,1,0,1,0,20170515,161926,Preliminary - final calibration pending,0
aro20120120plg.001.hdf5,70003646,2041,1,0,1,0,20170515,161932,FINAL,0
aro20120121plg.001.hdf5,70003647,2041,1,0,1,0,20170515,161856,FINAL,0
aro20120122plg.001.hdf5,70003648,2041,1,0,1,0,20170515,161902,FINAL,0
aro20120123plg.001.hdf5,70003649,2041,1,0,1,0,20170515,161929,FINAL,0
04sep2012lf.out.hdf5,70003650,2010,3,0,1,0,20170515,162113,History,0
aro20120904mral.001.hdf5,70003650,2010,1,0,1,0,20170515,162126,Final,0
aro20120209pll.001.hdf5,70003651,2041,1,0,1,1,20210607,113359,Final,0
11dec2012lf.out.hdf5,70003652,2010,3,0,1,0,20170515,162204,History,0
11dec2012lf.out.1.hdf5,70003652,2010,3,0,1,0,20170515,162204,History,0
aro20121211mral.001.hdf5,70003652,2010,1,0,1,0,20170515,162204,Final,0
aro20120111mral.001.hdf5,70003653,2010,1,0,1,0,20170515,162129,Final,0
12jun2012lf.out.hdf5,70003654,2010,3,0,1,0,20170515,162138,History,0
aro20120612mral.001.hdf5,70003654,2010,1,0,1,0,20170515,162138,Final,0
aro20120113pll.001.hdf5,70003655,2041,1,0,1,0,20170515,162151,FINAL,0
19jan2012lf.out.hdf5,70003656,2010,3,0,1,0,20170515,162150,History,0
aro20120119mral.001.hdf5,70003656,2010,1,0,1,0,20170515,162150,Final,0
04sep2012lf.out.hdf5,70003657,2011,3,0,1,0,20170515,162019,History,0
aro20120904vecF.000.hdf5,70003657,2011,1,0,1,0,20170515,162019,Preliminary - final calibration pending,0
11dec2012lf.out.hdf5,70003658,2011,1,0,1,0,20170515,162019,Preliminary - Ne final calibration pending,0
12jun2012lf.out.hdf5,70003659,2011,1,0,1,0,20170515,162019,Preliminary - Ne final calibration pending,0
19jan2012lf.out.hdf5,70003660,2011,1,0,1,0,20170515,162019,Preliminary calibration,0
asl20120520.001.hdf5,70003661,7150,1,0,1,0,20180110,044021,Preliminary,0
asl20120521.001.hdf5,70003662,7150,1,0,1,0,20180110,054540,Preliminary,0
aai20130401.00001.hdf5,70003663,20,1,0,1,0,20170515,152620,Final,0
aai20130801.00001.hdf5,70003664,20,1,0,1,0,20170515,152623,Final,0
aai20131201.00001.hdf5,70003665,20,1,0,1,0,20170515,152622,Final,0
aai20130201.00001.hdf5,70003666,20,1,0,1,0,20170515,152621,Final,0
aai20130101.00001.hdf5,70003667,20,1,0,1,0,20170515,152621,Final,0
aai20130701.00001.hdf5,70003668,20,1,0,1,0,20170515,152623,Final,0
aai20130601.00001.hdf5,70003669,20,1,0,1,0,20170515,152623,Final,0
aai20130301.00001.hdf5,70003670,20,1,0,1,0,20170515,152624,Final,0
aai20130501.00001.hdf5,70003671,20,1,0,1,0,20170515,152624,Final,0
aai20131101.00001.hdf5,70003672,20,1,0,1,0,20170515,152624,Final,0
aai20131001.00001.hdf5,70003673,20,1,0,1,0,20170515,152625,Final,0
aai20130901.00001.hdf5,70003674,20,1,0,1,0,20170515,152621,Final,0
aai20130402.00001.hdf5,70003675,20,1,0,1,0,20170515,152620,Final,0
aai20130802.00001.hdf5,70003676,20,1,0,1,0,20170515,152625,Final,0
aai20131202.00001.hdf5,70003677,20,1,0,1,0,20170515,152621,Final,0
aai20130202.00001.hdf5,70003678,20,1,0,1,0,20170515,152623,Final,0
aai20130102.00001.hdf5,70003679,20,1,0,1,0,20170515,152622,Final,0
aai20130702.00001.hdf5,70003680,20,1,0,1,0,20170515,152626,Final,0
aai20130602.00001.hdf5,70003681,20,1,0,1,0,20170515,152624,Final,0
aai20130302.00001.hdf5,70003682,20,1,0,1,0,20170515,152620,Final,0
aai20130502.00001.hdf5,70003683,20,1,0,1,0,20170515,152624,Final,0
aai20131102.00001.hdf5,70003684,20,1,0,1,0,20170515,152625,Final,0
aai20131002.00001.hdf5,70003685,20,1,0,1,0,20170515,152626,Final,0
aai20130902.00001.hdf5,70003686,20,1,0,1,0,20170515,152622,Final,0
aai20130403.00001.hdf5,70003687,20,1,0,1,0,20170515,152620,Final,0
aai20130803.00001.hdf5,70003688,20,1,0,1,0,20170515,152625,Final,0
aai20131203.00001.hdf5,70003689,20,1,0,1,0,20170515,152622,Final,0
aai20130203.00001.hdf5,70003690,20,1,0,1,0,20170515,152620,Final,0
aai20130103.00001.hdf5,70003691,20,1,0,1,0,20170515,152620,Final,0
aai20130703.00001.hdf5,70003692,20,1,0,1,0,20170515,152623,Final,0
aai20130603.00001.hdf5,70003693,20,1,0,1,0,20170515,152624,Final,0
aai20130303.00001.hdf5,70003694,20,1,0,1,0,20170515,152625,Final,0
aai20130503.00001.hdf5,70003695,20,1,0,1,0,20170515,152621,Final,0
aai20131103.00001.hdf5,70003696,20,1,0,1,0,20170515,152621,Final,0
aai20131003.00001.hdf5,70003697,20,1,0,1,0,20170515,152622,Final,0
aai20130903.00001.hdf5,70003698,20,1,0,1,0,20170515,152621,Final,0
aai20130404.00001.hdf5,70003699,20,1,0,1,0,20170515,152623,Final,0
aai20130804.00001.hdf5,70003700,20,1,0,1,0,20170515,152623,Final,0
aai20131204.00001.hdf5,70003701,20,1,0,1,0,20170515,152622,Final,0
aai20130204.00001.hdf5,70003702,20,1,0,1,0,20170515,152620,Final,0
aai20130104.00001.hdf5,70003703,20,1,0,1,0,20170515,152621,Final,0
aai20130704.00001.hdf5,70003704,20,1,0,1,0,20170515,152621,Final,0
aai20130604.00001.hdf5,70003705,20,1,0,1,0,20170515,152622,Final,0
aai20130304.00001.hdf5,70003706,20,1,0,1,0,20170515,152624,Final,0
aai20130504.00001.hdf5,70003707,20,1,0,1,0,20170515,152621,Final,0
aai20131104.00001.hdf5,70003708,20,1,0,1,0,20170515,152625,Final,0
aai20131004.00001.hdf5,70003709,20,1,0,1,0,20170515,152623,Final,0
aai20130904.00001.hdf5,70003710,20,1,0,1,0,20170515,152622,Final,0
aai20130405.00001.hdf5,70003711,20,1,0,1,0,20170515,152623,Final,0
aai20130805.00001.hdf5,70003712,20,1,0,1,0,20170515,152622,Final,0
aai20131205.00001.hdf5,70003713,20,1,0,1,0,20170515,152621,Final,0
aai20130205.00001.hdf5,70003714,20,1,0,1,0,20170515,152624,Final,0
aai20130105.00001.hdf5,70003715,20,1,0,1,0,20170515,152623,Final,0
aai20130705.00001.hdf5,70003716,20,1,0,1,0,20170515,152622,Final,0
aai20130605.00001.hdf5,70003717,20,1,0,1,0,20170515,152626,Final,0
aai20130305.00001.hdf5,70003718,20,1,0,1,0,20170515,152624,Final,0
aai20130505.00001.hdf5,70003719,20,1,0,1,0,20170515,152626,Final,0
aai20131105.00001.hdf5,70003720,20,1,0,1,0,20170515,152622,Final,0
aai20131005.00001.hdf5,70003721,20,1,0,1,0,20170515,152621,Final,0
aai20130905.00001.hdf5,70003722,20,1,0,1,0,20170515,152622,Final,0
aai20130406.00001.hdf5,70003723,20,1,0,1,0,20170515,152626,Final,0
aai20130806.00001.hdf5,70003724,20,1,0,1,0,20170515,152623,Final,0
aai20131206.00001.hdf5,70003725,20,1,0,1,0,20170515,152623,Final,0
aai20130206.00001.hdf5,70003726,20,1,0,1,0,20170515,152623,Final,0
aai20130106.00001.hdf5,70003727,20,1,0,1,0,20170515,152623,Final,0
aai20130706.00001.hdf5,70003728,20,1,0,1,0,20170515,152622,Final,0
aai20130606.00001.hdf5,70003729,20,1,0,1,0,20170515,152623,Final,0
aai20130306.00001.hdf5,70003730,20,1,0,1,0,20170515,152624,Final,0
aai20130506.00001.hdf5,70003731,20,1,0,1,0,20170515,152623,Final,0
aai20131106.00001.hdf5,70003732,20,1,0,1,0,20170515,152623,Final,0
aai20131006.00001.hdf5,70003733,20,1,0,1,0,20170515,152622,Final,0
aai20130906.00001.hdf5,70003734,20,1,0,1,0,20170515,152622,Final,0
aai20130407.00001.hdf5,70003735,20,1,0,1,0,20170515,152626,Final,0
aai20130807.00001.hdf5,70003736,20,1,0,1,0,20170515,152621,Final,0
aai20131207.00001.hdf5,70003737,20,1,0,1,0,20170515,152623,Final,0
aai20130207.00001.hdf5,70003738,20,1,0,1,0,20170515,152626,Final,0
aai20130107.00001.hdf5,70003739,20,1,0,1,0,20170515,152621,Final,0
aai20130707.00001.hdf5,70003740,20,1,0,1,0,20170515,152625,Final,0
aai20130607.00001.hdf5,70003741,20,1,0,1,0,20170515,152622,Final,0
aai20130307.00001.hdf5,70003742,20,1,0,1,0,20170515,152622,Final,0
aai20130507.00001.hdf5,70003743,20,1,0,1,0,20170515,152626,Final,0
aai20131107.00001.hdf5,70003744,20,1,0,1,0,20170515,152624,Final,0
aai20131007.00001.hdf5,70003745,20,1,0,1,0,20170515,152626,Final,0
aai20130907.00001.hdf5,70003746,20,1,0,1,0,20170515,152622,Final,0
aai20130408.00001.hdf5,70003747,20,1,0,1,0,20170515,152624,Final,0
aai20130808.00001.hdf5,70003748,20,1,0,1,0,20170515,152624,Final,0
aai20131208.00001.hdf5,70003749,20,1,0,1,0,20170515,152625,Final,0
aai20130208.00001.hdf5,70003750,20,1,0,1,0,20170515,152626,Final,0
aai20130108.00001.hdf5,70003751,20,1,0,1,0,20170515,152625,Final,0
aai20130708.00001.hdf5,70003752,20,1,0,1,0,20170515,152620,Final,0
aai20130608.00001.hdf5,70003753,20,1,0,1,0,20170515,152625,Final,0
aai20130308.00001.hdf5,70003754,20,1,0,1,0,20170515,152622,Final,0
aai20130508.00001.hdf5,70003755,20,1,0,1,0,20170515,152625,Final,0
aai20131108.00001.hdf5,70003756,20,1,0,1,0,20170515,152624,Final,0
aai20131008.00001.hdf5,70003757,20,1,0,1,0,20170515,152620,Final,0
aai20130908.00001.hdf5,70003758,20,1,0,1,0,20170515,152624,Final,0
aai20130409.00001.hdf5,70003759,20,1,0,1,0,20170515,152623,Final,0
aai20130809.00001.hdf5,70003760,20,1,0,1,0,20170515,152625,Final,0
aai20131209.00001.hdf5,70003761,20,1,0,1,0,20170515,152623,Final,0
aai20130209.00001.hdf5,70003762,20,1,0,1,0,20170515,152625,Final,0
aai20130109.00001.hdf5,70003763,20,1,0,1,0,20170515,152621,Final,0
aai20130709.00001.hdf5,70003764,20,1,0,1,0,20170515,152625,Final,0
aai20130609.00001.hdf5,70003765,20,1,0,1,0,20170515,152621,Final,0
aai20130309.00001.hdf5,70003766,20,1,0,1,0,20170515,152624,Final,0
aai20130509.00001.hdf5,70003767,20,1,0,1,0,20170515,152624,Final,0
aai20131109.00001.hdf5,70003768,20,1,0,1,0,20170515,152620,Final,0
aai20131009.00001.hdf5,70003769,20,1,0,1,0,20170515,152623,Final,0
aai20130909.00001.hdf5,70003770,20,1,0,1,0,20170515,152621,Final,0
aai20130410.00001.hdf5,70003771,20,1,0,1,0,20170515,152625,Final,0
aai20130810.00001.hdf5,70003772,20,1,0,1,0,20170515,152622,Final,0
aai20131210.00001.hdf5,70003773,20,1,0,1,0,20170515,152623,Final,0
aai20130210.00001.hdf5,70003774,20,1,0,1,0,20170515,152623,Final,0
aai20130110.00001.hdf5,70003775,20,1,0,1,0,20170515,152622,Final,0
aai20130710.00001.hdf5,70003776,20,1,0,1,0,20170515,152621,Final,0
aai20130610.00001.hdf5,70003777,20,1,0,1,0,20170515,152624,Final,0
aai20130310.00001.hdf5,70003778,20,1,0,1,0,20170515,152625,Final,0
aai20130510.00001.hdf5,70003779,20,1,0,1,0,20170515,152621,Final,0
aai20131110.00001.hdf5,70003780,20,1,0,1,0,20170515,152623,Final,0
aai20131010.00001.hdf5,70003781,20,1,0,1,0,20170515,152622,Final,0
aai20130910.00001.hdf5,70003782,20,1,0,1,0,20170515,152622,Final,0
aai20130411.00001.hdf5,70003783,20,1,0,1,0,20170515,152623,Final,0
aai20130811.00001.hdf5,70003784,20,1,0,1,0,20170515,152626,Final,0
aai20131211.00001.hdf5,70003785,20,1,0,1,0,20170515,152620,Final,0
aai20130211.00001.hdf5,70003786,20,1,0,1,0,20170515,152624,Final,0
aai20130111.00001.hdf5,70003787,20,1,0,1,0,20170515,152623,Final,0
aai20130711.00001.hdf5,70003788,20,1,0,1,0,20170515,152620,Final,0
aai20130611.00001.hdf5,70003789,20,1,0,1,0,20170515,152623,Final,0
aai20130311.00001.hdf5,70003790,20,1,0,1,0,20170515,152620,Final,0
aai20130511.00001.hdf5,70003791,20,1,0,1,0,20170515,152625,Final,0
aai20131111.00001.hdf5,70003792,20,1,0,1,0,20170515,152626,Final,0
aai20131011.00001.hdf5,70003793,20,1,0,1,0,20170515,152621,Final,0
aai20130911.00001.hdf5,70003794,20,1,0,1,0,20170515,152626,Final,0
aai20130412.00001.hdf5,70003795,20,1,0,1,0,20170515,152621,Final,0
aai20130812.00001.hdf5,70003796,20,1,0,1,0,20170515,152622,Final,0
aai20131212.00001.hdf5,70003797,20,1,0,1,0,20170515,152623,Final,0
aai20130212.00001.hdf5,70003798,20,1,0,1,0,20170515,152621,Final,0
aai20130112.00001.hdf5,70003799,20,1,0,1,0,20170515,152621,Final,0
aai20130712.00001.hdf5,70003800,20,1,0,1,0,20170515,152625,Final,0
aai20130612.00001.hdf5,70003801,20,1,0,1,0,20170515,152625,Final,0
aai20130312.00001.hdf5,70003802,20,1,0,1,0,20170515,152623,Final,0
aai20130512.00001.hdf5,70003803,20,1,0,1,0,20170515,152623,Final,0
aai20131112.00001.hdf5,70003804,20,1,0,1,0,20170515,152624,Final,0
aai20131012.00001.hdf5,70003805,20,1,0,1,0,20170515,152621,Final,0
aai20130912.00001.hdf5,70003806,20,1,0,1,0,20170515,152626,Final,0
aai20130413.00001.hdf5,70003807,20,1,0,1,0,20170515,152622,Final,0
aai20130813.00001.hdf5,70003808,20,1,0,1,0,20170515,152623,Final,0
aai20131213.00001.hdf5,70003809,20,1,0,1,0,20170515,152621,Final,0
aai20130213.00001.hdf5,70003810,20,1,0,1,0,20170515,152622,Final,0
aai20130113.00001.hdf5,70003811,20,1,0,1,0,20170515,152624,Final,0
aai20130713.00001.hdf5,70003812,20,1,0,1,0,20170515,152623,Final,0
aai20130613.00001.hdf5,70003813,20,1,0,1,0,20170515,152622,Final,0
aai20130313.00001.hdf5,70003814,20,1,0,1,0,20170515,152625,Final,0
aai20130513.00001.hdf5,70003815,20,1,0,1,0,20170515,152623,Final,0
aai20131113.00001.hdf5,70003816,20,1,0,1,0,20170515,152624,Final,0
aai20131013.00001.hdf5,70003817,20,1,0,1,0,20170515,152626,Final,0
aai20130913.00001.hdf5,70003818,20,1,0,1,0,20170515,152625,Final,0
aai20130414.00001.hdf5,70003819,20,1,0,1,0,20170515,152621,Final,0
aai20130814.00001.hdf5,70003820,20,1,0,1,0,20170515,152621,Final,0
aai20130214.00001.hdf5,70003821,20,1,0,1,0,20170515,152622,Final,0
aai20130114.00001.hdf5,70003822,20,1,0,1,0,20170515,152622,Final,0
aai20130714.00001.hdf5,70003823,20,1,0,1,0,20170515,152620,Final,0
aai20130614.00001.hdf5,70003824,20,1,0,1,0,20170515,152622,Final,0
aai20130314.00001.hdf5,70003825,20,1,0,1,0,20170515,152622,Final,0
aai20130514.00001.hdf5,70003826,20,1,0,1,0,20170515,152620,Final,0
aai20131114.00001.hdf5,70003827,20,1,0,1,0,20170515,152621,Final,0
aai20131014.00001.hdf5,70003828,20,1,0,1,0,20170515,152625,Final,0
aai20130914.00001.hdf5,70003829,20,1,0,1,0,20170515,152625,Final,0
aai20130415.00001.hdf5,70003830,20,1,0,1,0,20170515,152621,Final,0
aai20130815.00001.hdf5,70003831,20,1,0,1,0,20170515,152621,Final,0
aai20130215.00001.hdf5,70003832,20,1,0,1,0,20170515,152620,Final,0
aai20130115.00001.hdf5,70003833,20,1,0,1,0,20170515,152621,Final,0
aai20130715.00001.hdf5,70003834,20,1,0,1,0,20170515,152623,Final,0
aai20130615.00001.hdf5,70003835,20,1,0,1,0,20170515,152622,Final,0
aai20130315.00001.hdf5,70003836,20,1,0,1,0,20170515,152624,Final,0
aai20130515.00001.hdf5,70003837,20,1,0,1,0,20170515,152621,Final,0
aai20131115.00001.hdf5,70003838,20,1,0,1,0,20170515,152622,Final,0
aai20131015.00001.hdf5,70003839,20,1,0,1,0,20170515,152625,Final,0
aai20130915.00001.hdf5,70003840,20,1,0,1,0,20170515,152621,Final,0
aai20130416.00001.hdf5,70003841,20,1,0,1,0,20170515,152621,Final,0
aai20130816.00001.hdf5,70003842,20,1,0,1,0,20170515,152621,Final,0
aai20130216.00001.hdf5,70003843,20,1,0,1,0,20170515,152625,Final,0
aai20130116.00001.hdf5,70003844,20,1,0,1,0,20170515,152622,Final,0
aai20130716.00001.hdf5,70003845,20,1,0,1,0,20170515,152626,Final,0
aai20130616.00001.hdf5,70003846,20,1,0,1,0,20170515,152625,Final,0
aai20130316.00001.hdf5,70003847,20,1,0,1,0,20170515,152625,Final,0
aai20130516.00001.hdf5,70003848,20,1,0,1,0,20170515,152622,Final,0
aai20131116.00001.hdf5,70003849,20,1,0,1,0,20170515,152625,Final,0
aai20131016.00001.hdf5,70003850,20,1,0,1,0,20170515,152620,Final,0
aai20130916.00001.hdf5,70003851,20,1,0,1,0,20170515,152623,Final,0
aai20130417.00001.hdf5,70003852,20,1,0,1,0,20170515,152625,Final,0
aai20130817.00001.hdf5,70003853,20,1,0,1,0,20170515,152622,Final,0
aai20130217.00001.hdf5,70003854,20,1,0,1,0,20170515,152623,Final,0
aai20130117.00001.hdf5,70003855,20,1,0,1,0,20170515,152626,Final,0
aai20130617.00001.hdf5,70003856,20,1,0,1,0,20170515,152621,Final,0
aai20130317.00001.hdf5,70003857,20,1,0,1,0,20170515,152620,Final,0
aai20130517.00001.hdf5,70003858,20,1,0,1,0,20170515,152622,Final,0
aai20131017.00001.hdf5,70003859,20,1,0,1,0,20170515,152621,Final,0
aai20130917.00001.hdf5,70003860,20,1,0,1,0,20170515,152621,Final,0
aai20130418.00001.hdf5,70003861,20,1,0,1,0,20170515,152623,Final,0
aai20130818.00001.hdf5,70003862,20,1,0,1,0,20170515,152620,Final,0
aai20130218.00001.hdf5,70003863,20,1,0,1,0,20170515,152624,Final,0
aai20130118.00001.hdf5,70003864,20,1,0,1,0,20170515,152621,Final,0
aai20130718.00001.hdf5,70003865,20,1,0,1,0,20170515,152624,Final,0
aai20130618.00001.hdf5,70003866,20,1,0,1,0,20170515,152622,Final,0
aai20130318.00001.hdf5,70003867,20,1,0,1,0,20170515,152624,Final,0
aai20130518.00001.hdf5,70003868,20,1,0,1,0,20170515,152624,Final,0
aai20131118.00001.hdf5,70003869,20,1,0,1,0,20170515,152620,Final,0
aai20130918.00001.hdf5,70003870,20,1,0,1,0,20170515,152625,Final,0
aai20130419.00001.hdf5,70003871,20,1,0,1,0,20170515,152621,Final,0
aai20130819.00001.hdf5,70003872,20,1,0,1,0,20170515,152625,Final,0
aai20130219.00001.hdf5,70003873,20,1,0,1,0,20170515,152623,Final,0
aai20130119.00001.hdf5,70003874,20,1,0,1,0,20170515,152623,Final,0
aai20130619.00001.hdf5,70003875,20,1,0,1,0,20170515,152621,Final,0
aai20130319.00001.hdf5,70003876,20,1,0,1,0,20170515,152626,Final,0
aai20130519.00001.hdf5,70003877,20,1,0,1,0,20170515,152625,Final,0
aai20131119.00001.hdf5,70003878,20,1,0,1,0,20170515,152622,Final,0
aai20131019.00001.hdf5,70003879,20,1,0,1,0,20170515,152622,Final,0
aai20130420.00001.hdf5,70003880,20,1,0,1,0,20170515,152624,Final,0
aai20130820.00001.hdf5,70003881,20,1,0,1,0,20170515,152625,Final,0
aai20130220.00001.hdf5,70003882,20,1,0,1,0,20170515,152623,Final,0
aai20130120.00001.hdf5,70003883,20,1,0,1,0,20170515,152622,Final,0
aai20130620.00001.hdf5,70003884,20,1,0,1,0,20170515,152621,Final,0
aai20130320.00001.hdf5,70003885,20,1,0,1,0,20170515,152625,Final,0
aai20130520.00001.hdf5,70003886,20,1,0,1,0,20170515,152625,Final,0
aai20131120.00001.hdf5,70003887,20,1,0,1,0,20170515,152623,Final,0
aai20131020.00001.hdf5,70003888,20,1,0,1,0,20170515,152626,Final,0
aai20130920.00001.hdf5,70003889,20,1,0,1,0,20170515,152624,Final,0
aai20130421.00001.hdf5,70003890,20,1,0,1,0,20170515,152625,Final,0
aai20130821.00001.hdf5,70003891,20,1,0,1,0,20170515,152623,Final,0
aai20130221.00001.hdf5,70003892,20,1,0,1,0,20170515,152622,Final,0
aai20130121.00001.hdf5,70003893,20,1,0,1,0,20170515,152625,Final,0
aai20130721.00001.hdf5,70003894,20,1,0,1,0,20170515,152624,Final,0
aai20130621.00001.hdf5,70003895,20,1,0,1,0,20170515,152625,Final,0
aai20130321.00001.hdf5,70003896,20,1,0,1,0,20170515,152623,Final,0
aai20130521.00001.hdf5,70003897,20,1,0,1,0,20170515,152621,Final,0
aai20131121.00001.hdf5,70003898,20,1,0,1,0,20170515,152625,Final,0
aai20131021.00001.hdf5,70003899,20,1,0,1,0,20170515,152623,Final,0
aai20130921.00001.hdf5,70003900,20,1,0,1,0,20170515,152622,Final,0
aai20130422.00001.hdf5,70003901,20,1,0,1,0,20170515,152625,Final,0
aai20130822.00001.hdf5,70003902,20,1,0,1,0,20170515,152626,Final,0
aai20130222.00001.hdf5,70003903,20,1,0,1,0,20170515,152625,Final,0
aai20130122.00001.hdf5,70003904,20,1,0,1,0,20170515,152623,Final,0
aai20130622.00001.hdf5,70003905,20,1,0,1,0,20170515,152623,Final,0
aai20130322.00001.hdf5,70003906,20,1,0,1,0,20170515,152624,Final,0
aai20130522.00001.hdf5,70003907,20,1,0,1,0,20170515,152622,Final,0
aai20131122.00001.hdf5,70003908,20,1,0,1,0,20170515,152622,Final,0
aai20131022.00001.hdf5,70003909,20,1,0,1,0,20170515,152624,Final,0
aai20130922.00001.hdf5,70003910,20,1,0,1,0,20170515,152624,Final,0
aai20130423.00001.hdf5,70003911,20,1,0,1,0,20170515,152624,Final,0
aai20130823.00001.hdf5,70003912,20,1,0,1,0,20170515,152626,Final,0
aai20130223.00001.hdf5,70003913,20,1,0,1,0,20170515,152620,Final,0
aai20130123.00001.hdf5,70003914,20,1,0,1,0,20170515,152623,Final,0
aai20130723.00001.hdf5,70003915,20,1,0,1,0,20170515,152624,Final,0
aai20130323.00001.hdf5,70003916,20,1,0,1,0,20170515,152625,Final,0
aai20130523.00001.hdf5,70003917,20,1,0,1,0,20170515,152624,Final,0
aai20131123.00001.hdf5,70003918,20,1,0,1,0,20170515,152623,Final,0
aai20131023.00001.hdf5,70003919,20,1,0,1,0,20170515,152625,Final,0
aai20130923.00001.hdf5,70003920,20,1,0,1,0,20170515,152625,Final,0
aai20130424.00001.hdf5,70003921,20,1,0,1,0,20170515,152621,Final,0
aai20130824.00001.hdf5,70003922,20,1,0,1,0,20170515,152625,Final,0
aai20130224.00001.hdf5,70003923,20,1,0,1,0,20170515,152625,Final,0
aai20130124.00001.hdf5,70003924,20,1,0,1,0,20170515,152623,Final,0
aai20130724.00001.hdf5,70003925,20,1,0,1,0,20170515,152623,Final,0
aai20130624.00001.hdf5,70003926,20,1,0,1,0,20170515,152624,Final,0
aai20130324.00001.hdf5,70003927,20,1,0,1,0,20170515,152623,Final,0
aai20130524.00001.hdf5,70003928,20,1,0,1,0,20170515,152620,Final,0
aai20131124.00001.hdf5,70003929,20,1,0,1,0,20170515,152624,Final,0
aai20131024.00001.hdf5,70003930,20,1,0,1,0,20170515,152625,Final,0
aai20130924.00001.hdf5,70003931,20,1,0,1,0,20170515,152626,Final,0
aai20130825.00001.hdf5,70003932,20,1,0,1,0,20170515,152622,Final,0
aai20131225.00001.hdf5,70003933,20,1,0,1,0,20170515,152622,Final,0
aai20130125.00001.hdf5,70003934,20,1,0,1,0,20170515,152626,Final,0
aai20130725.00001.hdf5,70003935,20,1,0,1,0,20170515,152625,Final,0
aai20130625.00001.hdf5,70003936,20,1,0,1,0,20170515,152624,Final,0
aai20130325.00001.hdf5,70003937,20,1,0,1,0,20170515,152624,Final,0
aai20130525.00001.hdf5,70003938,20,1,0,1,0,20170515,152624,Final,0
aai20131125.00001.hdf5,70003939,20,1,0,1,0,20170515,152622,Final,0
aai20131025.00001.hdf5,70003940,20,1,0,1,0,20170515,152622,Final,0
aai20130925.00001.hdf5,70003941,20,1,0,1,0,20170515,152624,Final,0
aai20130426.00001.hdf5,70003942,20,1,0,1,0,20170515,152624,Final,0
aai20130826.00001.hdf5,70003943,20,1,0,1,0,20170515,152621,Final,0
aai20131226.00001.hdf5,70003944,20,1,0,1,0,20170515,152624,Final,0
aai20130226.00001.hdf5,70003945,20,1,0,1,0,20170515,152622,Final,0
aai20130126.00001.hdf5,70003946,20,1,0,1,0,20170515,152625,Final,0
aai20130726.00001.hdf5,70003947,20,1,0,1,0,20170515,152625,Final,0
aai20130626.00001.hdf5,70003948,20,1,0,1,0,20170515,152624,Final,0
aai20130326.00001.hdf5,70003949,20,1,0,1,0,20170515,152621,Final,0
aai20130526.00001.hdf5,70003950,20,1,0,1,0,20170515,152625,Final,0
aai20131126.00001.hdf5,70003951,20,1,0,1,0,20170515,152623,Final,0
aai20131026.00001.hdf5,70003952,20,1,0,1,0,20170515,152625,Final,0
aai20130926.00001.hdf5,70003953,20,1,0,1,0,20170515,152620,Final,0
aai20130427.00001.hdf5,70003954,20,1,0,1,0,20170515,152621,Final,0
aai20130827.00001.hdf5,70003955,20,1,0,1,0,20170515,152620,Final,0
aai20131227.00001.hdf5,70003956,20,1,0,1,0,20170515,152620,Final,0
aai20130227.00001.hdf5,70003957,20,1,0,1,0,20170515,152621,Final,0
aai20130127.00001.hdf5,70003958,20,1,0,1,0,20170515,152625,Final,0
aai20130727.00001.hdf5,70003959,20,1,0,1,0,20170515,152626,Final,0
aai20130627.00001.hdf5,70003960,20,1,0,1,0,20170515,152625,Final,0
aai20130527.00001.hdf5,70003961,20,1,0,1,0,20170515,152624,Final,0
aai20131127.00001.hdf5,70003962,20,1,0,1,0,20170515,152622,Final,0
aai20131027.00001.hdf5,70003963,20,1,0,1,0,20170515,152624,Final,0
aai20130927.00001.hdf5,70003964,20,1,0,1,0,20170515,152625,Final,0
aai20130428.00001.hdf5,70003965,20,1,0,1,0,20170515,152624,Final,0
aai20130828.00001.hdf5,70003966,20,1,0,1,0,20170515,152621,Final,0
aai20131228.00001.hdf5,70003967,20,1,0,1,0,20170515,152622,Final,0
aai20130228.00001.hdf5,70003968,20,1,0,1,0,20170515,152623,Final,0
aai20130128.00001.hdf5,70003969,20,1,0,1,0,20170515,152624,Final,0
aai20130728.00001.hdf5,70003970,20,1,0,1,0,20170515,152621,Final,0
aai20130628.00001.hdf5,70003971,20,1,0,1,0,20170515,152622,Final,0
aai20130328.00001.hdf5,70003972,20,1,0,1,0,20170515,152624,Final,0
aai20130528.00001.hdf5,70003973,20,1,0,1,0,20170515,152623,Final,0
aai20131128.00001.hdf5,70003974,20,1,0,1,0,20170515,152624,Final,0
aai20131028.00001.hdf5,70003975,20,1,0,1,0,20170515,152623,Final,0
aai20130928.00001.hdf5,70003976,20,1,0,1,0,20170515,152626,Final,0
aai20130429.00001.hdf5,70003977,20,1,0,1,0,20170515,152625,Final,0
aai20130829.00001.hdf5,70003978,20,1,0,1,0,20170515,152623,Final,0
aai20131229.00001.hdf5,70003979,20,1,0,1,0,20170515,152621,Final,0
aai20130129.00001.hdf5,70003980,20,1,0,1,0,20170515,152624,Final,0
aai20130729.00001.hdf5,70003981,20,1,0,1,0,20170515,152621,Final,0
aai20130629.00001.hdf5,70003982,20,1,0,1,0,20170515,152626,Final,0
aai20130329.00001.hdf5,70003983,20,1,0,1,0,20170515,152622,Final,0
aai20130529.00001.hdf5,70003984,20,1,0,1,0,20170515,152626,Final,0
aai20131129.00001.hdf5,70003985,20,1,0,1,0,20170515,152624,Final,0
aai20131029.00001.hdf5,70003986,20,1,0,1,0,20170515,152623,Final,0
aai20130929.00001.hdf5,70003987,20,1,0,1,0,20170515,152622,Final,0
aai20130430.00001.hdf5,70003988,20,1,0,1,0,20170515,152620,Final,0
aai20130830.00001.hdf5,70003989,20,1,0,1,0,20170515,152625,Final,0
aai20131230.00001.hdf5,70003990,20,1,0,1,0,20170515,152620,Final,0
aai20130130.00001.hdf5,70003991,20,1,0,1,0,20170515,152624,Final,0
aai20130730.00001.hdf5,70003992,20,1,0,1,0,20170515,152626,Final,0
aai20130630.00001.hdf5,70003993,20,1,0,1,0,20170515,152625,Final,0
aai20130330.00001.hdf5,70003994,20,1,0,1,0,20170515,152621,Final,0
aai20130530.00001.hdf5,70003995,20,1,0,1,0,20170515,152621,Final,0
aai20131130.00001.hdf5,70003996,20,1,0,1,0,20170515,152622,Final,0
aai20131030.00001.hdf5,70003997,20,1,0,1,0,20170515,152624,Final,0
aai20130930.00001.hdf5,70003998,20,1,0,1,0,20170515,152620,Final,0
aai20130831.00001.hdf5,70003999,20,1,0,1,0,20170515,152623,Final,0
aai20131231.00001.hdf5,70004000,20,1,0,1,0,20170515,152621,Final,0
aai20130131.00001.hdf5,70004001,20,1,0,1,0,20170515,152620,Final,0
aai20130731.00001.hdf5,70004002,20,1,0,1,0,20170515,152624,Final,0
aai20130331.00001.hdf5,70004003,20,1,0,1,0,20170515,152621,Final,0
aai20130531.00001.hdf5,70004004,20,1,0,1,0,20170515,152624,Final,0
aai20131031.00001.hdf5,70004005,20,1,0,1,0,20170515,152621,Final,0
aif130401g.7100.hdf5,70004006,7100,3,0,1,0,20170515,151823,Final,0
aif130401g.7101.hdf5,70004006,7101,3,0,1,0,20170515,151823,Final,0
aif130401g.07102.hdf5,70004006,7100,1,0,1,0,20170515,151823,Final,0
aif130401g07103.hdf5,70004006,7101,1,0,1,0,20170515,151823,Final,0
aif131201g.7100.hdf5,70004007,7100,3,0,1,0,20170515,151828,Final,0
aif131201g.7101.hdf5,70004007,7101,3,0,1,0,20170515,151828,Final,0
aif131201g.07102.hdf5,70004007,7100,1,0,1,0,20170515,151828,Final,0
aif131201g07103.hdf5,70004007,7101,1,0,1,0,20170515,151828,Final,0
aif130201g.7100.hdf5,70004008,7100,3,0,1,0,20170515,151824,Final,0
aif130201g.7101.hdf5,70004008,7101,3,0,1,0,20170515,151824,Final,0
aif130201g.07102.hdf5,70004008,7100,1,0,1,0,20170515,151824,Final,0
aif130201g07103.hdf5,70004008,7101,1,0,1,0,20170515,151824,Final,0
aif130101g.001.hdf5,70004009,7100,3,0,1,0,20170515,151825,Final,0
aif130101g.002.hdf5,70004009,7101,3,0,1,0,20170515,151825,Final,0
aif130101g.00003.hdf5,70004009,7100,1,0,1,0,20170515,151825,Final,0
aif130101g00004.hdf5,70004009,7101,1,0,1,0,20170515,151825,Final,0
aif130701g.7100.hdf5,70004010,7100,3,0,1,0,20170515,151830,Final,0
aif130701g.7101.hdf5,70004010,7101,3,0,1,0,20170515,151830,Final,0
aif130701g.07102.hdf5,70004010,7100,1,0,1,0,20170515,151830,Final,0
aif130701g07103.hdf5,70004010,7101,1,0,1,0,20170515,151830,Final,0
aif130601g.7100.hdf5,70004011,7100,3,0,1,0,20170515,151830,Final,0
aif130601g.7101.hdf5,70004011,7101,3,0,1,0,20170515,151830,Final,0
aif130601g.07102.hdf5,70004011,7100,1,0,1,0,20170515,151830,Final,0
aif130601g07103.hdf5,70004011,7101,1,0,1,0,20170515,151830,Final,0
aif130301g.7100.hdf5,70004012,7100,3,0,1,0,20170515,151831,Final,0
aif130301g.7101.hdf5,70004012,7101,3,0,1,0,20170515,151831,Final,0
aif130301g.07102.hdf5,70004012,7100,1,0,1,0,20170515,151831,Final,0
aif130301g07103.hdf5,70004012,7101,1,0,1,0,20170515,151831,Final,0
aif130501g.7100.hdf5,70004013,7100,3,0,1,0,20170515,151832,Final,0
aif130501g.7101.hdf5,70004013,7101,3,0,1,0,20170515,151832,Final,0
aif130501g.07102.hdf5,70004013,7100,1,0,1,0,20170515,151832,Final,0
aif130501g07103.hdf5,70004013,7101,1,0,1,0,20170515,151832,Final,0
aif131101g.7100.hdf5,70004014,7100,3,0,1,0,20170515,151832,Final,0
aif131101g.7101.hdf5,70004014,7101,3,0,1,0,20170515,151832,Final,0
aif131101g.07102.hdf5,70004014,7100,1,0,1,0,20170515,151832,Final,0
aif131101g07103.hdf5,70004014,7101,1,0,1,0,20170515,151832,Final,0
aif130930g.7100.hdf5,70004015,7100,3,0,1,0,20170515,151833,Final,0
aif130930g.7101.hdf5,70004015,7101,3,0,1,0,20170515,151833,Final,0
aif130930g.07102.hdf5,70004015,7100,1,0,1,0,20170515,151833,Final,0
aif130930g07103.hdf5,70004015,7101,1,0,1,0,20170515,151833,Final,0
aif131001g.7100.hdf5,70004016,7100,3,0,1,0,20170515,151827,Final,0
aif131001g.7101.hdf5,70004016,7101,3,0,1,0,20170515,151827,Final,0
aif131001g.07102.hdf5,70004016,7100,1,0,1,0,20170515,151827,Final,0
aif131001g07103.hdf5,70004016,7101,1,0,1,0,20170515,151827,Final,0
aif130402g.7100.hdf5,70004017,7100,3,0,1,0,20170515,151824,Final,0
aif130402g.7101.hdf5,70004017,7101,3,0,1,0,20170515,151824,Final,0
aif130402g.07102.hdf5,70004017,7100,1,0,1,0,20170515,151824,Final,0
aif130402g07103.hdf5,70004017,7101,1,0,1,0,20170515,151824,Final,0
aif130802g.7100.hdf5,70004018,7100,3,0,1,0,20170515,151833,Final,0
aif130802g.7101.hdf5,70004018,7101,3,0,1,0,20170515,151833,Final,0
aif130802g.07102.hdf5,70004018,7100,1,0,1,0,20170515,151833,Final,0
aif130802g07103.hdf5,70004018,7101,1,0,1,0,20170515,151833,Final,0
aif131202g.7100.hdf5,70004019,7100,3,0,1,0,20170515,151826,Final,0
aif131202g.7101.hdf5,70004019,7101,3,0,1,0,20170515,151826,Final,0
aif131202g.07102.hdf5,70004019,7100,1,0,1,0,20170515,151826,Final,0
aif131202g07103.hdf5,70004019,7101,1,0,1,0,20170515,151826,Final,0
aif130102g.001.hdf5,70004020,7100,3,0,1,0,20170515,151829,Final,0
aif130102g.002.hdf5,70004020,7101,3,0,1,0,20170515,151829,Final,0
aif130102g.00003.hdf5,70004020,7100,1,0,1,0,20170515,151829,Final,0
aif130102g00004.hdf5,70004020,7101,1,0,1,0,20170515,151829,Final,0
aif130702g.7100.hdf5,70004021,7100,3,0,1,0,20170515,151836,Final,0
aif130702g.7101.hdf5,70004021,7101,3,0,1,0,20170515,151836,Final,0
aif130702g.07102.hdf5,70004021,7100,1,0,1,0,20170515,151836,Final,0
aif130702g07103.hdf5,70004021,7101,1,0,1,0,20170515,151836,Final,0
aif130602g.7100.hdf5,70004022,7100,3,0,1,0,20170515,151833,Final,0
aif130602g.7101.hdf5,70004022,7101,3,0,1,0,20170515,151832,Final,0
aif130602g.07102.hdf5,70004022,7100,1,0,1,0,20170515,151833,Final,0
aif130602g07103.hdf5,70004022,7101,1,0,1,0,20170515,151833,Final,0
aif130302g.7100.hdf5,70004023,7100,3,0,1,0,20170515,151823,Final,0
aif130302g.7101.hdf5,70004023,7101,3,0,1,0,20170515,151823,Final,0
aif130302g.07102.hdf5,70004023,7100,1,0,1,0,20170515,151823,Final,0
aif130302g07103.hdf5,70004023,7101,1,0,1,0,20170515,151823,Final,0
aif130502g.7100.hdf5,70004024,7100,3,0,1,0,20170515,151832,Final,0
aif130502g.7101.hdf5,70004024,7101,3,0,1,0,20170515,151832,Final,0
aif130502g.07102.hdf5,70004024,7100,1,0,1,0,20170515,151832,Final,0
aif130502g07103.hdf5,70004024,7101,1,0,1,0,20170515,151832,Final,0
aif131102g.7100.hdf5,70004025,7100,3,0,1,0,20170515,151835,Final,0
aif131102g.7101.hdf5,70004025,7101,3,0,1,0,20170515,151835,Final,0
aif131102g.07102.hdf5,70004025,7100,3,0,1,0,20170515,151835,Final,0
aif131102g07103.hdf5,70004025,7101,3,0,1,0,20170515,151835,Final,0
aif131102g.07103.hdf5,70004025,7100,1,0,1,0,20170515,151835,Final,0
aif131102g07104.hdf5,70004025,7101,1,0,1,0,20170515,151835,Final,0
aif131002g.7100.hdf5,70004026,7100,3,0,1,0,20170515,151836,Final,0
aif131002g.7101.hdf5,70004026,7101,3,0,1,0,20170515,151836,Final,0
aif131002g.07102.hdf5,70004026,7100,1,0,1,0,20170515,151836,Final,0
aif131002g07103.hdf5,70004026,7101,1,0,1,0,20170515,151836,Final,0
aif130901g.7100.hdf5,70004027,7100,3,0,1,0,20170515,151828,Final,0
aif130901g.7101.hdf5,70004027,7101,3,0,1,0,20170515,151828,Final,0
aif130901g.07102.hdf5,70004027,7100,1,0,1,0,20170515,151828,Final,0
aif130901g07103.hdf5,70004027,7101,1,0,1,0,20170515,151828,Final,0
aif130403g.7100.hdf5,70004028,7100,3,0,1,0,20170515,151824,Final,0
aif130403g.7101.hdf5,70004028,7101,3,0,1,0,20170515,151824,Final,0
aif130403g.07102.hdf5,70004028,7100,1,0,1,0,20170515,151824,Final,0
aif130403g07103.hdf5,70004028,7101,1,0,1,0,20170515,151824,Final,0
aif130803g.7100.hdf5,70004029,7100,3,0,1,0,20170515,151833,Final,0
aif130803g.7101.hdf5,70004029,7101,3,0,1,0,20170515,151833,Final,0
aif130803g.07102.hdf5,70004029,7100,1,0,1,0,20170515,151833,Final,0
aif130803g07103.hdf5,70004029,7101,1,0,1,0,20170515,151833,Final,0
aif131203g.7100.hdf5,70004030,7100,3,0,1,0,20170515,151829,Final,0
aif131203g.7101.hdf5,70004030,7101,3,0,1,0,20170515,151829,Final,0
aif131203g.07102.hdf5,70004030,7100,1,0,1,0,20170515,151829,Final,0
aif131203g07103.hdf5,70004030,7101,1,0,1,0,20170515,151829,Final,0
aif130202g.7100.hdf5,70004031,7100,3,0,1,0,20170515,151824,Final,0
aif130202g.7101.hdf5,70004031,7101,3,0,1,0,20170515,151824,Final,0
aif130202g.07102.hdf5,70004031,7100,1,0,1,0,20170515,151824,Final,0
aif130202g07103.hdf5,70004031,7101,1,0,1,0,20170515,151824,Final,0
aif130203g.7100.hdf5,70004032,7100,3,0,1,0,20170515,151825,Final,0
aif130203g.7101.hdf5,70004032,7101,3,0,1,0,20170515,151825,Final,0
aif130203g.07102.hdf5,70004032,7100,1,0,1,0,20170515,151825,Final,0
aif130203g07103.hdf5,70004032,7101,1,0,1,0,20170515,151825,Final,0
aif130703g.7100.hdf5,70004033,7100,3,0,1,0,20170515,151829,Final,0
aif130703g.7101.hdf5,70004033,7101,3,0,1,0,20170515,151829,Final,0
aif130703g.07102.hdf5,70004033,7100,1,0,1,0,20170515,151829,Final,0
aif130703g07103.hdf5,70004033,7101,1,0,1,0,20170515,151829,Final,0
aif130303g.7100.hdf5,70004034,7100,3,0,1,0,20170515,151834,Final,0
aif130303g.7101.hdf5,70004034,7101,3,0,1,0,20170515,151834,Final,0
aif130303g.07102.hdf5,70004034,7100,1,0,1,0,20170515,151834,Final,0
aif130303g07103.hdf5,70004034,7101,1,0,1,0,20170515,151834,Final,0
aif130503g.7100.hdf5,70004035,7100,3,0,1,0,20170515,151825,Final,0
aif130503g.7101.hdf5,70004035,7101,3,0,1,0,20170515,151825,Final,0
aif130503g.07102.hdf5,70004035,7100,1,0,1,0,20170515,151825,Final,0
aif130503g07103.hdf5,70004035,7101,1,0,1,0,20170515,151825,Final,0
aif131103g.7100.hdf5,70004036,7100,3,0,1,0,20170515,151826,Final,0
aif131103g.7101.hdf5,70004036,7101,3,0,1,0,20170515,151826,Final,0
aif131103g.07102.hdf5,70004036,7100,1,0,1,0,20170515,151826,Final,0
aif131103g07103.hdf5,70004036,7101,1,0,1,0,20170515,151826,Final,0
aif131003g.7100.hdf5,70004037,7100,3,0,1,0,20170515,151828,Final,0
aif131003g.7101.hdf5,70004037,7101,3,0,1,0,20170515,151828,Final,0
aif131003g.07102.hdf5,70004037,7100,1,0,1,0,20170515,151828,Final,0
aif131003g07103.hdf5,70004037,7101,1,0,1,0,20170515,151828,Final,0
aif130902g.7100.hdf5,70004038,7100,3,0,1,0,20170515,151826,Final,0
aif130902g.7101.hdf5,70004038,7101,3,0,1,0,20170515,151826,Final,0
aif130902g.07102.hdf5,70004038,7100,1,0,1,0,20170515,151826,Final,0
aif130902g07103.hdf5,70004038,7101,1,0,1,0,20170515,151826,Final,0
aif130404g.7100.hdf5,70004039,7100,3,0,1,0,20170515,151830,Final,0
aif130404g.7101.hdf5,70004039,7101,3,0,1,0,20170515,151830,Final,0
aif130404g.07102.hdf5,70004039,7100,1,0,1,0,20170515,151830,Final,0
aif130404g07103.hdf5,70004039,7101,1,0,1,0,20170515,151830,Final,0
aif130804g.7100.hdf5,70004040,7100,3,0,1,0,20170515,151829,Final,0
aif130804g.7101.hdf5,70004040,7101,3,0,1,0,20170515,151829,Final,0
aif130804g.07102.hdf5,70004040,7100,1,0,1,0,20170515,151829,Final,0
aif130804g07103.hdf5,70004040,7101,1,0,1,0,20170515,151829,Final,0
aif131204g.7100.hdf5,70004041,7100,3,0,1,0,20170515,151828,Final,0
aif131204g.7101.hdf5,70004041,7101,3,0,1,0,20170515,151828,Final,0
aif131204g.07102.hdf5,70004041,7100,1,0,1,0,20170515,151828,Final,0
aif131204g07103.hdf5,70004041,7101,1,0,1,0,20170515,151828,Final,0
aif130204g.7100.hdf5,70004042,7100,3,0,1,0,20170515,151823,Final,0
aif130204g.7101.hdf5,70004042,7101,3,0,1,0,20170515,151823,Final,0
aif130204g.07102.hdf5,70004042,7100,1,0,1,0,20170515,151823,Final,0
aif130204g07103.hdf5,70004042,7101,1,0,1,0,20170515,151823,Final,0
aif130104g.001.hdf5,70004043,7100,3,0,1,0,20170515,151825,Final,0
aif130104g.002.hdf5,70004043,7101,3,0,1,0,20170515,151825,Final,0
aif130104g.00003.hdf5,70004043,7100,1,0,1,0,20170515,151825,Final,0
aif130104g00004.hdf5,70004043,7101,1,0,1,0,20170515,151825,Final,0
aif130704g.7100.hdf5,70004044,7100,3,0,1,0,20170515,151824,Final,0
aif130704g.7101.hdf5,70004044,7101,3,0,1,0,20170515,151824,Final,0
aif130704g.07102.hdf5,70004044,7100,1,0,1,0,20170515,151824,Final,0
aif130704g07103.hdf5,70004044,7101,1,0,1,0,20170515,151824,Final,0
aif130603g.7100.hdf5,70004045,7100,3,0,1,0,20170515,151828,Final,0
aif130603g.7101.hdf5,70004045,7101,3,0,1,0,20170515,151828,Final,0
aif130603g.07102.hdf5,70004045,7100,1,0,1,0,20170515,151828,Final,0
aif130603g07103.hdf5,70004045,7101,1,0,1,0,20170515,151828,Final,0
aif130604g.7100.hdf5,70004046,7100,3,0,1,0,20170515,151828,Final,0
aif130604g.7101.hdf5,70004046,7101,3,0,1,0,20170515,151828,Final,0
aif130604g.07102.hdf5,70004046,7100,3,0,1,0,20170515,151828,Final,0
aif130604g07103.hdf5,70004046,7101,3,0,1,0,20170515,151828,Final,0
aif130604g.07103.hdf5,70004046,7100,1,0,1,0,20170515,151828,Final,0
aif130604g07104.hdf5,70004046,7101,1,0,1,0,20170515,151828,Final,0
aif130304g.7100.hdf5,70004047,7100,3,0,1,0,20170515,151832,Final,0
aif130304g.7101.hdf5,70004047,7101,3,0,1,0,20170515,151832,Final,0
aif130304g.07102.hdf5,70004047,7100,1,0,1,0,20170515,151832,Final,0
aif130304g07103.hdf5,70004047,7101,1,0,1,0,20170515,151832,Final,0
aif130504g.7100.hdf5,70004048,7100,3,0,1,0,20170515,151826,Final,0
aif130504g.7101.hdf5,70004048,7101,3,0,1,0,20170515,151826,Final,0
aif130504g.07102.hdf5,70004048,7100,1,0,1,0,20170515,151826,Final,0
aif130504g07103.hdf5,70004048,7101,1,0,1,0,20170515,151826,Final,0
aif131104g.7100.hdf5,70004049,7100,3,0,1,0,20170515,151834,Final,0
aif131104g.7101.hdf5,70004049,7101,3,0,1,0,20170515,151834,Final,0
aif131104g.07102.hdf5,70004049,7100,1,0,1,0,20170515,151834,Final,0
aif131104g07103.hdf5,70004049,7101,1,0,1,0,20170515,151834,Final,0
aif131004g.7100.hdf5,70004050,7100,3,0,1,0,20170515,151830,Final,0
aif131004g.7101.hdf5,70004050,7101,3,0,1,0,20170515,151830,Final,0
aif131004g.07102.hdf5,70004050,7100,1,0,1,0,20170515,151830,Final,0
aif131004g07103.hdf5,70004050,7101,1,0,1,0,20170515,151830,Final,0
aif130903g.7100.hdf5,70004051,7100,3,0,1,0,20170515,151827,Final,0
aif130903g.7101.hdf5,70004051,7101,3,0,1,0,20170515,151827,Final,0
aif130903g.07102.hdf5,70004051,7100,1,0,1,0,20170515,151827,Final,0
aif130903g07103.hdf5,70004051,7101,1,0,1,0,20170515,151827,Final,0
aif130405g.7100.hdf5,70004052,7100,3,0,1,0,20170515,151830,Final,0
aif130405g.7101.hdf5,70004052,7101,3,0,1,0,20170515,151830,Final,0
aif130405g.07102.hdf5,70004052,7100,1,0,1,0,20170515,151830,Final,0
aif130405g07103.hdf5,70004052,7101,1,0,1,0,20170515,151830,Final,0
aif130805g.7100.hdf5,70004053,7100,3,0,1,0,20170515,151829,Final,0
aif130805g.7101.hdf5,70004053,7101,3,0,1,0,20170515,151829,Final,0
aif130805g.07102.hdf5,70004053,7100,1,0,1,0,20170515,151829,Final,0
aif130805g07103.hdf5,70004053,7101,1,0,1,0,20170515,151829,Final,0
aif131205g.7100.hdf5,70004054,7100,3,0,1,0,20170515,151826,Final,0
aif131205g.7101.hdf5,70004054,7101,3,0,1,0,20170515,151826,Final,0
aif131205g.07102.hdf5,70004054,7100,1,0,1,0,20170515,151826,Final,0
aif131205g07103.hdf5,70004054,7101,1,0,1,0,20170515,151826,Final,0
aif130205g.7100.hdf5,70004055,7100,3,0,1,0,20170515,151832,Final,0
aif130205g.7101.hdf5,70004055,7101,3,0,1,0,20170515,151832,Final,0
aif130205g.07102.hdf5,70004055,7100,1,0,1,0,20170515,151832,Final,0
aif130205g07103.hdf5,70004055,7101,1,0,1,0,20170515,151832,Final,0
aif130105g.001.hdf5,70004056,7100,3,0,1,0,20170515,151830,Final,0
aif130105g.002.hdf5,70004056,7101,3,0,1,0,20170515,151830,Final,0
aif130105g.00003.hdf5,70004056,7100,1,0,1,0,20170515,151830,Final,0
aif130105g00004.hdf5,70004056,7101,1,0,1,0,20170515,151830,Final,0
aif130705g.7100.hdf5,70004057,7100,3,0,1,0,20170515,151829,Final,0
aif130705g.7101.hdf5,70004057,7101,3,0,1,0,20170515,151829,Final,0
aif130705g.07102.hdf5,70004057,7100,1,0,1,0,20170515,151829,Final,0
aif130705g07103.hdf5,70004057,7101,1,0,1,0,20170515,151829,Final,0
aif130605g.7100.hdf5,70004058,7100,3,0,1,0,20170515,151835,Final,0
aif130605g.7101.hdf5,70004058,7101,3,0,1,0,20170515,151835,Final,0
aif130605g.07102.hdf5,70004058,7100,3,0,1,0,20170515,151835,Final,0
aif130605g07103.hdf5,70004058,7101,3,0,1,0,20170515,151835,Final,0
aif130605g.07103.hdf5,70004058,7100,1,0,1,0,20170515,151835,Final,0
aif130605g07104.hdf5,70004058,7101,1,0,1,0,20170515,151835,Final,0
aif130505g.7100.hdf5,70004059,7100,3,0,1,0,20170515,151836,Final,0
aif130505g.7101.hdf5,70004059,7101,3,0,1,0,20170515,151836,Final,0
aif130505g.07102.hdf5,70004059,7100,1,0,1,0,20170515,151836,Final,0
aif130505g07103.hdf5,70004059,7101,1,0,1,0,20170515,151836,Final,0
aif131105g.7100.hdf5,70004060,7100,3,0,1,0,20170515,151828,Final,0
aif131105g.7101.hdf5,70004060,7101,3,0,1,0,20170515,151828,Final,0
aif131105g.07102.hdf5,70004060,7100,1,0,1,0,20170515,151828,Final,0
aif131105g07103.hdf5,70004060,7101,1,0,1,0,20170515,151828,Final,0
aif131005g.7100.hdf5,70004061,7100,3,0,1,0,20170515,151826,Final,0
aif131005g.7101.hdf5,70004061,7101,3,0,1,0,20170515,151826,Final,0
aif131005g.07102.hdf5,70004061,7100,1,0,1,0,20170515,151826,Final,0
aif131005g07103.hdf5,70004061,7101,1,0,1,0,20170515,151826,Final,0
aif130905g.7100.hdf5,70004062,7100,3,0,1,0,20170515,151827,Final,0
aif130905g.7101.hdf5,70004062,7101,3,0,1,0,20170515,151827,Final,0
aif130905g.07102.hdf5,70004062,7100,1,0,1,0,20170515,151827,Final,0
aif130905g07103.hdf5,70004062,7101,1,0,1,0,20170515,151827,Final,0
aif130406g.7100.hdf5,70004063,7100,3,0,1,0,20170515,151835,Final,0
aif130406g.7101.hdf5,70004063,7101,3,0,1,0,20170515,151835,Final,0
aif130406g.07102.hdf5,70004063,7100,1,0,1,0,20170515,151835,Final,0
aif130406g07103.hdf5,70004063,7101,1,0,1,0,20170515,151835,Final,0
aif130806g.7100.hdf5,70004064,7100,3,0,1,0,20170515,151831,Final,0
aif130806g.7101.hdf5,70004064,7101,3,0,1,0,20170515,151831,Final,0
aif130806g.07102.hdf5,70004064,7100,1,0,1,0,20170515,151831,Final,0
aif130806g07103.hdf5,70004064,7101,1,0,1,0,20170515,151831,Final,0
aif131206g.7100.hdf5,70004065,7100,3,0,1,0,20170515,151830,Final,0
aif131206g.7101.hdf5,70004065,7101,3,0,1,0,20170515,151830,Final,0
aif131206g.07102.hdf5,70004065,7100,1,0,1,0,20170515,151830,Final,0
aif131206g07103.hdf5,70004065,7101,1,0,1,0,20170515,151830,Final,0
aif130206g.7100.hdf5,70004066,7100,3,0,1,0,20170515,151829,Final,0
aif130206g.7101.hdf5,70004066,7101,3,0,1,0,20170515,151829,Final,0
aif130206g.07102.hdf5,70004066,7100,1,0,1,0,20170515,151829,Final,0
aif130206g07103.hdf5,70004066,7101,1,0,1,0,20170515,151829,Final,0
aif130106g.001.hdf5,70004067,7100,3,0,1,0,20170515,151830,Final,0
aif130106g.002.hdf5,70004067,7101,3,0,1,0,20170515,151830,Final,0
aif130106g.00003.hdf5,70004067,7100,1,0,1,0,20170515,151830,Final,0
aif130106g00004.hdf5,70004067,7101,1,0,1,0,20170515,151830,Final,0
aif130706g.7100.hdf5,70004068,7100,3,0,1,0,20170515,151826,Final,0
aif130706g.7101.hdf5,70004068,7101,3,0,1,0,20170515,151826,Final,0
aif130706g.07102.hdf5,70004068,7100,1,0,1,0,20170515,151826,Final,0
aif130706g07103.hdf5,70004068,7101,1,0,1,0,20170515,151826,Final,0
aif130606g.7100.hdf5,70004069,7100,3,0,1,0,20170515,151831,Final,0
aif130606g.7101.hdf5,70004069,7101,3,0,1,0,20170515,151831,Final,0
aif130606g.07102.hdf5,70004069,7100,1,0,1,0,20170515,151831,Final,0
aif130606g07103.hdf5,70004069,7101,1,0,1,0,20170515,151831,Final,0
aif130305g.7100.hdf5,70004070,7100,3,0,1,0,20170515,151832,Final,0
aif130305g.7101.hdf5,70004070,7101,3,0,1,0,20170515,151832,Final,0
aif130305g.07102.hdf5,70004070,7100,1,0,1,0,20170515,151832,Final,0
aif130305g07103.hdf5,70004070,7101,1,0,1,0,20170515,151832,Final,0
aif130506g.7100.hdf5,70004071,7100,3,0,1,0,20170515,151830,Final,0
aif130506g.7101.hdf5,70004071,7101,3,0,1,0,20170515,151830,Final,0
aif130506g.07102.hdf5,70004071,7100,1,0,1,0,20170515,151830,Final,0
aif130506g07103.hdf5,70004071,7101,1,0,1,0,20170515,151830,Final,0
aif131106g.7100.hdf5,70004072,7100,3,0,1,0,20170515,151830,Final,0
aif131106g.7101.hdf5,70004072,7101,3,0,1,0,20170515,151830,Final,0
aif131106g.07102.hdf5,70004072,7100,1,0,1,0,20170515,151830,Final,0
aif131106g07103.hdf5,70004072,7101,1,0,1,0,20170515,151830,Final,0
aif131006g.7100.hdf5,70004073,7100,3,0,1,0,20170515,151828,Final,0
aif131006g.7101.hdf5,70004073,7101,3,0,1,0,20170515,151828,Final,0
aif131006g.07102.hdf5,70004073,7100,1,0,1,0,20170515,151828,Final,0
aif131006g07103.hdf5,70004073,7101,1,0,1,0,20170515,151828,Final,0
aif130906g.7100.hdf5,70004074,7100,3,0,1,0,20170515,151827,Final,0
aif130906g.7101.hdf5,70004074,7101,3,0,1,0,20170515,151827,Final,0
aif130906g.07102.hdf5,70004074,7100,1,0,1,0,20170515,151827,Final,0
aif130906g07103.hdf5,70004074,7101,1,0,1,0,20170515,151827,Final,0
aif130407g.7100.hdf5,70004075,7100,3,0,1,0,20170515,151836,Final,0
aif130407g.7101.hdf5,70004075,7101,3,0,1,0,20170515,151836,Final,0
aif130407g.07102.hdf5,70004075,7100,1,0,1,0,20170515,151836,Final,0
aif130407g07103.hdf5,70004075,7101,1,0,1,0,20170515,151836,Final,0
aif130807g.7100.hdf5,70004076,7100,3,0,1,0,20170515,151825,Final,0
aif130807g.7101.hdf5,70004076,7101,3,0,1,0,20170515,151825,Final,0
aif130807g.07102.hdf5,70004076,7100,1,0,1,0,20170515,151825,Final,0
aif130807g07103.hdf5,70004076,7101,1,0,1,0,20170515,151825,Final,0
aif131207g.7100.hdf5,70004077,7100,3,0,1,0,20170515,151830,Final,0
aif131207g.7101.hdf5,70004077,7101,3,0,1,0,20170515,151830,Final,0
aif131207g.07102.hdf5,70004077,7100,1,0,1,0,20170515,151830,Final,0
aif131207g07103.hdf5,70004077,7101,1,0,1,0,20170515,151830,Final,0
aif130207g.7100.hdf5,70004078,7100,3,0,1,0,20170515,151836,Final,0
aif130207g.7101.hdf5,70004078,7101,3,0,1,0,20170515,151836,Final,0
aif130207g.07102.hdf5,70004078,7100,1,0,1,0,20170515,151836,Final,0
aif130207g07103.hdf5,70004078,7101,1,0,1,0,20170515,151836,Final,0
aif130107g.001.hdf5,70004079,7100,3,0,1,0,20170515,151825,Final,0
aif130107g.002.hdf5,70004079,7101,3,0,1,0,20170515,151825,Final,0
aif130107g.00003.hdf5,70004079,7100,1,0,1,0,20170515,151825,Final,0
aif130107g00004.hdf5,70004079,7101,1,0,1,0,20170515,151825,Final,0
aif130707g.7100.hdf5,70004080,7100,3,0,1,0,20170515,151835,Final,0
aif130707g.7101.hdf5,70004080,7101,3,0,1,0,20170515,151835,Final,0
aif130707g.07102.hdf5,70004080,7100,1,0,1,0,20170515,151835,Final,0
aif130707g07103.hdf5,70004080,7101,1,0,1,0,20170515,151835,Final,0
aif130607g.7100.hdf5,70004081,7100,3,0,1,0,20170515,151828,Final,0
aif130607g.7101.hdf5,70004081,7101,3,0,1,0,20170515,151828,Final,0
aif130607g.07102.hdf5,70004081,7100,1,0,1,0,20170515,151828,Final,0
aif130607g07103.hdf5,70004081,7101,1,0,1,0,20170515,151828,Final,0
aif130306g.7100.hdf5,70004082,7100,3,0,1,0,20170515,151828,Final,0
aif130306g.7101.hdf5,70004082,7101,3,0,1,0,20170515,151828,Final,0
aif130306g.07102.hdf5,70004082,7100,1,0,1,0,20170515,151828,Final,0
aif130306g07103.hdf5,70004082,7101,1,0,1,0,20170515,151828,Final,0
aif130507g.7100.hdf5,70004083,7100,3,0,1,0,20170515,151836,Final,0
aif130507g.7101.hdf5,70004083,7101,3,0,1,0,20170515,151836,Final,0
aif130507g.07102.hdf5,70004083,7100,1,0,1,0,20170515,151836,Final,0
aif130507g07103.hdf5,70004083,7101,1,0,1,0,20170515,151836,Final,0
aif131107g.7100.hdf5,70004084,7100,3,0,1,0,20170515,151831,Final,0
aif131107g.7101.hdf5,70004084,7101,3,0,1,0,20170515,151831,Final,0
aif131107g.07102.hdf5,70004084,7100,1,0,1,0,20170515,151831,Final,0
aif131107g07103.hdf5,70004084,7101,1,0,1,0,20170515,151831,Final,0
aif131007g.7100.hdf5,70004085,7100,3,0,1,0,20170515,151835,Final,0
aif131007g.7101.hdf5,70004085,7101,3,0,1,0,20170515,151836,Final,0
aif131007g.07102.hdf5,70004085,7100,1,0,1,0,20170515,151835,Final,0
aif131007g07103.hdf5,70004085,7101,1,0,1,0,20170515,151835,Final,0
aif130907g.7100.hdf5,70004086,7100,3,0,1,0,20170515,151829,Final,0
aif130907g.7101.hdf5,70004086,7101,3,0,1,0,20170515,151829,Final,0
aif130907g.07102.hdf5,70004086,7100,3,0,1,0,20170515,151829,Final,0
aif130907g07103.hdf5,70004086,7101,3,0,1,0,20170515,151829,Final,0
aif130907g.07103.hdf5,70004086,7100,1,0,1,0,20170515,151829,Final,0
aif130907g07104.hdf5,70004086,7101,1,0,1,0,20170515,151829,Final,0
aif130808g.7100.hdf5,70004087,7100,3,0,1,0,20170515,151832,Final,0
aif130808g.7101.hdf5,70004087,7101,3,0,1,0,20170515,151832,Final,0
aif130808g.07102.hdf5,70004087,7100,1,0,1,0,20170515,151832,Final,0
aif130808g07103.hdf5,70004087,7101,1,0,1,0,20170515,151832,Final,0
aif131208g.7100.hdf5,70004088,7100,3,0,1,0,20170515,151834,Final,0
aif131208g.7101.hdf5,70004088,7101,3,0,1,0,20170515,151834,Final,0
aif131208g.07102.hdf5,70004088,7100,1,0,1,0,20170515,151834,Final,0
aif131208g07103.hdf5,70004088,7101,1,0,1,0,20170515,151834,Final,0
aif130208g.7100.hdf5,70004089,7100,3,0,1,0,20170515,151836,Final,0
aif130208g.7101.hdf5,70004089,7101,3,0,1,0,20170515,151836,Final,0
aif130208g.07102.hdf5,70004089,7100,1,0,1,0,20170515,151836,Final,0
aif130208g07103.hdf5,70004089,7101,1,0,1,0,20170515,151836,Final,0
aif130108g.001.hdf5,70004090,7100,3,0,1,0,20170515,151834,Final,0
aif130108g.002.hdf5,70004090,7101,3,0,1,0,20170515,151834,Final,0
aif130108g.00003.hdf5,70004090,7100,1,0,1,0,20170515,151834,Final,0
aif130108g00004.hdf5,70004090,7101,1,0,1,0,20170515,151834,Final,0
aif130708g.7100.hdf5,70004091,7100,3,0,1,0,20170515,151823,Final,0
aif130708g.7101.hdf5,70004091,7101,3,0,1,0,20170515,151823,Final,0
aif130708g.07102.hdf5,70004091,7100,1,0,1,0,20170515,151823,Final,0
aif130708g07103.hdf5,70004091,7101,1,0,1,0,20170515,151823,Final,0
aif130608g.7100.hdf5,70004092,7100,3,0,1,0,20170515,151835,Final,0
aif130608g.7101.hdf5,70004092,7101,3,0,1,0,20170515,151835,Final,0
aif130608g.07102.hdf5,70004092,7100,1,0,1,0,20170515,151835,Final,0
aif130608g07103.hdf5,70004092,7101,1,0,1,0,20170515,151834,Final,0
aif130307g.7100.hdf5,70004093,7100,3,0,1,0,20170515,151828,Final,0
aif130307g.7101.hdf5,70004093,7101,3,0,1,0,20170515,151828,Final,0
aif130307g.07102.hdf5,70004093,7100,1,0,1,0,20170515,151828,Final,0
aif130307g07103.hdf5,70004093,7101,1,0,1,0,20170515,151828,Final,0
aif130308g.7100.hdf5,70004094,7100,3,0,1,0,20170515,151834,Final,0
aif130308g.7101.hdf5,70004094,7101,3,0,1,0,20170515,151834,Final,0
aif130308g.07102.hdf5,70004094,7100,1,0,1,0,20170515,151834,Final,0
aif130308g07103.hdf5,70004094,7101,1,0,1,0,20170515,151834,Final,0
aif130508g.7100.hdf5,70004095,7100,3,0,1,0,20170515,151835,Final,0
aif130508g.7101.hdf5,70004095,7101,3,0,1,0,20170515,151835,Final,0
aif130508g.07102.hdf5,70004095,7100,1,0,1,0,20170515,151835,Final,0
aif130508g07103.hdf5,70004095,7101,1,0,1,0,20170515,151835,Final,0
aif131108g.7100.hdf5,70004096,7100,3,0,1,0,20170515,151832,Final,0
aif131108g.7101.hdf5,70004096,7101,3,0,1,0,20170515,151832,Final,0
aif131108g.07102.hdf5,70004096,7100,1,0,1,0,20170515,151832,Final,0
aif131108g07103.hdf5,70004096,7101,1,0,1,0,20170515,151832,Final,0
aif131008g.7100.hdf5,70004097,7100,3,0,1,0,20170515,151823,Final,0
aif131008g.7101.hdf5,70004097,7101,3,0,1,0,20170515,151823,Final,0
aif131008g.07102.hdf5,70004097,7100,1,0,1,0,20170515,151823,Final,0
aif131008g07103.hdf5,70004097,7101,1,0,1,0,20170515,151823,Final,0
aif130908g.7100.hdf5,70004098,7100,3,0,1,0,20170515,151832,Final,0
aif130908g.7101.hdf5,70004098,7101,3,0,1,0,20170515,151832,Final,0
aif130908g.07102.hdf5,70004098,7100,1,0,1,0,20170515,151832,Final,0
aif130908g07103.hdf5,70004098,7101,1,0,1,0,20170515,151832,Final,0
aif130408g.7100.hdf5,70004099,7100,3,0,1,0,20170515,151829,Final,0
aif130408g.7101.hdf5,70004099,7101,3,0,1,0,20170515,151829,Final,0
aif130408g.07102.hdf5,70004099,7100,1,0,1,0,20170515,151829,Final,0
aif130408g07103.hdf5,70004099,7101,1,0,1,0,20170515,151829,Final,0
aif130409g.7100.hdf5,70004100,7100,3,0,1,0,20170515,151833,Final,0
aif130409g.7101.hdf5,70004100,7101,3,0,1,0,20170515,151833,Final,0
aif130409g.07102.hdf5,70004100,7100,1,0,1,0,20170515,151833,Final,0
aif130409g07103.hdf5,70004100,7101,1,0,1,0,20170515,151833,Final,0
aif130809g.7100.hdf5,70004101,7100,3,0,1,0,20170515,151834,Final,0
aif130809g.7101.hdf5,70004101,7101,3,0,1,0,20170515,151834,Final,0
aif130809g.07102.hdf5,70004101,7100,1,0,1,0,20170515,151834,Final,0
aif130809g07103.hdf5,70004101,7101,1,0,1,0,20170515,151834,Final,0
aif131209g.7100.hdf5,70004102,7100,3,0,1,0,20170515,151831,Final,0
aif131209g.7101.hdf5,70004102,7101,3,0,1,0,20170515,151831,Final,0
aif131209g.07102.hdf5,70004102,7100,1,0,1,0,20170515,151831,Final,0
aif131209g07103.hdf5,70004102,7101,1,0,1,0,20170515,151831,Final,0
aif130209g.7100.hdf5,70004103,7100,3,0,1,0,20170515,151833,Final,0
aif130209g.7101.hdf5,70004103,7101,3,0,1,0,20170515,151833,Final,0
aif130209g.07102.hdf5,70004103,7100,1,0,1,0,20170515,151833,Final,0
aif130209g07103.hdf5,70004103,7101,1,0,1,0,20170515,151833,Final,0
aif130109g.001.hdf5,70004104,7100,3,0,1,0,20170515,151824,Final,0
aif130109g.002.hdf5,70004104,7101,3,0,1,0,20170515,151824,Final,0
aif130109g.00003.hdf5,70004104,7100,1,0,1,0,20170515,151824,Final,0
aif130109g00004.hdf5,70004104,7101,1,0,1,0,20170515,151824,Final,0
aif130709g.7100.hdf5,70004105,7100,3,0,1,0,20170515,151833,Final,0
aif130709g.7101.hdf5,70004105,7101,3,0,1,0,20170515,151833,Final,0
aif130709g.07102.hdf5,70004105,7100,3,0,1,0,20170515,151833,Final,0
aif130709g07103.hdf5,70004105,7101,3,0,1,0,20170515,151833,Final,0
aif130709g.07103.hdf5,70004105,7100,1,0,1,0,20170515,151833,Final,0
aif130709g07104.hdf5,70004105,7101,1,0,1,0,20170515,151833,Final,0
aif130609g.7100.hdf5,70004106,7100,3,0,1,0,20170515,151824,Final,0
aif130609g.7101.hdf5,70004106,7101,3,0,1,0,20170515,151824,Final,0
aif130609g.07102.hdf5,70004106,7100,1,0,1,0,20170515,151824,Final,0
aif130609g07103.hdf5,70004106,7101,1,0,1,0,20170515,151824,Final,0
aif130309g.7100.hdf5,70004107,7100,3,0,1,0,20170515,151832,Final,0
aif130309g.7101.hdf5,70004107,7101,3,0,1,0,20170515,151832,Final,0
aif130309g.07102.hdf5,70004107,7100,1,0,1,0,20170515,151832,Final,0
aif130309g07103.hdf5,70004107,7101,1,0,1,0,20170515,151832,Final,0
aif130509g.7100.hdf5,70004108,7100,3,0,1,0,20170515,151832,Final,0
aif130509g.7101.hdf5,70004108,7101,3,0,1,0,20170515,151832,Final,0
aif130509g.07102.hdf5,70004108,7100,1,0,1,0,20170515,151832,Final,0
aif130509g07103.hdf5,70004108,7101,1,0,1,0,20170515,151832,Final,0
aif131109g.7100.hdf5,70004109,7100,3,0,1,0,20170515,151823,Final,0
aif131109g.7101.hdf5,70004109,7101,3,0,1,0,20170515,151823,Final,0
aif131109g.07102.hdf5,70004109,7100,1,0,1,0,20170515,151823,Final,0
aif131109g07103.hdf5,70004109,7101,1,0,1,0,20170515,151823,Final,0
aif131009g.7100.hdf5,70004110,7100,3,0,1,0,20170515,151830,Final,0
aif131009g.7101.hdf5,70004110,7101,3,0,1,0,20170515,151830,Final,0
aif131009g.07102.hdf5,70004110,7100,1,0,1,0,20170515,151830,Final,0
aif131009g07103.hdf5,70004110,7101,1,0,1,0,20170515,151830,Final,0
aif130410g.7100.hdf5,70004111,7100,3,0,1,0,20170515,151835,Final,0
aif130410g.7101.hdf5,70004111,7101,3,0,1,0,20170515,151835,Final,0
aif130410g.07102.hdf5,70004111,7100,1,0,1,0,20170515,151835,Final,0
aif130410g07103.hdf5,70004111,7101,1,0,1,0,20170515,151835,Final,0
aif130810g.7100.hdf5,70004112,7100,3,0,1,0,20170515,151828,Final,0
aif130810g.7101.hdf5,70004112,7101,3,0,1,0,20170515,151828,Final,0
aif130810g.07102.hdf5,70004112,7100,1,0,1,0,20170515,151828,Final,0
aif130810g07103.hdf5,70004112,7101,1,0,1,0,20170515,151828,Final,0
aif130210g.7100.hdf5,70004113,7100,3,0,1,0,20170515,151829,Final,0
aif130210g.7101.hdf5,70004113,7101,3,0,1,0,20170515,151829,Final,0
aif130210g.07102.hdf5,70004113,7100,1,0,1,0,20170515,151829,Final,0
aif130210g07103.hdf5,70004113,7101,1,0,1,0,20170515,151829,Final,0
aif130110g.001.hdf5,70004114,7100,3,0,1,0,20170515,151828,Final,0
aif130110g.002.hdf5,70004114,7101,3,0,1,0,20170515,151828,Final,0
aif130110g.00003.hdf5,70004114,7100,1,0,1,0,20170515,151828,Final,0
aif130110g00004.hdf5,70004114,7101,1,0,1,0,20170515,151828,Final,0
aif130310g.7100.hdf5,70004115,7100,3,0,1,0,20170515,151833,Final,0
aif130310g.7101.hdf5,70004115,7101,3,0,1,0,20170515,151833,Final,0
aif130310g.07102.hdf5,70004115,7100,1,0,1,0,20170515,151833,Final,0
aif130310g07103.hdf5,70004115,7101,1,0,1,0,20170515,151833,Final,0
aif130510g.7100.hdf5,70004116,7100,3,0,1,0,20170515,151826,Final,0
aif130510g.7101.hdf5,70004116,7101,3,0,1,0,20170515,151826,Final,0
aif130510g.07102.hdf5,70004116,7100,1,0,1,0,20170515,151826,Final,0
aif130510g07103.hdf5,70004116,7101,1,0,1,0,20170515,151826,Final,0
aif131110g.7100.hdf5,70004117,7100,3,0,1,0,20170515,151830,Final,0
aif131110g.7101.hdf5,70004117,7101,3,0,1,0,20170515,151830,Final,0
aif131110g.07102.hdf5,70004117,7100,1,0,1,0,20170515,151830,Final,0
aif131110g07103.hdf5,70004117,7101,1,0,1,0,20170515,151830,Final,0
aif131010g.7100.hdf5,70004118,7100,3,0,1,0,20170515,151827,Final,0
aif131010g.7101.hdf5,70004118,7101,3,0,1,0,20170515,151827,Final,0
aif131010g.07102.hdf5,70004118,7100,1,0,1,0,20170515,151827,Final,0
aif131010g07103.hdf5,70004118,7101,1,0,1,0,20170515,151827,Final,0
aif130909g.7100.hdf5,70004119,7100,3,0,1,0,20170515,151827,Final,0
aif130909g.7101.hdf5,70004119,7101,3,0,1,0,20170515,151827,Final,0
aif130909g.07102.hdf5,70004119,7100,1,0,1,0,20170515,151827,Final,0
aif130909g07103.hdf5,70004119,7101,1,0,1,0,20170515,151827,Final,0
aif130910g.7100.hdf5,70004120,7100,3,0,1,0,20170515,151828,Final,0
aif130910g.7101.hdf5,70004120,7101,3,0,1,0,20170515,151828,Final,0
aif130910g.07102.hdf5,70004120,7100,1,0,1,0,20170515,151828,Final,0
aif130910g07103.hdf5,70004120,7101,1,0,1,0,20170515,151828,Final,0
aif130411g.7100.hdf5,70004121,7100,3,0,1,0,20170515,151831,Final,0
aif130411g.7101.hdf5,70004121,7101,3,0,1,0,20170515,151831,Final,0
aif130411g.07102.hdf5,70004121,7100,1,0,1,0,20170515,151831,Final,0
aif130411g07103.hdf5,70004121,7101,1,0,1,0,20170515,151831,Final,0
aif131211g.7100.hdf5,70004122,7100,3,0,1,0,20170515,151824,Final,0
aif131211g.7101.hdf5,70004122,7101,3,0,1,0,20170515,151824,Final,0
aif131211g.07102.hdf5,70004122,7100,1,0,1,0,20170515,151824,Final,0
aif131211g07103.hdf5,70004122,7101,1,0,1,0,20170515,151824,Final,0
aif130211g.7100.hdf5,70004123,7100,3,0,1,0,20170515,151833,Final,0
aif130211g.7101.hdf5,70004123,7101,3,0,1,0,20170515,151833,Final,0
aif130211g.07102.hdf5,70004123,7100,1,0,1,0,20170515,151833,Final,0
aif130211g07103.hdf5,70004123,7101,1,0,1,0,20170515,151833,Final,0
aif130111g.001.hdf5,70004124,7100,3,0,1,0,20170515,151830,Final,0
aif130111g.002.hdf5,70004124,7101,3,0,1,0,20170515,151830,Final,0
aif130111g.00003.hdf5,70004124,7100,1,0,1,0,20170515,151830,Final,0
aif130111g00004.hdf5,70004124,7101,1,0,1,0,20170515,151830,Final,0
aif130711g.7100.hdf5,70004125,7100,3,0,1,0,20170515,151824,Final,0
aif130711g.7101.hdf5,70004125,7101,3,0,1,0,20170515,151824,Final,0
aif130711g.07102.hdf5,70004125,7100,1,0,1,0,20170515,151824,Final,0
aif130711g07103.hdf5,70004125,7101,1,0,1,0,20170515,151824,Final,0
aif130610g.7100.hdf5,70004126,7100,3,0,1,0,20170515,151831,Final,0
aif130610g.7101.hdf5,70004126,7101,3,0,1,0,20170515,151831,Final,0
aif130610g.07102.hdf5,70004126,7100,1,0,1,0,20170515,151830,Final,0
aif130610g07103.hdf5,70004126,7101,1,0,1,0,20170515,151830,Final,0
aif130611g.7100.hdf5,70004127,7100,3,0,1,0,20170515,151827,Final,0
aif130611g.7101.hdf5,70004127,7101,3,0,1,0,20170515,151827,Final,0
aif130611g.07102.hdf5,70004127,7100,1,0,1,0,20170515,151827,Final,0
aif130611g07103.hdf5,70004127,7101,1,0,1,0,20170515,151827,Final,0
aif130311g.7100.hdf5,70004128,7100,3,0,1,0,20170515,151823,Final,0
aif130311g.7101.hdf5,70004128,7101,3,0,1,0,20170515,151823,Final,0
aif130311g.07102.hdf5,70004128,7100,1,0,1,0,20170515,151823,Final,0
aif130311g07103.hdf5,70004128,7101,1,0,1,0,20170515,151823,Final,0
aif131111g.7100.hdf5,70004129,7100,3,0,1,0,20170515,151835,Final,0
aif131111g.7101.hdf5,70004129,7101,3,0,1,0,20170515,151835,Final,0
aif131111g.07102.hdf5,70004129,7100,3,0,1,0,20170515,151835,Final,0
aif131111g07103.hdf5,70004129,7101,3,0,1,0,20170515,151835,Final,0
aif131111g.07103.hdf5,70004129,7100,1,0,1,0,20170515,151835,Final,0
aif131111g07104.hdf5,70004129,7101,1,0,1,0,20170515,151835,Final,0
aif131011g.7100.hdf5,70004130,7100,3,0,1,0,20170515,151826,Final,0
aif131011g.7101.hdf5,70004130,7101,3,0,1,0,20170515,151826,Final,0
aif131011g.07102.hdf5,70004130,7100,1,0,1,0,20170515,151826,Final,0
aif131011g07103.hdf5,70004130,7101,1,0,1,0,20170515,151826,Final,0
aif130911g.7100.hdf5,70004131,7100,3,0,1,0,20170515,151836,Final,0
aif130911g.7101.hdf5,70004131,7101,3,0,1,0,20170515,151836,Final,0
aif130911g.07102.hdf5,70004131,7100,1,0,1,0,20170515,151836,Final,0
aif130911g07103.hdf5,70004131,7101,1,0,1,0,20170515,151836,Final,0
aif130412g.7100.hdf5,70004132,7100,3,0,1,0,20170515,151825,Final,0
aif130412g.7101.hdf5,70004132,7101,3,0,1,0,20170515,151825,Final,0
aif130412g.07102.hdf5,70004132,7100,1,0,1,0,20170515,151825,Final,0
aif130412g07103.hdf5,70004132,7101,1,0,1,0,20170515,151825,Final,0
aif130811g.7100.hdf5,70004133,7100,3,0,1,0,20170515,151827,Final,0
aif130811g.7101.hdf5,70004133,7101,3,0,1,0,20170515,151827,Final,0
aif130811g.07102.hdf5,70004133,7100,1,0,1,0,20170515,151827,Final,0
aif130811g07103.hdf5,70004133,7101,1,0,1,0,20170515,151827,Final,0
aif130812g.7100.hdf5,70004134,7100,3,0,1,0,20170515,151836,Final,0
aif130812g.7101.hdf5,70004134,7101,3,0,1,0,20170515,151836,Final,0
aif130812g.07102.hdf5,70004134,7100,1,0,1,0,20170515,151836,Final,0
aif130812g07103.hdf5,70004134,7101,1,0,1,0,20170515,151836,Final,0
aif131212g.7100.hdf5,70004135,7100,3,0,1,0,20170515,151829,Final,0
aif131212g.7101.hdf5,70004135,7101,3,0,1,0,20170515,151829,Final,0
aif131212g.07102.hdf5,70004135,7100,1,0,1,0,20170515,151829,Final,0
aif131212g07103.hdf5,70004135,7101,1,0,1,0,20170515,151829,Final,0
aif130112g.001.hdf5,70004136,7100,3,0,1,0,20170515,151825,Final,0
aif130112g.002.hdf5,70004136,7101,3,0,1,0,20170515,151825,Final,0
aif130112g.00003.hdf5,70004136,7100,1,0,1,0,20170515,151825,Final,0
aif130112g00004.hdf5,70004136,7101,1,0,1,0,20170515,151825,Final,0
aif130712g.7100.hdf5,70004137,7100,3,0,1,0,20170515,151833,Final,0
aif130712g.7101.hdf5,70004137,7101,3,0,1,0,20170515,151833,Final,0
aif130712g.07102.hdf5,70004137,7100,1,0,1,0,20170515,151833,Final,0
aif130712g07103.hdf5,70004137,7101,1,0,1,0,20170515,151833,Final,0
aif130612g.7100.hdf5,70004138,7100,3,0,1,0,20170515,151834,Final,0
aif130612g.7101.hdf5,70004138,7101,3,0,1,0,20170515,151834,Final,0
aif130612g.07102.hdf5,70004138,7100,1,0,1,0,20170515,151834,Final,0
aif130612g07103.hdf5,70004138,7101,1,0,1,0,20170515,151834,Final,0
aif130511g.7100.hdf5,70004139,7100,3,0,1,0,20170515,151830,Final,0
aif130511g.7101.hdf5,70004139,7101,3,0,1,0,20170515,151830,Final,0
aif130511g.07102.hdf5,70004139,7100,1,0,1,0,20170515,151830,Final,0
aif130511g07103.hdf5,70004139,7101,1,0,1,0,20170515,151830,Final,0
aif131112g.7100.hdf5,70004140,7100,3,0,1,0,20170515,151831,Final,0
aif131112g.7101.hdf5,70004140,7101,3,0,1,0,20170515,151831,Final,0
aif131112g.07102.hdf5,70004140,7100,1,0,1,0,20170515,151831,Final,0
aif131112g07103.hdf5,70004140,7101,1,0,1,0,20170515,151831,Final,0
aif131012g.7100.hdf5,70004141,7100,3,0,1,0,20170515,151826,Final,0
aif131012g.7101.hdf5,70004141,7101,3,0,1,0,20170515,151826,Final,0
aif131012g.07102.hdf5,70004141,7100,1,0,1,0,20170515,151826,Final,0
aif131012g07103.hdf5,70004141,7101,1,0,1,0,20170515,151826,Final,0
aif130912g.7100.hdf5,70004142,7100,3,0,1,0,20170515,151836,Final,0
aif130912g.7101.hdf5,70004142,7101,3,0,1,0,20170515,151836,Final,0
aif130912g.07102.hdf5,70004142,7100,1,0,1,0,20170515,151836,Final,0
aif130912g07103.hdf5,70004142,7101,1,0,1,0,20170515,151836,Final,0
aif130413g.7100.hdf5,70004143,7100,3,0,1,0,20170515,151826,Final,0
aif130413g.7101.hdf5,70004143,7101,3,0,1,0,20170515,151826,Final,0
aif130413g.07102.hdf5,70004143,7100,1,0,1,0,20170515,151826,Final,0
aif130413g07103.hdf5,70004143,7101,1,0,1,0,20170515,151826,Final,0
aif130813g.7100.hdf5,70004144,7100,3,0,1,0,20170515,151830,Final,0
aif130813g.7101.hdf5,70004144,7101,3,0,1,0,20170515,151829,Final,0
aif130813g.07102.hdf5,70004144,7100,3,0,1,0,20170515,151830,Final,0
aif130813g07103.hdf5,70004144,7101,3,0,1,0,20170515,151830,Final,0
aif130813g.07103.hdf5,70004144,7100,1,0,1,0,20170515,151829,Final,0
aif130813g07104.hdf5,70004144,7101,1,0,1,0,20170515,151830,Final,0
aif131213g.7100.hdf5,70004145,7100,3,0,1,0,20170515,151825,Final,0
aif131213g.7101.hdf5,70004145,7101,3,0,1,0,20170515,151825,Final,0
aif131213g.07102.hdf5,70004145,7100,1,0,1,0,20170515,151825,Final,0
aif131213g07103.hdf5,70004145,7101,1,0,1,0,20170515,151825,Final,0
aif130212g.7100.hdf5,70004146,7100,3,0,1,0,20170515,151827,Final,0
aif130212g.7101.hdf5,70004146,7101,3,0,1,0,20170515,151827,Final,0
aif130212g.07102.hdf5,70004146,7100,1,0,1,0,20170515,151827,Final,0
aif130212g07103.hdf5,70004146,7101,1,0,1,0,20170515,151827,Final,0
aif130113g.001.hdf5,70004147,7100,3,0,1,0,20170515,151831,Final,0
aif130113g.002.hdf5,70004147,7101,3,0,1,0,20170515,151831,Final,0
aif130113g.00003.hdf5,70004147,7100,1,0,1,0,20170515,151831,Final,0
aif130113g00004.hdf5,70004147,7101,1,0,1,0,20170515,151831,Final,0
aif130713g.7100.hdf5,70004148,7100,3,0,1,0,20170515,151831,Final,0
aif130713g.7101.hdf5,70004148,7101,3,0,1,0,20170515,151831,Final,0
aif130713g.07102.hdf5,70004148,7100,1,0,1,0,20170515,151831,Final,0
aif130713g07103.hdf5,70004148,7101,1,0,1,0,20170515,151831,Final,0
aif130613g.7100.hdf5,70004149,7100,3,0,1,0,20170515,151827,Final,0
aif130613g.7101.hdf5,70004149,7101,3,0,1,0,20170515,151827,Final,0
aif130613g.07102.hdf5,70004149,7100,1,0,1,0,20170515,151827,Final,0
aif130613g07103.hdf5,70004149,7101,1,0,1,0,20170515,151827,Final,0
aif130312g.7100.hdf5,70004150,7100,3,0,1,0,20170515,151835,Final,0
aif130312g.7101.hdf5,70004150,7101,3,0,1,0,20170515,151835,Final,0
aif130312g.07102.hdf5,70004150,7100,1,0,1,0,20170515,151835,Final,0
aif130312g07103.hdf5,70004150,7101,1,0,1,0,20170515,151835,Final,0
aif130313g.7100.hdf5,70004151,7100,3,0,1,0,20170515,151827,Final,0
aif130313g.7101.hdf5,70004151,7101,3,0,1,0,20170515,151827,Final,0
aif130313g.07102.hdf5,70004151,7100,1,0,1,0,20170515,151827,Final,0
aif130313g07103.hdf5,70004151,7101,1,0,1,0,20170515,151827,Final,0
aif130512g.7100.hdf5,70004152,7100,3,0,1,0,20170515,151830,Final,0
aif130512g.7101.hdf5,70004152,7101,3,0,1,0,20170515,151830,Final,0
aif130512g.07102.hdf5,70004152,7100,1,0,1,0,20170515,151830,Final,0
aif130512g07103.hdf5,70004152,7101,1,0,1,0,20170515,151830,Final,0
aif130513g.7100.hdf5,70004153,7100,3,0,1,0,20170515,151828,Final,0
aif130513g.7101.hdf5,70004153,7101,3,0,1,0,20170515,151828,Final,0
aif130513g.07102.hdf5,70004153,7100,1,0,1,0,20170515,151828,Final,0
aif130513g07103.hdf5,70004153,7101,1,0,1,0,20170515,151828,Final,0
aif131113g.7100.hdf5,70004154,7100,3,0,1,0,20170515,151831,Final,0
aif131113g.7101.hdf5,70004154,7101,3,0,1,0,20170515,151831,Final,0
aif131113g.07102.hdf5,70004154,7100,1,0,1,0,20170515,151831,Final,0
aif131113g07103.hdf5,70004154,7101,1,0,1,0,20170515,151831,Final,0
aif131013g.7100.hdf5,70004155,7100,3,0,1,0,20170515,151836,Final,0
aif131013g.7101.hdf5,70004155,7101,3,0,1,0,20170515,151836,Final,0
aif131013g.07102.hdf5,70004155,7100,1,0,1,0,20170515,151836,Final,0
aif131013g07103.hdf5,70004155,7101,1,0,1,0,20170515,151836,Final,0
aif130414g.7100.hdf5,70004156,7100,3,0,1,0,20170515,151826,Final,0
aif130414g.7101.hdf5,70004156,7101,3,0,1,0,20170515,151826,Final,0
aif130414g.07102.hdf5,70004156,7100,1,0,1,0,20170515,151826,Final,0
aif130414g07103.hdf5,70004156,7101,1,0,1,0,20170515,151826,Final,0
aif130814g.7100.hdf5,70004157,7100,3,0,1,0,20170515,151824,Final,0
aif130814g.7101.hdf5,70004157,7101,3,0,1,0,20170515,151824,Final,0
aif130814g.07102.hdf5,70004157,7100,1,0,1,0,20170515,151824,Final,0
aif130814g07103.hdf5,70004157,7101,1,0,1,0,20170515,151824,Final,0
aif131214g.7100.hdf5,70004158,7100,3,0,1,0,20170515,151825,Final,0
aif131214g.7101.hdf5,70004158,7101,3,0,1,0,20170515,151825,Final,0
aif131214g.07102.hdf5,70004158,7100,1,0,1,0,20170515,151825,Final,0
aif131214g07103.hdf5,70004158,7101,1,0,1,0,20170515,151825,Final,0
aif130114g.001.hdf5,70004159,7100,3,0,1,0,20170515,151827,Final,0
aif130114g.002.hdf5,70004159,7101,3,0,1,0,20170515,151827,Final,0
aif130114g.00003.hdf5,70004159,7100,1,0,1,0,20170515,151827,Final,0
aif130114g00004.hdf5,70004159,7101,1,0,1,0,20170515,151827,Final,0
aif130714g.7100.hdf5,70004160,7100,3,0,1,0,20170515,151824,Final,0
aif130714g.7101.hdf5,70004160,7101,3,0,1,0,20170515,151824,Final,0
aif130714g.07102.hdf5,70004160,7100,1,0,1,0,20170515,151824,Final,0
aif130714g07103.hdf5,70004160,7101,1,0,1,0,20170515,151824,Final,0
aif130614g.7100.hdf5,70004161,7100,3,0,1,0,20170515,151828,Final,0
aif130614g.7101.hdf5,70004161,7101,3,0,1,0,20170515,151828,Final,0
aif130614g.07102.hdf5,70004161,7100,1,0,1,0,20170515,151828,Final,0
aif130614g07103.hdf5,70004161,7101,1,0,1,0,20170515,151828,Final,0
aif130514g.7100.hdf5,70004162,7100,3,0,1,0,20170515,151823,Final,0
aif130514g.7101.hdf5,70004162,7101,3,0,1,0,20170515,151823,Final,0
aif130514g.07102.hdf5,70004162,7100,1,0,1,0,20170515,151823,Final,0
aif130514g07103.hdf5,70004162,7101,1,0,1,0,20170515,151823,Final,0
aif131014g.7100.hdf5,70004163,7100,3,0,1,0,20170515,151833,Final,0
aif131014g.7101.hdf5,70004163,7101,3,0,1,0,20170515,151833,Final,0
aif131014g.07102.hdf5,70004163,7100,1,0,1,0,20170515,151833,Final,0
aif131014g07103.hdf5,70004163,7101,1,0,1,0,20170515,151833,Final,0
aif130913g.7100.hdf5,70004164,7100,3,0,1,0,20170515,151834,Final,0
aif130913g.7101.hdf5,70004164,7101,3,0,1,0,20170515,151834,Final,0
aif130913g.07102.hdf5,70004164,7100,3,0,1,0,20170515,151834,Final,0
aif130913g07103.hdf5,70004164,7101,3,0,1,0,20170515,151834,Final,0
aif130913g.07103.hdf5,70004164,7100,1,0,1,0,20170515,151834,Final,0
aif130913g07104.hdf5,70004164,7101,1,0,1,0,20170515,151834,Final,0
aif130914g.7100.hdf5,70004165,7100,3,0,1,0,20170515,151834,Final,0
aif130914g.7101.hdf5,70004165,7101,3,0,1,0,20170515,151834,Final,0
aif130914g.07102.hdf5,70004165,7100,1,0,1,0,20170515,151834,Final,0
aif130914g07103.hdf5,70004165,7101,1,0,1,0,20170515,151834,Final,0
aif130415g.7100.hdf5,70004166,7100,3,0,1,0,20170515,151826,Final,0
aif130415g.7101.hdf5,70004166,7101,3,0,1,0,20170515,151826,Final,0
aif130415g.07102.hdf5,70004166,7100,1,0,1,0,20170515,151826,Final,0
aif130415g07103.hdf5,70004166,7101,1,0,1,0,20170515,151826,Final,0
aif130815g.7100.hdf5,70004167,7100,3,0,1,0,20170515,151826,Final,0
aif130815g.7101.hdf5,70004167,7101,3,0,1,0,20170515,151826,Final,0
aif130815g.07102.hdf5,70004167,7100,1,0,1,0,20170515,151826,Final,0
aif130815g07103.hdf5,70004167,7101,1,0,1,0,20170515,151826,Final,0
aif131215g.7100.hdf5,70004168,7100,3,0,1,0,20170515,151835,Final,0
aif131215g.7101.hdf5,70004168,7101,3,0,1,0,20170515,151835,Final,0
aif131215g.07102.hdf5,70004168,7100,1,0,1,0,20170515,151835,Final,0
aif131215g07103.hdf5,70004168,7101,1,0,1,0,20170515,151835,Final,0
aif130115g.001.hdf5,70004169,7100,3,0,1,0,20170515,151824,Final,0
aif130115g.002.hdf5,70004169,7101,3,0,1,0,20170515,151824,Final,0
aif130115g.00003.hdf5,70004169,7100,1,0,1,0,20170515,151824,Final,0
aif130115g00004.hdf5,70004169,7101,1,0,1,0,20170515,151824,Final,0
aif130715g.7100.hdf5,70004170,7100,3,0,1,0,20170515,151831,Final,0
aif130715g.7101.hdf5,70004170,7101,3,0,1,0,20170515,151831,Final,0
aif130715g.07102.hdf5,70004170,7100,1,0,1,0,20170515,151831,Final,0
aif130715g07103.hdf5,70004170,7101,1,0,1,0,20170515,151831,Final,0
aif130615g.7100.hdf5,70004171,7100,3,0,1,0,20170515,151827,Final,0
aif130615g.7101.hdf5,70004171,7101,3,0,1,0,20170515,151827,Final,0
aif130615g.07102.hdf5,70004171,7100,1,0,1,0,20170515,151827,Final,0
aif130615g07103.hdf5,70004171,7101,1,0,1,0,20170515,151827,Final,0
aif131015g.7100.hdf5,70004172,7100,3,0,1,0,20170515,151833,Final,0
aif131015g.7101.hdf5,70004172,7101,3,0,1,0,20170515,151833,Final,0
aif131015g.07102.hdf5,70004172,7100,1,0,1,0,20170515,151833,Final,0
aif131015g07103.hdf5,70004172,7101,1,0,1,0,20170515,151833,Final,0
aif130915g.7100.hdf5,70004173,7100,3,0,1,0,20170515,151825,Final,0
aif130915g.7101.hdf5,70004173,7101,3,0,1,0,20170515,151825,Final,0
aif130915g.07102.hdf5,70004173,7100,1,0,1,0,20170515,151825,Final,0
aif130915g07103.hdf5,70004173,7101,1,0,1,0,20170515,151825,Final,0
aif130416g.7100.hdf5,70004174,7100,3,0,1,0,20170515,151825,Final,0
aif130416g.7101.hdf5,70004174,7101,3,0,1,0,20170515,151825,Final,0
aif130416g.07102.hdf5,70004174,7100,1,0,1,0,20170515,151825,Final,0
aif130416g07103.hdf5,70004174,7101,1,0,1,0,20170515,151825,Final,0
aif130816g.7100.hdf5,70004175,7100,3,0,1,0,20170515,151825,Final,0
aif130816g.7101.hdf5,70004175,7101,3,0,1,0,20170515,151825,Final,0
aif130816g.07102.hdf5,70004175,7100,1,0,1,0,20170515,151825,Final,0
aif130816g07103.hdf5,70004175,7101,1,0,1,0,20170515,151825,Final,0
aif131216g.7100.hdf5,70004176,7100,1,0,1,0,20170515,151826,Final,0
aif131216g.7101.hdf5,70004176,7101,1,0,1,0,20170515,151826,Final,0
aif130216g.7100.hdf5,70004177,7100,3,0,1,0,20170515,151834,Final,0
aif130216g.7101.hdf5,70004177,7101,3,0,1,0,20170515,151834,Final,0
aif130216g.07102.hdf5,70004177,7100,1,0,1,0,20170515,151834,Final,0
aif130216g07103.hdf5,70004177,7101,1,0,1,0,20170515,151834,Final,0
aif130116g.001.hdf5,70004178,7100,3,0,1,0,20170515,151827,Final,0
aif130116g.002.hdf5,70004178,7101,3,0,1,0,20170515,151827,Final,0
aif130116g.00003.hdf5,70004178,7100,1,0,1,0,20170515,151827,Final,0
aif130116g00004.hdf5,70004178,7101,1,0,1,0,20170515,151827,Final,0
aif130616g.7100.hdf5,70004179,7100,3,0,1,0,20170515,151834,Final,0
aif130616g.7101.hdf5,70004179,7101,3,0,1,0,20170515,151834,Final,0
aif130616g.07102.hdf5,70004179,7100,1,0,1,0,20170515,151834,Final,0
aif130616g07103.hdf5,70004179,7101,1,0,1,0,20170515,151834,Final,0
aif130316g.7100.hdf5,70004180,7100,3,0,1,0,20170515,151835,Final,0
aif130316g.7101.hdf5,70004180,7101,3,0,1,0,20170515,151835,Final,0
aif130316g.07102.hdf5,70004180,7100,1,0,1,0,20170515,151835,Final,0
aif130316g07103.hdf5,70004180,7101,1,0,1,0,20170515,151835,Final,0
aif130515g.7100.hdf5,70004181,7100,3,0,1,0,20170515,151827,Final,0
aif130515g.7101.hdf5,70004181,7101,3,0,1,0,20170515,151827,Final,0
aif130515g.07102.hdf5,70004181,7100,1,0,1,0,20170515,151827,Final,0
aif130515g07103.hdf5,70004181,7101,1,0,1,0,20170515,151827,Final,0
aif130516g.7100.hdf5,70004182,7100,3,0,1,0,20170515,151836,Final,0
aif130516g.7101.hdf5,70004182,7101,3,0,1,0,20170515,151836,Final,0
aif130516g.07102.hdf5,70004182,7100,1,0,1,0,20170515,151836,Final,0
aif130516g07103.hdf5,70004182,7101,1,0,1,0,20170515,151836,Final,0
aif130417g.7100.hdf5,70004183,7100,3,0,1,0,20170515,151835,Final,0
aif130417g.7101.hdf5,70004183,7101,3,0,1,0,20170515,151835,Final,0
aif130417g.07102.hdf5,70004183,7100,1,0,1,0,20170515,151835,Final,0
aif130417g07103.hdf5,70004183,7101,1,0,1,0,20170515,151835,Final,0
aif130817g.7100.hdf5,70004184,7100,3,0,1,0,20170515,151828,Final,0
aif130817g.7101.hdf5,70004184,7101,3,0,1,0,20170515,151828,Final,0
aif130817g.07102.hdf5,70004184,7100,1,0,1,0,20170515,151828,Final,0
aif130817g07103.hdf5,70004184,7101,1,0,1,0,20170515,151828,Final,0
aif131217g.7100.hdf5,70004185,7100,1,0,1,0,20170515,151833,Final,0
aif131217g.7101.hdf5,70004185,7101,1,0,1,0,20170515,151833,Final,0
aif130217g.7100.hdf5,70004186,7100,3,0,1,0,20170515,151829,Final,0
aif130217g.7101.hdf5,70004186,7101,3,0,1,0,20170515,151829,Final,0
aif130217g.07102.hdf5,70004186,7100,1,0,1,0,20170515,151829,Final,0
aif130217g07103.hdf5,70004186,7101,1,0,1,0,20170515,151829,Final,0
aif130117g.001.hdf5,70004187,7100,3,0,1,0,20170515,151836,Final,0
aif130117g.002.hdf5,70004187,7101,3,0,1,0,20170515,151836,Final,0
aif130117g.00003.hdf5,70004187,7100,1,0,1,0,20170515,151836,Final,0
aif130117g00004.hdf5,70004187,7101,1,0,1,0,20170515,151836,Final,0
aif130617g.7100.hdf5,70004188,7100,3,0,1,0,20170515,151825,Final,0
aif130617g.7101.hdf5,70004188,7101,3,0,1,0,20170515,151826,Final,0
aif130617g.07102.hdf5,70004188,7100,1,0,1,0,20170515,151826,Final,0
aif130617g07103.hdf5,70004188,7101,1,0,1,0,20170515,151825,Final,0
aif130517g.7100.hdf5,70004189,7100,3,0,1,0,20170515,151828,Final,0
aif130517g.7101.hdf5,70004189,7101,3,0,1,0,20170515,151828,Final,0
aif130517g.07102.hdf5,70004189,7100,1,0,1,0,20170515,151828,Final,0
aif130517g07103.hdf5,70004189,7101,1,0,1,0,20170515,151828,Final,0
aif130818g.7100.hdf5,70004190,7100,3,0,1,0,20170515,151824,Final,0
aif130818g.7101.hdf5,70004190,7101,3,0,1,0,20170515,151824,Final,0
aif130818g.07102.hdf5,70004190,7100,1,0,1,0,20170515,151824,Final,0
aif130818g07103.hdf5,70004190,7101,1,0,1,0,20170515,151824,Final,0
aif131218g.7100.hdf5,70004191,7100,1,0,1,0,20170515,151830,Final,0
aif131218g.7101.hdf5,70004191,7101,1,0,1,0,20170515,151830,Final,0
aif130118g.001.hdf5,70004192,7100,3,0,1,0,20170515,151826,Final,0
aif130118g.002.hdf5,70004192,7101,3,0,1,0,20170515,151826,Final,0
aif130118g.00003.hdf5,70004192,7100,1,0,1,0,20170515,151826,Final,0
aif130118g00004.hdf5,70004192,7101,1,0,1,0,20170515,151826,Final,0
aif130717g.7100.hdf5,70004193,7100,3,0,1,0,20170515,151831,Final,0
aif130717g.7101.hdf5,70004193,7101,3,0,1,0,20170515,151831,Final,0
aif130717g.07102.hdf5,70004193,7100,3,0,1,0,20170515,151832,Final,0
aif130717g07103.hdf5,70004193,7101,3,0,1,0,20170515,151832,Final,0
aif130717g.07103.hdf5,70004193,7100,1,0,1,0,20170515,151832,Final,0
aif130717g07104.hdf5,70004193,7101,1,0,1,0,20170515,151832,Final,0
aif130718g.7100.hdf5,70004194,7100,3,0,1,0,20170515,151824,Final,0
aif130718g.7101.hdf5,70004194,7101,3,0,1,0,20170515,151824,Final,0
aif130718g.07102.hdf5,70004194,7100,3,0,1,0,20170515,151824,Final,0
aif130718g07103.hdf5,70004194,7101,3,0,1,0,20170515,151824,Final,0
aif130718g.07103.hdf5,70004194,7100,1,0,1,0,20170515,151824,Final,0
aif130718g07104.hdf5,70004194,7101,1,0,1,0,20170515,151824,Final,0
aif130618g.7100.hdf5,70004195,7100,3,0,1,0,20170515,151827,Final,0
aif130618g.7101.hdf5,70004195,7101,3,0,1,0,20170515,151827,Final,0
aif130618g.07102.hdf5,70004195,7100,1,0,1,0,20170515,151827,Final,0
aif130618g07103.hdf5,70004195,7101,1,0,1,0,20170515,151827,Final,0
aif130317g.7100.hdf5,70004196,7100,3,0,1,0,20170515,151832,Final,0
aif130317g.7101.hdf5,70004196,7101,3,0,1,0,20170515,151832,Final,0
aif130317g.07102.hdf5,70004196,7100,1,0,1,0,20170515,151832,Final,0
aif130317g07103.hdf5,70004196,7101,1,0,1,0,20170515,151832,Final,0
aif130318g.7100.hdf5,70004197,7100,3,0,1,0,20170515,151831,Final,0
aif130318g.7101.hdf5,70004197,7101,3,0,1,0,20170515,151831,Final,0
aif130318g.07102.hdf5,70004197,7100,1,0,1,0,20170515,151831,Final,0
aif130318g07103.hdf5,70004197,7101,1,0,1,0,20170515,151831,Final,0
aif130518g.7100.hdf5,70004198,7100,3,0,1,0,20170515,151833,Final,0
aif130518g.7101.hdf5,70004198,7101,3,0,1,0,20170515,151833,Final,0
aif130518g.07102.hdf5,70004198,7100,1,0,1,0,20170515,151833,Final,0
aif130518g07103.hdf5,70004198,7101,1,0,1,0,20170515,151833,Final,0
aif130418g.7100.hdf5,70004199,7100,3,0,1,0,20170515,151826,Final,0
aif130418g.7101.hdf5,70004199,7101,3,0,1,0,20170515,151826,Final,0
aif130418g.07102.hdf5,70004199,7100,1,0,1,0,20170515,151826,Final,0
aif130418g07103.hdf5,70004199,7101,1,0,1,0,20170515,151826,Final,0
aif131219g.7100.hdf5,70004200,7100,1,0,1,0,20170515,151827,Final,0
aif131219g.7101.hdf5,70004200,7101,1,0,1,0,20170515,151827,Final,0
aif130219g.7100.hdf5,70004201,7100,3,0,1,0,20170515,151831,Final,0
aif130219g.7101.hdf5,70004201,7101,3,0,1,0,20170515,151831,Final,0
aif130219g.07102.hdf5,70004201,7100,1,0,1,0,20170515,151831,Final,0
aif130219g07103.hdf5,70004201,7101,1,0,1,0,20170515,151831,Final,0
aif130119g.001.hdf5,70004202,7100,3,0,1,0,20170515,151831,Final,0
aif130119g.002.hdf5,70004202,7101,3,0,1,0,20170515,151831,Final,0
aif130119g.00003.hdf5,70004202,7100,1,0,1,0,20170515,151831,Final,0
aif130119g00004.hdf5,70004202,7101,1,0,1,0,20170515,151831,Final,0
aif130619g.7100.hdf5,70004203,7100,3,0,1,0,20170515,151825,Final,0
aif130619g.7101.hdf5,70004203,7101,3,0,1,0,20170515,151825,Final,0
aif130619g.07102.hdf5,70004203,7100,1,0,1,0,20170515,151825,Final,0
aif130619g07103.hdf5,70004203,7101,1,0,1,0,20170515,151825,Final,0
aif130319g.7100.hdf5,70004204,7100,3,0,1,0,20170515,151836,Final,0
aif130319g.7101.hdf5,70004204,7101,3,0,1,0,20170515,151836,Final,0
aif130319g.07102.hdf5,70004204,7100,1,0,1,0,20170515,151836,Final,0
aif130319g07103.hdf5,70004204,7101,1,0,1,0,20170515,151836,Final,0
aif130519g.7100.hdf5,70004205,7100,3,0,1,0,20170515,151834,Final,0
aif130519g.7101.hdf5,70004205,7101,3,0,1,0,20170515,151834,Final,0
aif130519g.07102.hdf5,70004205,7100,1,0,1,0,20170515,151834,Final,0
aif130519g07103.hdf5,70004205,7101,1,0,1,0,20170515,151834,Final,0
aif131119g.7100.hdf5,70004206,7100,3,0,1,0,20170515,151826,Final,0
aif131119g.7101.hdf5,70004206,7101,3,0,1,0,20170515,151826,Final,0
aif131119g.07102.hdf5,70004206,7100,1,0,1,0,20170515,151826,Final,0
aif131119g07103.hdf5,70004206,7101,1,0,1,0,20170515,151826,Final,0
aif130419g.7100.hdf5,70004207,7100,3,0,1,0,20170515,151832,Final,0
aif130419g.7101.hdf5,70004207,7101,3,0,1,0,20170515,151832,Final,0
aif130419g.07102.hdf5,70004207,7100,1,0,1,0,20170515,151832,Final,0
aif130419g07103.hdf5,70004207,7101,1,0,1,0,20170515,151832,Final,0
aif130420g.7100.hdf5,70004208,7100,3,0,1,0,20170515,151828,Final,0
aif130420g.7101.hdf5,70004208,7101,3,0,1,0,20170515,151828,Final,0
aif130420g.07102.hdf5,70004208,7100,1,0,1,0,20170515,151828,Final,0
aif130420g07103.hdf5,70004208,7101,1,0,1,0,20170515,151828,Final,0
aif131220g.7100.hdf5,70004209,7100,1,0,1,0,20170515,151832,Final,0
aif131220g.7101.hdf5,70004209,7101,1,0,1,0,20170515,151832,Final,0
aif130220g.7100.hdf5,70004210,7100,3,0,1,0,20170515,151831,Final,0
aif130220g.7101.hdf5,70004210,7101,3,0,1,0,20170515,151831,Final,0
aif130220g.07102.hdf5,70004210,7100,1,0,1,0,20170515,151831,Final,0
aif130220g07103.hdf5,70004210,7101,1,0,1,0,20170515,151831,Final,0
aif130120g.001.hdf5,70004211,7100,3,0,1,0,20170515,151828,Final,0
aif130120g.002.hdf5,70004211,7101,3,0,1,0,20170515,151828,Final,0
aif130120g.00003.hdf5,70004211,7100,1,0,1,0,20170515,151828,Final,0
aif130120g00004.hdf5,70004211,7101,1,0,1,0,20170515,151828,Final,0
aif130320g.7100.hdf5,70004212,7100,3,0,1,0,20170515,151833,Final,0
aif130320g.7101.hdf5,70004212,7101,3,0,1,0,20170515,151834,Final,0
aif130320g.07102.hdf5,70004212,7100,1,0,1,0,20170515,151833,Final,0
aif130320g07103.hdf5,70004212,7101,1,0,1,0,20170515,151833,Final,0
aif130520g.7100.hdf5,70004213,7100,3,0,1,0,20170515,151833,Final,0
aif130520g.7101.hdf5,70004213,7101,3,0,1,0,20170515,151833,Final,0
aif130520g.07102.hdf5,70004213,7100,1,0,1,0,20170515,151833,Final,0
aif130520g07103.hdf5,70004213,7101,1,0,1,0,20170515,151833,Final,0
aif131120g.7100.hdf5,70004214,7100,3,0,1,0,20170515,151829,Final,0
aif131120g.7101.hdf5,70004214,7101,3,0,1,0,20170515,151829,Final,0
aif131120g.07102.hdf5,70004214,7100,1,0,1,0,20170515,151829,Final,0
aif131120g07103.hdf5,70004214,7101,1,0,1,0,20170515,151829,Final,0
aif130421g.7100.hdf5,70004215,7100,3,0,1,0,20170515,151833,Final,0
aif130421g.7101.hdf5,70004215,7101,3,0,1,0,20170515,151833,Final,0
aif130421g.07102.hdf5,70004215,7100,1,0,1,0,20170515,151833,Final,0
aif130421g07103.hdf5,70004215,7101,1,0,1,0,20170515,151833,Final,0
aif131221g.7100.hdf5,70004216,7100,3,0,1,0,20170515,151832,Final,0
aif131221g.7101.hdf5,70004216,7101,3,0,1,0,20170515,151832,Final,0
aif131221g.07102.hdf5,70004216,7100,1,0,1,0,20170515,151832,Final,0
aif131221g07103.hdf5,70004216,7101,1,0,1,0,20170515,151832,Final,0
aif130221g.7100.hdf5,70004217,7100,3,0,1,0,20170515,151827,Final,0
aif130221g.7101.hdf5,70004217,7101,3,0,1,0,20170515,151827,Final,0
aif130221g.07102.hdf5,70004217,7100,1,0,1,0,20170515,151827,Final,0
aif130221g07103.hdf5,70004217,7101,1,0,1,0,20170515,151827,Final,0
aif130121g.001.hdf5,70004218,7100,3,0,1,0,20170515,151833,Final,0
aif130121g.002.hdf5,70004218,7101,3,0,1,0,20170515,151833,Final,0
aif130121g.00003.hdf5,70004218,7100,1,0,1,0,20170515,151833,Final,0
aif130121g00004.hdf5,70004218,7101,1,0,1,0,20170515,151833,Final,0
aif130321g.7100.hdf5,70004219,7100,3,0,1,0,20170515,151829,Final,0
aif130321g.7101.hdf5,70004219,7101,3,0,1,0,20170515,151829,Final,0
aif130321g.07102.hdf5,70004219,7100,3,0,1,0,20170515,151829,Final,0
aif130321g07103.hdf5,70004219,7101,3,0,1,0,20170515,151829,Final,0
aif130321g.07103.hdf5,70004219,7100,1,0,1,0,20170515,151829,Final,0
aif130321g07104.hdf5,70004219,7101,1,0,1,0,20170515,151829,Final,0
aif130521g.7100.hdf5,70004220,7100,3,0,1,0,20170515,151826,Final,0
aif130521g.7101.hdf5,70004220,7101,3,0,1,0,20170515,151826,Final,0
aif130521g.07102.hdf5,70004220,7100,1,0,1,0,20170515,151826,Final,0
aif130521g07103.hdf5,70004220,7101,1,0,1,0,20170515,151826,Final,0
aif131121g.7100.hdf5,70004221,7100,3,0,1,0,20170515,151834,Final,0
aif131121g.7101.hdf5,70004221,7101,3,0,1,0,20170515,151834,Final,0
aif131121g.07102.hdf5,70004221,7100,3,0,1,0,20170515,151834,Final,0
aif131121g07103.hdf5,70004221,7101,3,0,1,0,20170515,151834,Final,0
aif131121g.07103.hdf5,70004221,7100,1,0,1,0,20170515,151834,Final,0
aif131121g07104.hdf5,70004221,7101,1,0,1,0,20170515,151834,Final,0
aif131222g.7100.hdf5,70004222,7100,3,0,1,0,20170515,151831,Final,0
aif131222g.7101.hdf5,70004222,7101,3,0,1,0,20170515,151831,Final,0
aif131222g.07102.hdf5,70004222,7100,1,0,1,0,20170515,151831,Final,0
aif131222g07103.hdf5,70004222,7101,1,0,1,0,20170515,151831,Final,0
aif130122g.7100.hdf5,70004223,7100,3,0,1,0,20170515,151830,Final,0
aif130122g.7101.hdf5,70004223,7101,3,0,1,0,20170515,151830,Final,0
aif130122g.07102.hdf5,70004223,7100,1,0,1,0,20170515,151830,Final,0
aif130122g07103.hdf5,70004223,7101,1,0,1,0,20170515,151830,Final,0
aif130322g.7100.hdf5,70004224,7100,3,0,1,0,20170515,151831,Final,0
aif130322g.7101.hdf5,70004224,7101,3,0,1,0,20170515,151831,Final,0
aif130322g.07102.hdf5,70004224,7100,1,0,1,0,20170515,151831,Final,0
aif130322g07103.hdf5,70004224,7101,1,0,1,0,20170515,151831,Final,0
aif131122g.7100.hdf5,70004225,7100,3,0,1,0,20170515,151828,Final,0
aif131122g.7101.hdf5,70004225,7101,3,0,1,0,20170515,151828,Final,0
aif131122g.07102.hdf5,70004225,7100,1,0,1,0,20170515,151828,Final,0
aif131122g07103.hdf5,70004225,7101,1,0,1,0,20170515,151828,Final,0
aif131223g.7100.hdf5,70004226,7100,3,0,1,0,20170515,151823,Final,0
aif131223g.7101.hdf5,70004226,7101,3,0,1,0,20170515,151823,Final,0
aif131223g.07102.hdf5,70004226,7100,1,0,1,0,20170515,151823,Final,0
aif131223g07103.hdf5,70004226,7101,1,0,1,0,20170515,151823,Final,0
aif130123g.7100.hdf5,70004227,7100,3,0,1,0,20170515,151830,Final,0
aif130123g.7101.hdf5,70004227,7101,3,0,1,0,20170515,151830,Final,0
aif130123g.07102.hdf5,70004227,7100,1,0,1,0,20170515,151830,Final,0
aif130123g07103.hdf5,70004227,7101,1,0,1,0,20170515,151830,Final,0
aif130323g.7100.hdf5,70004228,7100,3,0,1,0,20170515,151834,Final,0
aif130323g.7101.hdf5,70004228,7101,3,0,1,0,20170515,151834,Final,0
aif130323g.07102.hdf5,70004228,7100,1,0,1,0,20170515,151834,Final,0
aif130323g07103.hdf5,70004228,7101,1,0,1,0,20170515,151834,Final,0
aif131123g.7100.hdf5,70004229,7100,3,0,1,0,20170515,151830,Final,0
aif131123g.7101.hdf5,70004229,7101,3,0,1,0,20170515,151830,Final,0
aif131123g.07102.hdf5,70004229,7100,1,0,1,0,20170515,151830,Final,0
aif131123g07103.hdf5,70004229,7101,1,0,1,0,20170515,151830,Final,0
aif131023g.7100.hdf5,70004230,7100,3,0,1,0,20170515,151835,Final,0
aif131023g.7101.hdf5,70004230,7101,3,0,1,0,20170515,151835,Final,0
aif131023g.07102.hdf5,70004230,7100,1,0,1,0,20170515,151835,Final,0
aif131023g07103.hdf5,70004230,7101,1,0,1,0,20170515,151835,Final,0
aif130923g.7100.hdf5,70004231,7100,3,0,1,0,20170515,151835,Final,0
aif130923g.7101.hdf5,70004231,7101,3,0,1,0,20170515,151835,Final,0
aif130923g.07102.hdf5,70004231,7100,3,0,1,0,20170515,151835,Final,0
aif130923g07103.hdf5,70004231,7101,3,0,1,0,20170515,151835,Final,0
aif130923g.07103.hdf5,70004231,7100,1,0,1,0,20170515,151835,Final,0
aif130923g07104.hdf5,70004231,7101,1,0,1,0,20170515,151835,Final,0
aif130824g.7100.hdf5,70004232,7100,3,0,1,0,20170515,151833,Final,0
aif130824g.7101.hdf5,70004232,7101,3,0,1,0,20170515,151833,Final,0
aif130824g.07102.hdf5,70004232,7100,1,0,1,0,20170515,151833,Final,0
aif130824g07103.hdf5,70004232,7101,1,0,1,0,20170515,151833,Final,0
aif131224g.7100.hdf5,70004233,7100,3,0,1,0,20170515,151829,Final,0
aif131224g.7101.hdf5,70004233,7101,3,0,1,0,20170515,151829,Final,0
aif131224g.07102.hdf5,70004233,7100,1,0,1,0,20170515,151829,Final,0
aif131224g07103.hdf5,70004233,7101,1,0,1,0,20170515,151829,Final,0
aif130324g.7100.hdf5,70004234,7100,3,0,1,0,20170515,151829,Final,0
aif130324g.7101.hdf5,70004234,7101,3,0,1,0,20170515,151829,Final,0
aif130324g.07102.hdf5,70004234,7100,1,0,1,0,20170515,151829,Final,0
aif130324g07103.hdf5,70004234,7101,1,0,1,0,20170515,151829,Final,0
aif131024g.7100.hdf5,70004235,7100,3,0,1,0,20170515,151835,Final,0
aif131024g.7101.hdf5,70004235,7101,3,0,1,0,20170515,151835,Final,0
aif131024g.07102.hdf5,70004235,7100,1,0,1,0,20170515,151835,Final,0
aif131024g07103.hdf5,70004235,7101,1,0,1,0,20170515,151835,Final,0
aif130924g.7100.hdf5,70004236,7100,3,0,1,0,20170515,151835,Final,0
aif130924g.7101.hdf5,70004236,7101,3,0,1,0,20170515,151835,Final,0
aif130924g.07102.hdf5,70004236,7100,3,0,1,0,20170515,151835,Final,0
aif130924g07103.hdf5,70004236,7101,3,0,1,0,20170515,151835,Final,0
aif130924g.07103.hdf5,70004236,7100,1,0,1,0,20170515,151835,Final,0
aif130924g07104.hdf5,70004236,7101,1,0,1,0,20170515,151835,Final,0
aif131225g.7100.hdf5,70004237,7100,3,0,1,0,20170515,151829,Final,0
aif131225g.7101.hdf5,70004237,7101,3,0,1,0,20170515,151829,Final,0
aif131225g.07102.hdf5,70004237,7100,1,0,1,0,20170515,151829,Final,0
aif131225g07103.hdf5,70004237,7101,1,0,1,0,20170515,151829,Final,0
aif131125g.7100.hdf5,70004238,7100,3,0,1,0,20170515,151827,Final,0
aif131125g.7101.hdf5,70004238,7101,3,0,1,0,20170515,151827,Final,0
aif131125g.07102.hdf5,70004238,7100,1,0,1,0,20170515,151827,Final,0
aif131125g07103.hdf5,70004238,7101,1,0,1,0,20170515,151827,Final,0
aif131025g.7100.hdf5,70004239,7100,3,0,1,0,20170515,151827,Final,0
aif131025g.7101.hdf5,70004239,7101,3,0,1,0,20170515,151827,Final,0
aif131025g.07102.hdf5,70004239,7100,1,0,1,0,20170515,151827,Final,0
aif131025g07103.hdf5,70004239,7101,1,0,1,0,20170515,151827,Final,0
aif130925g.7100.hdf5,70004240,7100,3,0,1,0,20170515,151831,Final,0
aif130925g.7101.hdf5,70004240,7101,3,0,1,0,20170515,151831,Final,0
aif130925g.07102.hdf5,70004240,7100,1,0,1,0,20170515,151831,Final,0
aif130925g07103.hdf5,70004240,7101,1,0,1,0,20170515,151831,Final,0
aif130826g.7100.hdf5,70004241,7100,3,0,1,0,20170515,151825,Final,0
aif130826g.7101.hdf5,70004241,7101,3,0,1,0,20170515,151825,Final,0
aif130826g.07102.hdf5,70004241,7100,1,0,1,0,20170515,151825,Final,0
aif130826g07103.hdf5,70004241,7101,1,0,1,0,20170515,151825,Final,0
aif131226g.7100.hdf5,70004242,7100,3,0,1,0,20170515,151832,Final,0
aif131226g.7101.hdf5,70004242,7101,3,0,1,0,20170515,151832,Final,0
aif131226g.07102.hdf5,70004242,7100,1,0,1,0,20170515,151832,Final,0
aif131226g07103.hdf5,70004242,7101,1,0,1,0,20170515,151832,Final,0
aif131126g.7100.hdf5,70004243,7100,3,0,1,0,20170515,151829,Final,0
aif131126g.7101.hdf5,70004243,7101,3,0,1,0,20170515,151829,Final,0
aif131126g.07102.hdf5,70004243,7100,1,0,1,0,20170515,151829,Final,0
aif131126g07103.hdf5,70004243,7101,1,0,1,0,20170515,151829,Final,0
aif131026g.7100.hdf5,70004244,7100,3,0,1,0,20170515,151833,Final,0
aif131026g.7101.hdf5,70004244,7101,3,0,1,0,20170515,151833,Final,0
aif131026g.07102.hdf5,70004244,7100,1,0,1,0,20170515,151833,Final,0
aif131026g07103.hdf5,70004244,7101,1,0,1,0,20170515,151833,Final,0
aif130926g.7100.hdf5,70004245,7100,3,0,1,0,20170515,151824,Final,0
aif130926g.7101.hdf5,70004245,7101,3,0,1,0,20170515,151824,Final,0
aif130926g.07102.hdf5,70004245,7100,1,0,1,0,20170515,151824,Final,0
aif130926g07103.hdf5,70004245,7101,1,0,1,0,20170515,151824,Final,0
aif130827g.7100.hdf5,70004246,7100,3,0,1,0,20170515,151824,Final,0
aif130827g.7101.hdf5,70004246,7101,3,0,1,0,20170515,151824,Final,0
aif130827g.07102.hdf5,70004246,7100,1,0,1,0,20170515,151824,Final,0
aif130827g07103.hdf5,70004246,7101,1,0,1,0,20170515,151824,Final,0
aif131227g.7100.hdf5,70004247,7100,3,0,1,0,20170515,151824,Final,0
aif131227g.7101.hdf5,70004247,7101,3,0,1,0,20170515,151824,Final,0
aif131227g.07102.hdf5,70004247,7100,1,0,1,0,20170515,151824,Final,0
aif131227g07103.hdf5,70004247,7101,1,0,1,0,20170515,151824,Final,0
aif130727g.7100.hdf5,70004248,7100,3,0,1,0,20170515,151836,Final,0
aif130727g.7101.hdf5,70004248,7101,3,0,1,0,20170515,151836,Final,0
aif130727g.07102.hdf5,70004248,7100,1,0,1,0,20170515,151836,Final,0
aif130727g07103.hdf5,70004248,7101,1,0,1,0,20170515,151836,Final,0
aif130627g.7100.hdf5,70004249,7100,3,0,1,0,20170515,151833,Final,0
aif130627g.7101.hdf5,70004249,7101,3,0,1,0,20170515,151833,Final,0
aif130627g.07102.hdf5,70004249,7100,1,0,1,0,20170515,151833,Final,0
aif130627g07103.hdf5,70004249,7101,1,0,1,0,20170515,151833,Final,0
aif131027g.7100.hdf5,70004250,7100,3,0,1,0,20170515,151831,Final,0
aif131027g.7101.hdf5,70004250,7101,3,0,1,0,20170515,151831,Final,0
aif131027g.07102.hdf5,70004250,7100,1,0,1,0,20170515,151831,Final,0
aif131027g07103.hdf5,70004250,7101,1,0,1,0,20170515,151831,Final,0
aif130927g.7100.hdf5,70004251,7100,3,0,1,0,20170515,151835,Final,0
aif130927g.7101.hdf5,70004251,7101,3,0,1,0,20170515,151835,Final,0
aif130927g.07102.hdf5,70004251,7100,1,0,1,0,20170515,151835,Final,0
aif130927g07103.hdf5,70004251,7101,1,0,1,0,20170515,151835,Final,0
aif130828g.7100.hdf5,70004252,7100,3,0,1,0,20170515,151826,Final,0
aif130828g.7101.hdf5,70004252,7101,3,0,1,0,20170515,151826,Final,0
aif130828g.07102.hdf5,70004252,7100,1,0,1,0,20170515,151826,Final,0
aif130828g07103.hdf5,70004252,7101,1,0,1,0,20170515,151826,Final,0
aif131228g.7100.hdf5,70004253,7100,3,0,1,0,20170515,151827,Final,0
aif131228g.7101.hdf5,70004253,7101,3,0,1,0,20170515,151827,Final,0
aif131228g.07102.hdf5,70004253,7100,1,0,1,0,20170515,151827,Final,0
aif131228g07103.hdf5,70004253,7101,1,0,1,0,20170515,151827,Final,0
aif130128g.7100.hdf5,70004254,7100,3,0,1,0,20170515,151832,Final,0
aif130128g.7101.hdf5,70004254,7101,3,0,1,0,20170515,151832,Final,0
aif130128g.07102.hdf5,70004254,7100,1,0,1,0,20170515,151832,Final,0
aif130128g07103.hdf5,70004254,7101,1,0,1,0,20170515,151832,Final,0
aif130728g.7100.hdf5,70004255,7100,3,0,1,0,20170515,151825,Final,0
aif130728g.7101.hdf5,70004255,7101,3,0,1,0,20170515,151825,Final,0
aif130728g.07102.hdf5,70004255,7100,3,0,1,0,20170515,151825,Final,0
aif130728g07103.hdf5,70004255,7101,3,0,1,0,20170515,151825,Final,0
aif130728g.07103.hdf5,70004255,7100,1,0,1,0,20170515,151825,Final,0
aif130728g07104.hdf5,70004255,7101,1,0,1,0,20170515,151825,Final,0
aif130628g.7100.hdf5,70004256,7100,3,0,1,0,20170515,151829,Final,0
aif130628g.7101.hdf5,70004256,7101,3,0,1,0,20170515,151829,Final,0
aif130628g.07102.hdf5,70004256,7100,1,0,1,0,20170515,151829,Final,0
aif130628g07103.hdf5,70004256,7101,1,0,1,0,20170515,151829,Final,0
aif131128g.7100.hdf5,70004257,7100,3,0,1,0,20170515,151832,Final,0
aif131128g.7101.hdf5,70004257,7101,3,0,1,0,20170515,151832,Final,0
aif131128g.07102.hdf5,70004257,7100,1,0,1,0,20170515,151832,Final,0
aif131128g07103.hdf5,70004257,7101,1,0,1,0,20170515,151832,Final,0
aif131028g.7100.hdf5,70004258,7100,3,0,1,0,20170515,151829,Final,0
aif131028g.7101.hdf5,70004258,7101,3,0,1,0,20170515,151829,Final,0
aif131028g.07102.hdf5,70004258,7100,1,0,1,0,20170515,151829,Final,0
aif131028g07103.hdf5,70004258,7101,1,0,1,0,20170515,151829,Final,0
aif130928g.7100.hdf5,70004259,7100,3,0,1,0,20170515,151835,Final,0
aif130928g.7101.hdf5,70004259,7101,3,0,1,0,20170515,151835,Final,0
aif130928g.07102.hdf5,70004259,7100,1,0,1,0,20170515,151835,Final,0
aif130928g07103.hdf5,70004259,7101,1,0,1,0,20170515,151835,Final,0
aif130429g.7100.hdf5,70004260,7100,3,0,1,0,20170515,151834,Final,0
aif130429g.7101.hdf5,70004260,7101,3,0,1,0,20170515,151834,Final,0
aif130429g.07102.hdf5,70004260,7100,1,0,1,0,20170515,151834,Final,0
aif130429g07103.hdf5,70004260,7101,1,0,1,0,20170515,151834,Final,0
aif131229g.7100.hdf5,70004261,7100,3,0,1,0,20170515,151825,Final,0
aif131229g.7101.hdf5,70004261,7101,3,0,1,0,20170515,151825,Final,0
aif131229g.07102.hdf5,70004261,7100,1,0,1,0,20170515,151825,Final,0
aif131229g07103.hdf5,70004261,7101,1,0,1,0,20170515,151825,Final,0
aif130129g.7100.hdf5,70004262,7100,3,0,1,0,20170515,151832,Final,0
aif130129g.7101.hdf5,70004262,7101,3,0,1,0,20170515,151832,Final,0
aif130129g.07102.hdf5,70004262,7100,1,0,1,0,20170515,151832,Final,0
aif130129g07103.hdf5,70004262,7101,1,0,1,0,20170515,151832,Final,0
aif130729g.7100.hdf5,70004263,7100,3,0,1,0,20170515,151825,Final,0
aif130729g.7101.hdf5,70004263,7101,3,0,1,0,20170515,151825,Final,0
aif130729g.07102.hdf5,70004263,7100,1,0,1,0,20170515,151825,Final,0
aif130729g07103.hdf5,70004263,7101,1,0,1,0,20170515,151825,Final,0
aif130629g.7100.hdf5,70004264,7100,3,0,1,0,20170515,151836,Final,0
aif130629g.7101.hdf5,70004264,7101,3,0,1,0,20170515,151836,Final,0
aif130629g.07102.hdf5,70004264,7100,1,0,1,0,20170515,151836,Final,0
aif130629g07103.hdf5,70004264,7101,1,0,1,0,20170515,151836,Final,0
aif130529g.7100.hdf5,70004265,7100,3,0,1,0,20170515,151835,Final,0
aif130529g.7101.hdf5,70004265,7101,3,0,1,0,20170515,151835,Final,0
aif130529g.07102.hdf5,70004265,7100,1,0,1,0,20170515,151835,Final,0
aif130529g07103.hdf5,70004265,7101,1,0,1,0,20170515,151835,Final,0
aif131129g.7100.hdf5,70004266,7100,3,0,1,0,20170515,151832,Final,0
aif131129g.7101.hdf5,70004266,7101,3,0,1,0,20170515,151832,Final,0
aif131129g.07102.hdf5,70004266,7100,1,0,1,0,20170515,151832,Final,0
aif131129g07103.hdf5,70004266,7101,1,0,1,0,20170515,151832,Final,0
aif131029g.7100.hdf5,70004267,7100,3,0,1,0,20170515,151829,Final,0
aif131029g.7101.hdf5,70004267,7101,3,0,1,0,20170515,151829,Final,0
aif131029g.07102.hdf5,70004267,7100,1,0,1,0,20170515,151829,Final,0
aif131029g07103.hdf5,70004267,7101,1,0,1,0,20170515,151829,Final,0
aif130929g.7100.hdf5,70004268,7100,3,0,1,0,20170515,151828,Final,0
aif130929g.7101.hdf5,70004268,7101,3,0,1,0,20170515,151828,Final,0
aif130929g.07102.hdf5,70004268,7100,1,0,1,0,20170515,151828,Final,0
aif130929g07103.hdf5,70004268,7101,1,0,1,0,20170515,151828,Final,0
aif130430g.7100.hdf5,70004269,7100,3,0,1,0,20170515,151823,Final,0
aif130430g.7101.hdf5,70004269,7101,3,0,1,0,20170515,151823,Final,0
aif130430g.07102.hdf5,70004269,7100,1,0,1,0,20170515,151823,Final,0
aif130430g07103.hdf5,70004269,7101,1,0,1,0,20170515,151823,Final,0
aif130829g.7100.hdf5,70004270,7100,3,0,1,0,20170515,151835,Final,0
aif130829g.7101.hdf5,70004270,7101,3,0,1,0,20170515,151835,Final,0
aif130829g.07102.hdf5,70004270,7100,1,0,1,0,20170515,151835,Final,0
aif130829g07103.hdf5,70004270,7101,1,0,1,0,20170515,151835,Final,0
aif130830g.7100.hdf5,70004271,7100,3,0,1,0,20170515,151831,Final,0
aif130830g.7101.hdf5,70004271,7101,3,0,1,0,20170515,151831,Final,0
aif130830g.07102.hdf5,70004271,7100,1,0,1,0,20170515,151831,Final,0
aif130830g07103.hdf5,70004271,7101,1,0,1,0,20170515,151831,Final,0
aif131230g.7100.hdf5,70004272,7100,3,0,1,0,20170515,151824,Final,0
aif131230g.7101.hdf5,70004272,7101,3,0,1,0,20170515,151824,Final,0
aif131230g.07102.hdf5,70004272,7100,1,0,1,0,20170515,151824,Final,0
aif131230g07103.hdf5,70004272,7101,1,0,1,0,20170515,151824,Final,0
aif130130g.7100.hdf5,70004273,7100,3,0,1,0,20170515,151832,Final,0
aif130130g.7101.hdf5,70004273,7101,3,0,1,0,20170515,151832,Final,0
aif130130g.07102.hdf5,70004273,7100,1,0,1,0,20170515,151832,Final,0
aif130130g07103.hdf5,70004273,7101,1,0,1,0,20170515,151832,Final,0
aif130730g.7100.hdf5,70004274,7100,3,0,1,0,20170515,151836,Final,0
aif130730g.7101.hdf5,70004274,7101,3,0,1,0,20170515,151836,Final,0
aif130730g.07102.hdf5,70004274,7100,1,0,1,0,20170515,151836,Final,0
aif130730g07103.hdf5,70004274,7101,1,0,1,0,20170515,151836,Final,0
aif130630g.7100.hdf5,70004275,7100,3,0,1,0,20170515,151833,Final,0
aif130630g.7101.hdf5,70004275,7101,3,0,1,0,20170515,151833,Final,0
aif130630g.07102.hdf5,70004275,7100,1,0,1,0,20170515,151833,Final,0
aif130630g07103.hdf5,70004275,7101,1,0,1,0,20170515,151833,Final,0
aif130530g.7100.hdf5,70004276,7100,3,0,1,0,20170515,151824,Final,0
aif130530g.7101.hdf5,70004276,7101,3,0,1,0,20170515,151824,Final,0
aif130530g.07102.hdf5,70004276,7100,1,0,1,0,20170515,151824,Final,0
aif130530g07103.hdf5,70004276,7101,1,0,1,0,20170515,151824,Final,0
aif131130g.7100.hdf5,70004277,7100,3,0,1,0,20170515,151827,Final,0
aif131130g.7101.hdf5,70004277,7101,3,0,1,0,20170515,151827,Final,0
aif131130g.07102.hdf5,70004277,7100,1,0,1,0,20170515,151827,Final,0
aif131130g07103.hdf5,70004277,7101,1,0,1,0,20170515,151827,Final,0
aif131231g.7100.hdf5,70004278,7100,3,0,1,0,20170515,151826,Final,0
aif131231g.7101.hdf5,70004278,7101,3,0,1,0,20170515,151826,Final,0
aif131231g.07102.hdf5,70004278,7100,1,0,1,0,20170515,151826,Final,0
aif131231g07103.hdf5,70004278,7101,1,0,1,0,20170515,151826,Final,0
aif130131g.7100.hdf5,70004279,7100,3,0,1,0,20170515,151824,Final,0
aif130131g.7101.hdf5,70004279,7101,3,0,1,0,20170515,151824,Final,0
aif130131g.07102.hdf5,70004279,7100,1,0,1,0,20170515,151824,Final,0
aif130131g07103.hdf5,70004279,7101,1,0,1,0,20170515,151824,Final,0
aif130731g.7100.hdf5,70004280,7100,3,0,1,0,20170515,151833,Final,0
aif130731g.7101.hdf5,70004280,7101,3,0,1,0,20170515,151833,Final,0
aif130731g.07102.hdf5,70004280,7100,1,0,1,0,20170515,151833,Final,0
aif130731g07103.hdf5,70004280,7101,1,0,1,0,20170515,151833,Final,0
aif130331g.7100.hdf5,70004281,7100,3,0,1,0,20170515,151825,Final,0
aif130331g.7101.hdf5,70004281,7101,3,0,1,0,20170515,151825,Final,0
aif130331g.07102.hdf5,70004281,7100,1,0,1,0,20170515,151825,Final,0
aif130331g07103.hdf5,70004281,7101,1,0,1,0,20170515,151825,Final,0
aif130531g.7100.hdf5,70004282,7100,3,0,1,0,20170515,151832,Final,0
aif130531g.7101.hdf5,70004282,7101,3,0,1,0,20170515,151832,Final,0
aif130531g.07102.hdf5,70004282,7100,1,0,1,0,20170515,151832,Final,0
aif130531g07103.hdf5,70004282,7101,1,0,1,0,20170515,151832,Final,0
aif131031g.7100.hdf5,70004283,7100,3,0,1,0,20170515,151825,Final,0
aif131031g.7101.hdf5,70004283,7101,3,0,1,0,20170515,151825,Final,0
aif131031g.07102.hdf5,70004283,7100,1,0,1,0,20170515,151825,Final,0
aif131031g07103.hdf5,70004283,7101,1,0,1,0,20170515,151825,Final,0
t1193_04nov2013gr.out.hdf5,70004284,2010,3,0,1,0,20170515,152048,History,0
04nov2013gr.out.hdf5,70004284,2010,1,0,1,0,20170515,152048,Final,0
aro20131105plg.001.hdf5,70004285,2040,1,0,1,0,20170515,152012,FINAL,0
aro20131106plg.001.hdf5,70004286,2040,1,0,1,0,20170515,152022,FINAL,0
aro20131107plg.001.hdf5,70004287,2040,1,0,1,0,20170515,152032,FINAL,0
08jan2013gr.out.hdf5,70004288,2010,3,0,1,0,20170515,152128,Preliminary Ne still need final calibration,0
08jan2013gr.out.1.hdf5,70004288,2010,3,0,1,0,20170515,152128,History,0
08jan2013gr.out.2.hdf5,70004288,2010,3,0,1,0,20170515,152048,History,0
08jan2013gr.out.3.hdf5,70004288,2010,3,0,1,0,20170515,152128,History,0
aro20130108mrag.001.hdf5,70004288,2010,1,0,1,0,20170515,152128,Final,0
aro20130108bneg.000.hdf5,70004288,2015,1,0,1,0,20170515,152128,Preliminary - final calibration pending,0
08jul2013gr.out.hdf5,70004289,2010,3,0,1,0,20170515,151921,History,0
08jul2013gr.out.1.hdf5,70004289,2010,3,0,1,0,20170515,151850,History,0
aro20130708mrag.001.hdf5,70004289,2010,1,0,1,0,20170515,151921,Final,0
aro20130708bneg.000.hdf5,70004289,2015,1,0,1,0,20170515,151921,Preliminary_10_seconds_integration,0
aro20131108plg.001.hdf5,70004290,2040,1,0,1,0,20170515,152032,FINAL,0
aro20130109plg.001.hdf5,70004291,2040,1,0,1,0,20170515,151936,FINAL,0
aro20130709plg.001.hdf5,70004292,2041,1,0,1,0,20170515,152042,FINAL,0
aro20130110plg.001.hdf5,70004293,2040,1,0,1,0,20170515,152022,FINAL,0
aro20130710plg.001.hdf5,70004294,2041,1,0,1,0,20170515,151942,FINAL,0
aro20130111plg.001.hdf5,70004295,2040,1,0,1,0,20170515,152025,FINAL,0
aro20130711plg.001.hdf5,70004296,2041,1,0,1,0,20170515,151930,FINAL,0
aro20130712plg.001.hdf5,70004297,2041,1,0,1,0,20170515,152035,FINAL,0
16jan2013gr.out.hdf5,70004298,2010,3,0,1,0,20170515,152010,History,0
16jan2013gr.out.1.hdf5,70004298,2010,3,0,1,0,20170515,152010,History,0
aro20130116mrag.001.hdf5,70004298,2010,1,0,1,0,20170515,152010,Final,0
aro20130116bneg.000.hdf5,70004298,2015,1,0,1,0,20170515,152010,History,0
aro20130117plg.001.hdf5,70004299,2040,1,0,1,0,20170515,152133,FINAL,0
aro20130118plg.001.hdf5,70004300,2040,1,0,1,0,20170515,151942,FINAL,0
t1193_04nov2013lf.out.hdf5,70004301,2010,3,0,1,0,20170515,152453,History,0
04nov2013lf.out.hdf5,70004301,2010,1,0,1,0,20170515,152453,Final,0
aro20131104bnel.000.hdf5,70004301,2015,1,0,1,0,20170515,152453,Preliminary_10_seconds_integration,0
08jan2013lf.out.hdf5,70004302,2010,1,0,1,0,20170515,152501,Final,0
08jul2013lf.out.hdf5,70004303,2010,3,0,1,0,20170515,152333,History,0
08jul2013lf.out.1.hdf5,70004303,2010,1,0,1,0,20170515,152318,Final,0
aro20130708bnel.000.hdf5,70004303,2015,1,0,1,0,20170515,152333,Preliminary_10_seconds_integration,0
aro20131108pll.001.hdf5,70004304,2040,1,0,1,0,20170515,152445,FINAL,0
t1193_09jul2013lf.out.hdf5,70004305,2010,1,0,1,0,20170515,152448,Realtime –very preliminary data,0
t1193_10jul2013lf.out.hdf5,70004306,2010,1,0,1,0,20170515,152415,Realtime –very preliminary data,0
12apr2013lf.out.hdf5,70004307,2010,3,0,1,0,20170515,152354,History,0
12apr2013lf.out.1.hdf5,70004307,2010,1,0,1,0,20170515,152354,Final,0
aro20130412bnel.000.hdf5,70004307,2015,1,0,1,0,20170515,152354,Preliminary_10_seconds_integration,0
aro20130112pll.001.hdf5,70004308,2040,1,0,1,0,20170515,152355,FINAL,0
aro20130413pll.001.hdf5,70004309,2040,1,0,1,0,20170515,152427,FINAL,0
aro20130113pll.001.hdf5,70004310,2040,1,0,1,0,20170515,152442,FINAL,0
aro20130414pll.001.hdf5,70004311,2040,1,0,1,0,20170515,152421,FINAL,0
aro20130114pll.001.hdf5,70004312,2040,1,0,1,0,20170515,152429,FINAL,0
aro20130415pll.001.hdf5,70004313,2040,1,0,1,0,20170515,152410,FINAL,0
aro20130115pll.001.hdf5,70004314,2040,1,0,1,0,20170515,152334,FINAL,0
aro20130116pll.001.hdf5,70004315,2040,1,0,1,0,20170515,152427,FINAL,0
18jan2013lf.out.hdf5,70004316,2010,3,0,1,0,20170515,152355,History,0
18jan2013lf.out.1.hdf5,70004316,2010,1,0,1,0,20170515,152410,Final,0
aro20130119pll.001.hdf5,70004317,2040,1,0,1,0,20170515,152439,FINAL,0
aro20130120pll.001.hdf5,70004318,2040,1,0,1,0,20170515,152434,FINAL,0
aro20130121pll.001.hdf5,70004319,2040,1,0,1,0,20170515,152448,FINAL,0
t1193_04nov2013lf.out.hdf5,70004320,2011,1,0,1,0,20170515,152222,Realtime –very preliminary data,0
08jul2013lf.out.hdf5,70004321,2011,3,0,1,0,20170515,152222,History,0
08jul2013lf.out.1.hdf5,70004321,2011,1,0,1,0,20170515,152222,Final,0
t1193_09jul2013lf.out.hdf5,70004322,2011,1,0,1,0,20170515,152222,Realtime –very preliminary data,0
t1193_10jul2013lf.out.hdf5,70004323,2011,1,0,1,0,20170515,152222,Realtime –very preliminary data,0
12apr2013lf.out.hdf5,70004324,2011,3,0,1,0,20170515,152222,History,0
12apr2013lf.out.1.hdf5,70004324,2011,3,0,1,0,20170515,152222,History,0
aro20130412vecF.001.hdf5,70004324,2011,1,0,1,0,20170515,152222,Final,0
18jan2013lf.out.hdf5,70004325,2011,3,0,1,0,20170515,152222,History,0
18jan2013lf.out.1.hdf5,70004325,2011,3,0,1,0,20170515,152222,History,0
aro20130118vecF.001.hdf5,70004325,2011,1,0,1,0,20170515,152222,Final,0
aai20140401.00001.hdf5,70004326,20,1,0,1,0,20170515,165142,Final,0
aai20140801.00001.hdf5,70004327,20,1,0,1,0,20170515,165142,Final,0
aai20141201.00001.hdf5,70004328,20,1,0,1,0,20170515,165143,Final,0
aai20140201.00001.hdf5,70004329,20,1,0,1,0,20170515,165146,Final,0
aai20140101.00001.hdf5,70004330,20,1,0,1,0,20170515,165142,Final,0
aai20140701.00001.hdf5,70004331,20,1,0,1,0,20170515,165146,Final,0
aai20140601.00001.hdf5,70004332,20,1,0,1,0,20170515,165142,Final,0
aai20140301.00001.hdf5,70004333,20,1,0,1,0,20170515,165145,Final,0
aai20140501.00001.hdf5,70004334,20,1,0,1,0,20170515,165146,Final,0
aai20141101.00001.hdf5,70004335,20,1,0,1,0,20170515,165142,Final,0
aai20141001.00001.hdf5,70004336,20,1,0,1,0,20170515,165146,Final,0
aai20140901.00001.hdf5,70004337,20,1,0,1,0,20170515,165142,Final,0
aai20140402.00001.hdf5,70004338,20,1,0,1,0,20170515,165146,Final,0
aai20140802.00001.hdf5,70004339,20,1,0,1,0,20170515,165142,Final,0
aai20141202.00001.hdf5,70004340,20,1,0,1,0,20170515,165142,Final,0
aai20140202.00001.hdf5,70004341,20,1,0,1,0,20170515,165141,Final,0
aai20140102.00001.hdf5,70004342,20,1,0,1,0,20170515,165146,Final,0
aai20140702.00001.hdf5,70004343,20,1,0,1,0,20170515,165142,Final,0
aai20140602.00001.hdf5,70004344,20,1,0,1,0,20170515,165143,Final,0
aai20140302.00001.hdf5,70004345,20,1,0,1,0,20170515,165144,Final,0
aai20140502.00001.hdf5,70004346,20,1,0,1,0,20170515,165147,Final,0
aai20141102.00001.hdf5,70004347,20,1,0,1,0,20170515,165143,Final,0
aai20141002.00001.hdf5,70004348,20,1,0,1,0,20170515,165142,Final,0
aai20140902.00001.hdf5,70004349,20,1,0,1,0,20170515,165146,Final,0
aai20140403.00001.hdf5,70004350,20,1,0,1,0,20170515,165144,Final,0
aai20140803.00001.hdf5,70004351,20,1,0,1,0,20170515,165143,Final,0
aai20141203.00001.hdf5,70004352,20,1,0,1,0,20170515,165142,Final,0
aai20140203.00001.hdf5,70004353,20,1,0,1,0,20170515,165144,Final,0
aai20140103.00001.hdf5,70004354,20,1,0,1,0,20170515,165143,Final,0
aai20140703.00001.hdf5,70004355,20,1,0,1,0,20170515,165143,Final,0
aai20140603.00001.hdf5,70004356,20,1,0,1,0,20170515,165144,Final,0
aai20140303.00001.hdf5,70004357,20,1,0,1,0,20170515,165142,Final,0
aai20140503.00001.hdf5,70004358,20,1,0,1,0,20170515,165147,Final,0
aai20141103.00001.hdf5,70004359,20,1,0,1,0,20170515,165143,Final,0
aai20141003.00001.hdf5,70004360,20,1,0,1,0,20170515,165145,Final,0
aai20140903.00001.hdf5,70004361,20,1,0,1,0,20170515,165143,Final,0
aai20140404.00001.hdf5,70004362,20,1,0,1,0,20170515,165143,Final,0
aai20140804.00001.hdf5,70004363,20,1,0,1,0,20170515,165146,Final,0
aai20141204.00001.hdf5,70004364,20,1,0,1,0,20170515,165144,Final,0
aai20140204.00001.hdf5,70004365,20,1,0,1,0,20170515,165146,Final,0
aai20140104.00001.hdf5,70004366,20,1,0,1,0,20170515,165144,Final,0
aai20140704.00001.hdf5,70004367,20,1,0,1,0,20170515,165142,Final,0
aai20140604.00001.hdf5,70004368,20,1,0,1,0,20170515,165143,Final,0
aai20140304.00001.hdf5,70004369,20,1,0,1,0,20170515,165143,Final,0
aai20140504.00001.hdf5,70004370,20,1,0,1,0,20170515,165146,Final,0
aai20141104.00001.hdf5,70004371,20,1,0,1,0,20170515,165147,Final,0
aai20141004.00001.hdf5,70004372,20,1,0,1,0,20170515,165146,Final,0
aai20140904.00001.hdf5,70004373,20,1,0,1,0,20170515,165144,Final,0
aai20140405.00001.hdf5,70004374,20,1,0,1,0,20170515,165143,Final,0
aai20140805.00001.hdf5,70004375,20,1,0,1,0,20170515,165145,Final,0
aai20141205.00001.hdf5,70004376,20,1,0,1,0,20170515,165141,Final,0
aai20140205.00001.hdf5,70004377,20,1,0,1,0,20170515,165147,Final,0
aai20140105.00001.hdf5,70004378,20,1,0,1,0,20170515,165146,Final,0
aai20140705.00001.hdf5,70004379,20,1,0,1,0,20170515,165141,Final,0
aai20140605.00001.hdf5,70004380,20,1,0,1,0,20170515,165146,Final,0
aai20140305.00001.hdf5,70004381,20,1,0,1,0,20170515,165146,Final,0
aai20140505.00001.hdf5,70004382,20,1,0,1,0,20170515,165141,Final,0
aai20141105.00001.hdf5,70004383,20,1,0,1,0,20170515,165141,Final,0
aai20141005.00001.hdf5,70004384,20,1,0,1,0,20170515,165141,Final,0
aai20140905.00001.hdf5,70004385,20,1,0,1,0,20170515,165146,Final,0
aai20140406.00001.hdf5,70004386,20,1,0,1,0,20170515,165145,Final,0
aai20140806.00001.hdf5,70004387,20,1,0,1,0,20170515,165145,Final,0
aai20140206.00001.hdf5,70004388,20,1,0,1,0,20170515,165146,Final,0
aai20140106.00001.hdf5,70004389,20,1,0,1,0,20170515,165143,Final,0
aai20140706.00001.hdf5,70004390,20,1,0,1,0,20170515,165146,Final,0
aai20140606.00001.hdf5,70004391,20,1,0,1,0,20170515,165141,Final,0
aai20140306.00001.hdf5,70004392,20,1,0,1,0,20170515,165146,Final,0
aai20140506.00001.hdf5,70004393,20,1,0,1,0,20170515,165146,Final,0
aai20141006.00001.hdf5,70004394,20,1,0,1,0,20170515,165142,Final,0
aai20140906.00001.hdf5,70004395,20,1,0,1,0,20170515,165142,Final,0
aai20140407.00001.hdf5,70004396,20,1,0,1,0,20170515,165145,Final,0
aai20140807.00001.hdf5,70004397,20,1,0,1,0,20170515,165147,Final,0
aai20140207.00001.hdf5,70004398,20,1,0,1,0,20170515,165142,Final,0
aai20140107.00001.hdf5,70004399,20,1,0,1,0,20170515,165142,Final,0
aai20140707.00001.hdf5,70004400,20,1,0,1,0,20170515,165141,Final,0
aai20140607.00001.hdf5,70004401,20,1,0,1,0,20170515,165142,Final,0
aai20140307.00001.hdf5,70004402,20,1,0,1,0,20170515,165146,Final,0
aai20140507.00001.hdf5,70004403,20,1,0,1,0,20170515,165144,Final,0
aai20141007.00001.hdf5,70004404,20,1,0,1,0,20170515,165141,Final,0
aai20140907.00001.hdf5,70004405,20,1,0,1,0,20170515,165141,Final,0
aai20140408.00001.hdf5,70004406,20,1,0,1,0,20170515,165142,Final,0
aai20140808.00001.hdf5,70004407,20,1,0,1,0,20170515,165142,Final,0
aai20141208.00001.hdf5,70004408,20,1,0,1,0,20170515,165147,Final,0
aai20140208.00001.hdf5,70004409,20,1,0,1,0,20170515,165144,Final,0
aai20140108.00001.hdf5,70004410,20,1,0,1,0,20170515,165142,Final,0
aai20140708.00001.hdf5,70004411,20,1,0,1,0,20170515,165142,Final,0
aai20140608.00001.hdf5,70004412,20,1,0,1,0,20170515,165145,Final,0
aai20140308.00001.hdf5,70004413,20,1,0,1,0,20170515,165143,Final,0
aai20140508.00001.hdf5,70004414,20,1,0,1,0,20170515,165142,Final,0
aai20141108.00001.hdf5,70004415,20,1,0,1,0,20170515,165141,Final,0
aai20140409.00001.hdf5,70004416,20,1,0,1,0,20170515,165143,Final,0
aai20140809.00001.hdf5,70004417,20,1,0,1,0,20170515,165144,Final,0
aai20141209.00001.hdf5,70004418,20,1,0,1,0,20170515,165144,Final,0
aai20140209.00001.hdf5,70004419,20,1,0,1,0,20170515,165141,Final,0
aai20140109.00001.hdf5,70004420,20,1,0,1,0,20170515,165145,Final,0
aai20140709.00001.hdf5,70004421,20,1,0,1,0,20170515,165145,Final,0
aai20140609.00001.hdf5,70004422,20,1,0,1,0,20170515,165145,Final,0
aai20140309.00001.hdf5,70004423,20,1,0,1,0,20170515,165141,Final,0
aai20140509.00001.hdf5,70004424,20,1,0,1,0,20170515,165141,Final,0
aai20141109.00001.hdf5,70004425,20,1,0,1,0,20170515,165145,Final,0
aai20140410.00001.hdf5,70004426,20,1,0,1,0,20170515,165142,Final,0
aai20141210.00001.hdf5,70004427,20,1,0,1,0,20170515,165146,Final,0
aai20140210.00001.hdf5,70004428,20,1,0,1,0,20170515,165142,Final,0
aai20140110.00001.hdf5,70004429,20,1,0,1,0,20170515,165145,Final,0
aai20140710.00001.hdf5,70004430,20,1,0,1,0,20170515,165144,Final,0
aai20140610.00001.hdf5,70004431,20,1,0,1,0,20170515,165142,Final,0
aai20140310.00001.hdf5,70004432,20,1,0,1,0,20170515,165142,Final,0
aai20140510.00001.hdf5,70004433,20,1,0,1,0,20170515,165141,Final,0
aai20141110.00001.hdf5,70004434,20,1,0,1,0,20170515,165144,Final,0
aai20141010.00001.hdf5,70004435,20,1,0,1,0,20170515,165142,Final,0
aai20140910.00001.hdf5,70004436,20,1,0,1,0,20170515,165143,Final,0
aai20140411.00001.hdf5,70004437,20,1,0,1,0,20170515,165147,Final,0
aai20141211.00001.hdf5,70004438,20,1,0,1,0,20170515,165146,Final,0
aai20140211.00001.hdf5,70004439,20,1,0,1,0,20170515,165144,Final,0
aai20140111.00001.hdf5,70004440,20,1,0,1,0,20170515,165145,Final,0
aai20140711.00001.hdf5,70004441,20,1,0,1,0,20170515,165147,Final,0
aai20140611.00001.hdf5,70004442,20,1,0,1,0,20170515,165145,Final,0
aai20140311.00001.hdf5,70004443,20,1,0,1,0,20170515,165146,Final,0
aai20140511.00001.hdf5,70004444,20,1,0,1,0,20170515,165146,Final,0
aai20141111.00001.hdf5,70004445,20,1,0,1,0,20170515,165147,Final,0
aai20141011.00001.hdf5,70004446,20,1,0,1,0,20170515,165142,Final,0
aai20140911.00001.hdf5,70004447,20,1,0,1,0,20170515,165144,Final,0
aai20140412.00001.hdf5,70004448,20,1,0,1,0,20170515,165144,Final,0
aai20140812.00001.hdf5,70004449,20,1,0,1,0,20170515,165146,Final,0
aai20141212.00001.hdf5,70004450,20,1,0,1,0,20170515,165143,Final,0
aai20140212.00001.hdf5,70004451,20,1,0,1,0,20170515,165142,Final,0
aai20140112.00001.hdf5,70004452,20,1,0,1,0,20170515,165142,Final,0
aai20140312.00001.hdf5,70004453,20,1,0,1,0,20170515,165145,Final,0
aai20140512.00001.hdf5,70004454,20,1,0,1,0,20170515,165143,Final,0
aai20141112.00001.hdf5,70004455,20,1,0,1,0,20170515,165146,Final,0
aai20141012.00001.hdf5,70004456,20,1,0,1,0,20170515,165146,Final,0
aai20140912.00001.hdf5,70004457,20,1,0,1,0,20170515,165145,Final,0
aai20140413.00001.hdf5,70004458,20,1,0,1,0,20170515,165144,Final,0
aai20140813.00001.hdf5,70004459,20,1,0,1,0,20170515,165143,Final,0
aai20141213.00001.hdf5,70004460,20,1,0,1,0,20170515,165145,Final,0
aai20140213.00001.hdf5,70004461,20,1,0,1,0,20170515,165141,Final,0
aai20140113.00001.hdf5,70004462,20,1,0,1,0,20170515,165144,Final,0
aai20140713.00001.hdf5,70004463,20,1,0,1,0,20170515,165146,Final,0
aai20140313.00001.hdf5,70004464,20,1,0,1,0,20170515,165143,Final,0
aai20140513.00001.hdf5,70004465,20,1,0,1,0,20170515,165142,Final,0
aai20141113.00001.hdf5,70004466,20,1,0,1,0,20170515,165142,Final,0
aai20141013.00001.hdf5,70004467,20,1,0,1,0,20170515,165145,Final,0
aai20140913.00001.hdf5,70004468,20,1,0,1,0,20170515,165145,Final,0
aai20140814.00001.hdf5,70004469,20,1,0,1,0,20170515,165145,Final,0
aai20141214.00001.hdf5,70004470,20,1,0,1,0,20170515,165146,Final,0
aai20140114.00001.hdf5,70004471,20,1,0,1,0,20170515,165145,Final,0
aai20140714.00001.hdf5,70004472,20,1,0,1,0,20170515,165141,Final,0
aai20140614.00001.hdf5,70004473,20,1,0,1,0,20170515,165146,Final,0
aai20140314.00001.hdf5,70004474,20,1,0,1,0,20170515,165143,Final,0
aai20141114.00001.hdf5,70004475,20,1,0,1,0,20170515,165146,Final,0
aai20141014.00001.hdf5,70004476,20,1,0,1,0,20170515,165145,Final,0
aai20140914.00001.hdf5,70004477,20,1,0,1,0,20170515,165142,Final,0
aai20140815.00001.hdf5,70004478,20,1,0,1,0,20170515,165141,Final,0
aai20141215.00001.hdf5,70004479,20,1,0,1,0,20170515,165145,Final,0
aai20140715.00001.hdf5,70004480,20,1,0,1,0,20170515,165146,Final,0
aai20140615.00001.hdf5,70004481,20,1,0,1,0,20170515,165143,Final,0
aai20140315.00001.hdf5,70004482,20,1,0,1,0,20170515,165143,Final,0
aai20140515.00001.hdf5,70004483,20,1,0,1,0,20170515,165144,Final,0
aai20141115.00001.hdf5,70004484,20,1,0,1,0,20170515,165146,Final,0
aai20141015.00001.hdf5,70004485,20,1,0,1,0,20170515,165145,Final,0
aai20140915.00001.hdf5,70004486,20,1,0,1,0,20170515,165145,Final,0
aai20140416.00001.hdf5,70004487,20,1,0,1,0,20170515,165142,Final,0
aai20140816.00001.hdf5,70004488,20,1,0,1,0,20170515,165142,Final,0
aai20141216.00001.hdf5,70004489,20,1,0,1,0,20170515,165142,Final,0
aai20140216.00001.hdf5,70004490,20,1,0,1,0,20170515,165146,Final,0
aai20140716.00001.hdf5,70004491,20,1,0,1,0,20170515,165141,Final,0
aai20140616.00001.hdf5,70004492,20,1,0,1,0,20170515,165143,Final,0
aai20140516.00001.hdf5,70004493,20,1,0,1,0,20170515,165145,Final,0
aai20141116.00001.hdf5,70004494,20,1,0,1,0,20170515,165142,Final,0
aai20141016.00001.hdf5,70004495,20,1,0,1,0,20170515,165145,Final,0
aai20140916.00001.hdf5,70004496,20,1,0,1,0,20170515,165145,Final,0
aai20140417.00001.hdf5,70004497,20,1,0,1,0,20170515,165144,Final,0
aai20140817.00001.hdf5,70004498,20,1,0,1,0,20170515,165147,Final,0
aai20141217.00001.hdf5,70004499,20,1,0,1,0,20170515,165142,Final,0
aai20140217.00001.hdf5,70004500,20,1,0,1,0,20170515,165141,Final,0
aai20140717.00001.hdf5,70004501,20,1,0,1,0,20170515,165145,Final,0
aai20140617.00001.hdf5,70004502,20,1,0,1,0,20170515,165146,Final,0
aai20140517.00001.hdf5,70004503,20,1,0,1,0,20170515,165146,Final,0
aai20141117.00001.hdf5,70004504,20,1,0,1,0,20170515,165144,Final,0
aai20141017.00001.hdf5,70004505,20,1,0,1,0,20170515,165143,Final,0
aai20140917.00001.hdf5,70004506,20,1,0,1,0,20170515,165144,Final,0
aai20140418.00001.hdf5,70004507,20,1,0,1,0,20170515,165143,Final,0
aai20140818.00001.hdf5,70004508,20,1,0,1,0,20170515,165146,Final,0
aai20141218.00001.hdf5,70004509,20,1,0,1,0,20170515,165145,Final,0
aai20140218.00001.hdf5,70004510,20,1,0,1,0,20170515,165144,Final,0
aai20140118.00001.hdf5,70004511,20,1,0,1,0,20170515,165146,Final,0
aai20140718.00001.hdf5,70004512,20,1,0,1,0,20170515,165144,Final,0
aai20140618.00001.hdf5,70004513,20,1,0,1,0,20170515,165145,Final,0
aai20140318.00001.hdf5,70004514,20,1,0,1,0,20170515,165144,Final,0
aai20140518.00001.hdf5,70004515,20,1,0,1,0,20170515,165142,Final,0
aai20141118.00001.hdf5,70004516,20,1,0,1,0,20170515,165144,Final,0
aai20141018.00001.hdf5,70004517,20,1,0,1,0,20170515,165146,Final,0
aai20140918.00001.hdf5,70004518,20,1,0,1,0,20170515,165141,Final,0
aai20140419.00001.hdf5,70004519,20,1,0,1,0,20170515,165145,Final,0
aai20140819.00001.hdf5,70004520,20,1,0,1,0,20170515,165144,Final,0
aai20141219.00001.hdf5,70004521,20,1,0,1,0,20170515,165141,Final,0
aai20140219.00001.hdf5,70004522,20,1,0,1,0,20170515,165142,Final,0
aai20140119.00001.hdf5,70004523,20,1,0,1,0,20170515,165141,Final,0
aai20140719.00001.hdf5,70004524,20,1,0,1,0,20170515,165146,Final,0
aai20140619.00001.hdf5,70004525,20,1,0,1,0,20170515,165146,Final,0
aai20140319.00001.hdf5,70004526,20,1,0,1,0,20170515,165144,Final,0
aai20140519.00001.hdf5,70004527,20,1,0,1,0,20170515,165145,Final,0
aai20141119.00001.hdf5,70004528,20,1,0,1,0,20170515,165145,Final,0
aai20141019.00001.hdf5,70004529,20,1,0,1,0,20170515,165143,Final,0
aai20140919.00001.hdf5,70004530,20,1,0,1,0,20170515,165145,Final,0
aai20140420.00001.hdf5,70004531,20,1,0,1,0,20170515,165141,Final,0
aai20140820.00001.hdf5,70004532,20,1,0,1,0,20170515,165143,Final,0
aai20141220.00001.hdf5,70004533,20,1,0,1,0,20170515,165145,Final,0
aai20140220.00001.hdf5,70004534,20,1,0,1,0,20170515,165146,Final,0
aai20140120.00001.hdf5,70004535,20,1,0,1,0,20170515,165146,Final,0
aai20140720.00001.hdf5,70004536,20,1,0,1,0,20170515,165142,Final,0
aai20140620.00001.hdf5,70004537,20,1,0,1,0,20170515,165143,Final,0
aai20140320.00001.hdf5,70004538,20,1,0,1,0,20170515,165145,Final,0
aai20140520.00001.hdf5,70004539,20,1,0,1,0,20170515,165141,Final,0
aai20141120.00001.hdf5,70004540,20,1,0,1,0,20170515,165142,Final,0
aai20141020.00001.hdf5,70004541,20,1,0,1,0,20170515,165146,Final,0
aai20140920.00001.hdf5,70004542,20,1,0,1,0,20170515,165142,Final,0
aai20140421.00001.hdf5,70004543,20,1,0,1,0,20170515,165144,Final,0
aai20140821.00001.hdf5,70004544,20,1,0,1,0,20170515,165141,Final,0
aai20141221.00001.hdf5,70004545,20,1,0,1,0,20170515,165147,Final,0
aai20140221.00001.hdf5,70004546,20,1,0,1,0,20170515,165143,Final,0
aai20140121.00001.hdf5,70004547,20,1,0,1,0,20170515,165145,Final,0
aai20140721.00001.hdf5,70004548,20,1,0,1,0,20170515,165141,Final,0
aai20140621.00001.hdf5,70004549,20,1,0,1,0,20170515,165147,Final,0
aai20140321.00001.hdf5,70004550,20,1,0,1,0,20170515,165144,Final,0
aai20140521.00001.hdf5,70004551,20,1,0,1,0,20170515,165145,Final,0
aai20141121.00001.hdf5,70004552,20,1,0,1,0,20170515,165144,Final,0
aai20141021.00001.hdf5,70004553,20,1,0,1,0,20170515,165142,Final,0
aai20140921.00001.hdf5,70004554,20,1,0,1,0,20170515,165145,Final,0
aai20140422.00001.hdf5,70004555,20,1,0,1,0,20170515,165142,Final,0
aai20140822.00001.hdf5,70004556,20,1,0,1,0,20170515,165142,Final,0
aai20141222.00001.hdf5,70004557,20,1,0,1,0,20170515,165147,Final,0
aai20140222.00001.hdf5,70004558,20,1,0,1,0,20170515,165143,Final,0
aai20140122.00001.hdf5,70004559,20,1,0,1,0,20170515,165142,Final,0
aai20140722.00001.hdf5,70004560,20,1,0,1,0,20170515,165144,Final,0
aai20140622.00001.hdf5,70004561,20,1,0,1,0,20170515,165143,Final,0
aai20140322.00001.hdf5,70004562,20,1,0,1,0,20170515,165141,Final,0
aai20140522.00001.hdf5,70004563,20,1,0,1,0,20170515,165143,Final,0
aai20141122.00001.hdf5,70004564,20,1,0,1,0,20170515,165143,Final,0
aai20141022.00001.hdf5,70004565,20,1,0,1,0,20170515,165144,Final,0
aai20140922.00001.hdf5,70004566,20,1,0,1,0,20170515,165144,Final,0
aai20140423.00001.hdf5,70004567,20,1,0,1,0,20170515,165144,Final,0
aai20140823.00001.hdf5,70004568,20,1,0,1,0,20170515,165141,Final,0
aai20141223.00001.hdf5,70004569,20,1,0,1,0,20170515,165147,Final,0
aai20140223.00001.hdf5,70004570,20,1,0,1,0,20170515,165142,Final,0
aai20140123.00001.hdf5,70004571,20,1,0,1,0,20170515,165142,Final,0
aai20140723.00001.hdf5,70004572,20,1,0,1,0,20170515,165141,Final,0
aai20140623.00001.hdf5,70004573,20,1,0,1,0,20170515,165146,Final,0
aai20140323.00001.hdf5,70004574,20,1,0,1,0,20170515,165145,Final,0
aai20140523.00001.hdf5,70004575,20,1,0,1,0,20170515,165146,Final,0
aai20141123.00001.hdf5,70004576,20,1,0,1,0,20170515,165144,Final,0
aai20141023.00001.hdf5,70004577,20,1,0,1,0,20170515,165143,Final,0
aai20140923.00001.hdf5,70004578,20,1,0,1,0,20170515,165144,Final,0
aai20140424.00001.hdf5,70004579,20,1,0,1,0,20170515,165147,Final,0
aai20140824.00001.hdf5,70004580,20,1,0,1,0,20170515,165144,Final,0
aai20141224.00001.hdf5,70004581,20,1,0,1,0,20170515,165143,Final,0
aai20140224.00001.hdf5,70004582,20,1,0,1,0,20170515,165141,Final,0
aai20140124.00001.hdf5,70004583,20,1,0,1,0,20170515,165145,Final,0
aai20140724.00001.hdf5,70004584,20,1,0,1,0,20170515,165147,Final,0
aai20140624.00001.hdf5,70004585,20,1,0,1,0,20170515,165143,Final,0
aai20140324.00001.hdf5,70004586,20,1,0,1,0,20170515,165146,Final,0
aai20140524.00001.hdf5,70004587,20,1,0,1,0,20170515,165143,Final,0
aai20141124.00001.hdf5,70004588,20,1,0,1,0,20170515,165145,Final,0
aai20141024.00001.hdf5,70004589,20,1,0,1,0,20170515,165145,Final,0
aai20140924.00001.hdf5,70004590,20,1,0,1,0,20170515,165146,Final,0
aai20140425.00001.hdf5,70004591,20,1,0,1,0,20170515,165144,Final,0
aai20140825.00001.hdf5,70004592,20,1,0,1,0,20170515,165144,Final,0
aai20141225.00001.hdf5,70004593,20,1,0,1,0,20170515,165144,Final,0
aai20140225.00001.hdf5,70004594,20,1,0,1,0,20170515,165147,Final,0
aai20140125.00001.hdf5,70004595,20,1,0,1,0,20170515,165143,Final,0
aai20140725.00001.hdf5,70004596,20,1,0,1,0,20170515,165141,Final,0
aai20140625.00001.hdf5,70004597,20,1,0,1,0,20170515,165144,Final,0
aai20140325.00001.hdf5,70004598,20,1,0,1,0,20170515,165143,Final,0
aai20140525.00001.hdf5,70004599,20,1,0,1,0,20170515,165145,Final,0
aai20141125.00001.hdf5,70004600,20,1,0,1,0,20170515,165147,Final,0
aai20141025.00001.hdf5,70004601,20,1,0,1,0,20170515,165143,Final,0
aai20140925.00001.hdf5,70004602,20,1,0,1,0,20170515,165146,Final,0
aai20140426.00001.hdf5,70004603,20,1,0,1,0,20170515,165146,Final,0
aai20140826.00001.hdf5,70004604,20,1,0,1,0,20170515,165142,Final,0
aai20141226.00001.hdf5,70004605,20,1,0,1,0,20170515,165141,Final,0
aai20140226.00001.hdf5,70004606,20,1,0,1,0,20170515,165143,Final,0
aai20140126.00001.hdf5,70004607,20,1,0,1,0,20170515,165142,Final,0
aai20140726.00001.hdf5,70004608,20,1,0,1,0,20170515,165145,Final,0
aai20140626.00001.hdf5,70004609,20,1,0,1,0,20170515,165146,Final,0
aai20140326.00001.hdf5,70004610,20,1,0,1,0,20170515,165142,Final,0
aai20140526.00001.hdf5,70004611,20,1,0,1,0,20170515,165147,Final,0
aai20141126.00001.hdf5,70004612,20,1,0,1,0,20170515,165142,Final,0
aai20141026.00001.hdf5,70004613,20,1,0,1,0,20170515,165144,Final,0
aai20140926.00001.hdf5,70004614,20,1,0,1,0,20170515,165144,Final,0
aai20140427.00001.hdf5,70004615,20,1,0,1,0,20170515,165144,Final,0
aai20140827.00001.hdf5,70004616,20,1,0,1,0,20170515,165147,Final,0
aai20141227.00001.hdf5,70004617,20,1,0,1,0,20170515,165142,Final,0
aai20140227.00001.hdf5,70004618,20,1,0,1,0,20170515,165145,Final,0
aai20140127.00001.hdf5,70004619,20,1,0,1,0,20170515,165146,Final,0
aai20140727.00001.hdf5,70004620,20,1,0,1,0,20170515,165144,Final,0
aai20140627.00001.hdf5,70004621,20,1,0,1,0,20170515,165144,Final,0
aai20140327.00001.hdf5,70004622,20,1,0,1,0,20170515,165145,Final,0
aai20140527.00001.hdf5,70004623,20,1,0,1,0,20170515,165143,Final,0
aai20141127.00001.hdf5,70004624,20,1,0,1,0,20170515,165144,Final,0
aai20141027.00001.hdf5,70004625,20,1,0,1,0,20170515,165146,Final,0
aai20140927.00001.hdf5,70004626,20,1,0,1,0,20170515,165143,Final,0
aai20140428.00001.hdf5,70004627,20,1,0,1,0,20170515,165141,Final,0
aai20140828.00001.hdf5,70004628,20,1,0,1,0,20170515,165142,Final,0
aai20141228.00001.hdf5,70004629,20,1,0,1,0,20170515,165145,Final,0
aai20140228.00001.hdf5,70004630,20,1,0,1,0,20170515,165146,Final,0
aai20140128.00001.hdf5,70004631,20,1,0,1,0,20170515,165145,Final,0
aai20140728.00001.hdf5,70004632,20,1,0,1,0,20170515,165143,Final,0
aai20140328.00001.hdf5,70004633,20,1,0,1,0,20170515,165143,Final,0
aai20140528.00001.hdf5,70004634,20,1,0,1,0,20170515,165144,Final,0
aai20141128.00001.hdf5,70004635,20,1,0,1,0,20170515,165141,Final,0
aai20141028.00001.hdf5,70004636,20,1,0,1,0,20170515,165144,Final,0
aai20140928.00001.hdf5,70004637,20,1,0,1,0,20170515,165143,Final,0
aai20140429.00001.hdf5,70004638,20,1,0,1,0,20170515,165143,Final,0
aai20140829.00001.hdf5,70004639,20,1,0,1,0,20170515,165143,Final,0
aai20141229.00001.hdf5,70004640,20,1,0,1,0,20170515,165144,Final,0
aai20140129.00001.hdf5,70004641,20,1,0,1,0,20170515,165144,Final,0
aai20140729.00001.hdf5,70004642,20,1,0,1,0,20170515,165143,Final,0
aai20140329.00001.hdf5,70004643,20,1,0,1,0,20170515,165143,Final,0
aai20140529.00001.hdf5,70004644,20,1,0,1,0,20170515,165144,Final,0
aai20141129.00001.hdf5,70004645,20,1,0,1,0,20170515,165145,Final,0
aai20141029.00001.hdf5,70004646,20,1,0,1,0,20170515,165146,Final,0
aai20140929.00001.hdf5,70004647,20,1,0,1,0,20170515,165146,Final,0
aai20140430.00001.hdf5,70004648,20,1,0,1,0,20170515,165145,Final,0
aai20140830.00001.hdf5,70004649,20,1,0,1,0,20170515,165145,Final,0
aai20141230.00001.hdf5,70004650,20,1,0,1,0,20170515,165144,Final,0
aai20140130.00001.hdf5,70004651,20,1,0,1,0,20170515,165141,Final,0
aai20140730.00001.hdf5,70004652,20,1,0,1,0,20170515,165143,Final,0
aai20140330.00001.hdf5,70004653,20,1,0,1,0,20170515,165146,Final,0
aai20140530.00001.hdf5,70004654,20,1,0,1,0,20170515,165143,Final,0
aai20141130.00001.hdf5,70004655,20,1,0,1,0,20170515,165144,Final,0
aai20141030.00001.hdf5,70004656,20,1,0,1,0,20170515,165145,Final,0
aai20140930.00001.hdf5,70004657,20,1,0,1,0,20170515,165147,Final,0
aai20140831.00001.hdf5,70004658,20,1,0,1,0,20170515,165143,Final,0
aai20141231.00001.hdf5,70004659,20,1,0,1,0,20170515,165143,Final,0
aai20140131.00001.hdf5,70004660,20,1,0,1,0,20170515,165142,Final,0
aai20140731.00001.hdf5,70004661,20,1,0,1,0,20170515,165145,Final,0
aai20140331.00001.hdf5,70004662,20,1,0,1,0,20170515,165145,Final,0
aai20140531.00001.hdf5,70004663,20,1,0,1,0,20170515,165143,Final,0
aai20141031.00001.hdf5,70004664,20,1,0,1,0,20170515,165146,Final,0
aif140401g.7100.hdf5,70004665,7100,3,0,1,0,20170515,164417,Final,0
aif140401g.7101.hdf5,70004665,7101,3,0,1,0,20170515,164417,Final,0
aif140401g.07102.hdf5,70004665,7100,1,0,1,0,20170515,164417,Final,0
aif140401g07103.hdf5,70004665,7101,1,0,1,0,20170515,164417,Final,0
aif140801g.7100.hdf5,70004666,7100,3,0,1,0,20170515,164416,Final,0
aif140801g.7101.hdf5,70004666,7101,3,0,1,0,20170515,164416,Final,0
aif140801g.07102.hdf5,70004666,7100,1,0,1,0,20170515,164416,Final,0
aif140801g07103.hdf5,70004666,7101,1,0,1,0,20170515,164416,Final,0
aif141201g.7100.hdf5,70004667,7100,3,0,1,0,20170515,164418,Final,0
aif141201g.7101.hdf5,70004667,7101,3,0,1,0,20170515,164418,Final,0
aif141201g.07102.hdf5,70004667,7100,1,0,1,0,20170515,164418,Final,0
aif141201g07103.hdf5,70004667,7101,1,0,1,0,20170515,164418,Final,0
aif140201g.7100.hdf5,70004668,7100,3,0,1,0,20170515,164424,Final,0
aif140201g.7101.hdf5,70004668,7101,3,0,1,0,20170515,164424,Final,0
aif140201g.07102.hdf5,70004668,7100,1,0,1,0,20170515,164424,Final,0
aif140201g07103.hdf5,70004668,7101,1,0,1,0,20170515,164424,Final,0
aif140101g.7100.hdf5,70004669,7100,1,0,1,0,20170515,164416,Final,0
aif140101g.7101.hdf5,70004669,7101,1,0,1,0,20170515,164416,Final,0
aif140601g.7100.hdf5,70004670,7100,1,0,1,0,20170515,164416,Final,0
aif140601g.7101.hdf5,70004670,7101,1,0,1,0,20170515,164416,Final,0
aif140301g.7100.hdf5,70004671,7100,3,0,1,0,20170515,164422,Final,0
aif140301g.7101.hdf5,70004671,7101,3,0,1,0,20170515,164422,Final,0
aif140301g.07102.hdf5,70004671,7100,1,0,1,0,20170515,164422,Final,0
aif140301g07103.hdf5,70004671,7101,1,0,1,0,20170515,164422,Final,0
aif141101g.7100.hdf5,70004672,7100,3,0,1,0,20170515,164416,Final,0
aif141101g.7101.hdf5,70004672,7101,3,0,1,0,20170515,164416,Final,0
aif141101g.07102.hdf5,70004672,7100,1,0,1,0,20170515,164416,Final,0
aif141101g07103.hdf5,70004672,7101,1,0,1,0,20170515,164416,Final,0
aif140402g.7100.hdf5,70004673,7100,1,0,1,0,20170515,164423,Final,0
aif140402g.7101.hdf5,70004673,7101,1,0,1,0,20170515,164423,Final,0
aif141202g.7100.hdf5,70004674,7100,3,0,1,0,20170515,164417,Final,0
aif141202g.7101.hdf5,70004674,7101,3,0,1,0,20170515,164417,Final,0
aif141202g.07102.hdf5,70004674,7100,1,0,1,0,20170515,164417,Final,0
aif141202g07103.hdf5,70004674,7101,1,0,1,0,20170515,164417,Final,0
aif140202g.7100.hdf5,70004675,7100,1,0,1,0,20170515,164415,Final,0
aif140202g.7101.hdf5,70004675,7101,1,0,1,0,20170515,164415,Final,0
aif140102g.7100.hdf5,70004676,7100,1,0,1,0,20170515,164424,Final,0
aif140102g.7101.hdf5,70004676,7101,1,0,1,0,20170515,164424,Final,0
aif140702g.7100.hdf5,70004677,7100,3,0,1,0,20170515,164416,Final,0
aif140702g.7101.hdf5,70004677,7101,3,0,1,0,20170515,164416,Final,0
aif140702g.07102.hdf5,70004677,7100,1,0,1,0,20170515,164416,Final,0
aif140702g07103.hdf5,70004677,7101,1,0,1,0,20170515,164416,Final,0
aif140602g.7100.hdf5,70004678,7100,3,0,1,0,20170515,164419,Final,0
aif140602g.7101.hdf5,70004678,7101,3,0,1,0,20170515,164419,Final,0
aif140602g.07102.hdf5,70004678,7100,1,0,1,0,20170515,164419,Final,0
aif140602g07103.hdf5,70004678,7101,1,0,1,0,20170515,164419,Final,0
aif140302g.7100.hdf5,70004679,7100,1,0,1,0,20170515,164420,Final,0
aif140302g.7101.hdf5,70004679,7101,1,0,1,0,20170515,164420,Final,0
aif141102g.7100.hdf5,70004680,7100,3,0,1,0,20170515,164419,Final,0
aif141102g.7101.hdf5,70004680,7101,3,0,1,0,20170515,164419,Final,0
aif141102g.07102.hdf5,70004680,7100,1,0,1,0,20170515,164419,Final,0
aif141102g07103.hdf5,70004680,7101,1,0,1,0,20170515,164419,Final,0
aif140403g.7100.hdf5,70004681,7100,3,0,1,0,20170515,164421,Final,0
aif140403g.7101.hdf5,70004681,7101,3,0,1,0,20170515,164421,Final,0
aif140403g.07102.hdf5,70004681,7100,1,0,1,0,20170515,164421,Final,0
aif140403g07103.hdf5,70004681,7101,1,0,1,0,20170515,164421,Final,0
aif140803g.7100.hdf5,70004682,7100,3,0,1,0,20170515,164419,Final,0
aif140803g.7101.hdf5,70004682,7101,3,0,1,0,20170515,164419,Final,0
aif140803g.07102.hdf5,70004682,7100,1,0,1,0,20170515,164419,Final,0
aif140803g07103.hdf5,70004682,7101,1,0,1,0,20170515,164419,Final,0
aif141203g.7100.hdf5,70004683,7100,3,0,1,0,20170515,164416,Final,0
aif141203g.7101.hdf5,70004683,7101,3,0,1,0,20170515,164416,Final,0
aif141203g.07102.hdf5,70004683,7100,1,0,1,0,20170515,164416,Final,0
aif141203g07103.hdf5,70004683,7101,1,0,1,0,20170515,164416,Final,0
aif140203g.7100.hdf5,70004684,7100,1,0,1,0,20170515,164421,Final,0
aif140203g.7101.hdf5,70004684,7101,1,0,1,0,20170515,164421,Final,0
aif140103g.7100.hdf5,70004685,7100,1,0,1,0,20170515,164418,Final,0
aif140103g.7101.hdf5,70004685,7101,1,0,1,0,20170515,164418,Final,0
aif140703g.7100.hdf5,70004686,7100,3,0,1,0,20170515,164419,Final,0
aif140703g.7101.hdf5,70004686,7101,3,0,1,0,20170515,164419,Final,0
aif140703g.07102.hdf5,70004686,7100,1,0,1,0,20170515,164419,Final,0
aif140703g07103.hdf5,70004686,7101,1,0,1,0,20170515,164419,Final,0
aif140603g.7100.hdf5,70004687,7100,1,0,1,0,20170515,164420,Final,0
aif140603g.7101.hdf5,70004687,7101,1,0,1,0,20170515,164420,Final,0
aif140303g.7100.hdf5,70004688,7100,3,0,1,0,20170515,164416,Final,0
aif140303g.7101.hdf5,70004688,7101,3,0,1,0,20170515,164416,Final,0
aif140303g.07102.hdf5,70004688,7100,1,0,1,0,20170515,164416,Final,0
aif140303g07103.hdf5,70004688,7101,1,0,1,0,20170515,164416,Final,0
aif140503g.7100.hdf5,70004689,7100,3,0,1,0,20170515,164425,Final,0
aif140503g.7101.hdf5,70004689,7101,3,0,1,0,20170515,164425,Final,0
aif140503g.07102.hdf5,70004689,7100,1,0,1,0,20170515,164425,Final,0
aif140503g07103.hdf5,70004689,7101,1,0,1,0,20170515,164425,Final,0
aif141003g.7100.hdf5,70004690,7100,3,0,1,0,20170515,164422,Final,0
aif141003g.7101.hdf5,70004690,7101,3,0,1,0,20170515,164422,Final,0
aif141003g.07102.hdf5,70004690,7100,1,0,1,0,20170515,164422,Final,0
aif141003g07103.hdf5,70004690,7101,1,0,1,0,20170515,164422,Final,0
aif140404g.7100.hdf5,70004691,7100,3,0,1,0,20170515,164419,Final,0
aif140404g.7101.hdf5,70004691,7101,3,0,1,0,20170515,164419,Final,0
aif140404g.07102.hdf5,70004691,7100,1,0,1,0,20170515,164419,Final,0
aif140404g07103.hdf5,70004691,7101,1,0,1,0,20170515,164419,Final,0
aif140804g.7100.hdf5,70004692,7100,3,0,1,0,20170515,164424,Final,0
aif140804g.7101.hdf5,70004692,7101,3,0,1,0,20170515,164424,Final,0
aif140804g.07102.hdf5,70004692,7100,1,0,1,0,20170515,164424,Final,0
aif140804g07103.hdf5,70004692,7101,1,0,1,0,20170515,164424,Final,0
aif141204g.7100.hdf5,70004693,7100,3,0,1,0,20170515,164420,Final,0
aif141204g.7101.hdf5,70004693,7101,3,0,1,0,20170515,164420,Final,0
aif141204g.07102.hdf5,70004693,7100,1,0,1,0,20170515,164420,Final,0
aif141204g07103.hdf5,70004693,7101,1,0,1,0,20170515,164420,Final,0
aif140204g.7100.hdf5,70004694,7100,3,0,1,0,20170515,164425,Final,0
aif140204g.7101.hdf5,70004694,7101,3,0,1,0,20170515,164425,Final,0
aif140204g.07102.hdf5,70004694,7100,1,0,1,0,20170515,164425,Final,0
aif140204g07103.hdf5,70004694,7101,1,0,1,0,20170515,164425,Final,0
aif140104g.7100.hdf5,70004695,7100,1,0,1,0,20170515,164421,Final,0
aif140104g.7101.hdf5,70004695,7101,1,0,1,0,20170515,164421,Final,0
aif140704g.7100.hdf5,70004696,7100,3,0,1,0,20170515,164416,Final,0
aif140704g.7101.hdf5,70004696,7101,3,0,1,0,20170515,164416,Final,0
aif140704g.07102.hdf5,70004696,7100,1,0,1,0,20170515,164416,Final,0
aif140704g07103.hdf5,70004696,7101,1,0,1,0,20170515,164416,Final,0
aif140604g.7100.hdf5,70004697,7100,3,0,1,0,20170515,164419,Final,0
aif140604g.7101.hdf5,70004697,7101,3,0,1,0,20170515,164419,Final,0
aif140604g.07102.hdf5,70004697,7100,1,0,1,0,20170515,164419,Final,0
aif140604g07103.hdf5,70004697,7101,1,0,1,0,20170515,164419,Final,0
aif140304g.7100.hdf5,70004698,7100,3,0,1,0,20170515,164417,Final,0
aif140304g.7101.hdf5,70004698,7101,3,0,1,0,20170515,164417,Final,0
aif140304g.07102.hdf5,70004698,7100,1,0,1,0,20170515,164417,Final,0
aif140304g07103.hdf5,70004698,7101,1,0,1,0,20170515,164417,Final,0
aif140405g.7100.hdf5,70004699,7100,3,0,1,0,20170515,164418,Final,0
aif140405g.7101.hdf5,70004699,7101,3,0,1,0,20170515,164418,Final,0
aif140405g.07102.hdf5,70004699,7100,1,0,1,0,20170515,164418,Final,0
aif140405g07103.hdf5,70004699,7101,1,0,1,0,20170515,164418,Final,0
aif140805g.7100.hdf5,70004700,7100,3,0,1,0,20170515,164422,Final,0
aif140805g.7101.hdf5,70004700,7101,3,0,1,0,20170515,164422,Final,0
aif140805g.07102.hdf5,70004700,7100,1,0,1,0,20170515,164422,Final,0
aif140805g07103.hdf5,70004700,7101,1,0,1,0,20170515,164422,Final,0
aif141205g.7100.hdf5,70004701,7100,3,0,1,0,20170515,164415,Final,0
aif141205g.7101.hdf5,70004701,7101,3,0,1,0,20170515,164415,Final,0
aif141205g.07102.hdf5,70004701,7100,1,0,1,0,20170515,164415,Final,0
aif141205g07103.hdf5,70004701,7101,1,0,1,0,20170515,164415,Final,0
aif140205g.7100.hdf5,70004702,7100,1,0,1,0,20170515,164425,Final,0
aif140205g.7101.hdf5,70004702,7101,1,0,1,0,20170515,164425,Final,0
aif140105g.7100.hdf5,70004703,7100,1,0,1,0,20170515,164424,Final,0
aif140105g.7101.hdf5,70004703,7101,1,0,1,0,20170515,164425,Final,0
aif140705g.7100.hdf5,70004704,7100,3,0,1,0,20170515,164415,Final,0
aif140705g.7101.hdf5,70004704,7101,3,0,1,0,20170515,164415,Final,0
aif140705g.07102.hdf5,70004704,7100,1,0,1,0,20170515,164415,Final,0
aif140705g07103.hdf5,70004704,7101,1,0,1,0,20170515,164415,Final,0
aif140605g.7100.hdf5,70004705,7100,3,0,1,0,20170515,164425,Final,0
aif140605g.7101.hdf5,70004705,7101,3,0,1,0,20170515,164425,Final,0
aif140605g.07102.hdf5,70004705,7100,1,0,1,0,20170515,164425,Final,0
aif140605g07103.hdf5,70004705,7101,1,0,1,0,20170515,164425,Final,0
aif140305g.7100.hdf5,70004706,7100,3,0,1,0,20170515,164424,Final,0
aif140305g.7101.hdf5,70004706,7101,3,0,1,0,20170515,164424,Final,0
aif140305g.07102.hdf5,70004706,7100,1,0,1,0,20170515,164424,Final,0
aif140305g07103.hdf5,70004706,7101,1,0,1,0,20170515,164424,Final,0
aif140505g.7100.hdf5,70004707,7100,3,0,1,0,20170515,164415,Final,0
aif140505g.7101.hdf5,70004707,7101,3,0,1,0,20170515,164415,Final,0
aif140505g.07102.hdf5,70004707,7100,1,0,1,0,20170515,164415,Final,0
aif140505g07103.hdf5,70004707,7101,1,0,1,0,20170515,164415,Final,0
aif141005g.7100.hdf5,70004708,7100,3,0,1,0,20170515,164415,Final,0
aif141005g.7101.hdf5,70004708,7101,3,0,1,0,20170515,164415,Final,0
aif141005g.07102.hdf5,70004708,7100,1,0,1,0,20170515,164415,Final,0
aif141005g07103.hdf5,70004708,7101,1,0,1,0,20170515,164415,Final,0
aif140406g.7100.hdf5,70004709,7100,3,0,1,0,20170515,164422,Final,0
aif140406g.7101.hdf5,70004709,7101,3,0,1,0,20170515,164422,Final,0
aif140406g.07102.hdf5,70004709,7100,1,0,1,0,20170515,164422,Final,0
aif140406g07103.hdf5,70004709,7101,1,0,1,0,20170515,164422,Final,0
aif140806g.7100.hdf5,70004710,7100,3,0,1,0,20170515,164423,Final,0
aif140806g.7101.hdf5,70004710,7101,3,0,1,0,20170515,164423,Final,0
aif140806g.07102.hdf5,70004710,7100,1,0,1,0,20170515,164423,Final,0
aif140806g07103.hdf5,70004710,7101,1,0,1,0,20170515,164423,Final,0
aif141206g.7100.hdf5,70004711,7100,3,0,1,0,20170515,164415,Final,0
aif141206g.7101.hdf5,70004711,7101,3,0,1,0,20170515,164415,Final,0
aif141206g.07102.hdf5,70004711,7100,1,0,1,0,20170515,164415,Final,0
aif141206g07103.hdf5,70004711,7101,1,0,1,0,20170515,164415,Final,0
aif140206g.7100.hdf5,70004712,7100,1,0,1,0,20170515,164425,Final,0
aif140206g.7101.hdf5,70004712,7101,1,0,1,0,20170515,164425,Final,0
aif140106g.7100.hdf5,70004713,7100,1,0,1,0,20170515,164418,Final,0
aif140106g.7101.hdf5,70004713,7101,1,0,1,0,20170515,164418,Final,0
aif140706g.7100.hdf5,70004714,7100,3,0,1,0,20170515,164424,Final,0
aif140706g.7101.hdf5,70004714,7101,3,0,1,0,20170515,164424,Final,0
aif140706g.07102.hdf5,70004714,7100,1,0,1,0,20170515,164424,Final,0
aif140706g07103.hdf5,70004714,7101,1,0,1,0,20170515,164424,Final,0
aif140606g.7100.hdf5,70004715,7100,3,0,1,0,20170515,164415,Final,0
aif140606g.7101.hdf5,70004715,7101,3,0,1,0,20170515,164415,Final,0
aif140606g.07102.hdf5,70004715,7100,1,0,1,0,20170515,164415,Final,0
aif140606g07103.hdf5,70004715,7101,1,0,1,0,20170515,164415,Final,0
aif140306g.7100.hdf5,70004716,7100,1,0,1,0,20170515,164424,Final,0
aif140306g.7101.hdf5,70004716,7101,1,0,1,0,20170515,164424,Final,0
aif141006g.7100.hdf5,70004717,7100,3,0,1,0,20170515,164417,Final,0
aif141006g.7101.hdf5,70004717,7101,3,0,1,0,20170515,164417,Final,0
aif141006g.07102.hdf5,70004717,7100,1,0,1,0,20170515,164417,Final,0
aif141006g07103.hdf5,70004717,7101,1,0,1,0,20170515,164417,Final,0
aif140407g.7100.hdf5,70004718,7100,3,0,1,0,20170515,164422,Final,0
aif140407g.7101.hdf5,70004718,7101,3,0,1,0,20170515,164422,Final,0
aif140407g.07102.hdf5,70004718,7100,1,0,1,0,20170515,164422,Final,0
aif140407g07103.hdf5,70004718,7101,1,0,1,0,20170515,164422,Final,0
aif140807g.7100.hdf5,70004719,7100,3,0,1,0,20170515,164425,Final,0
aif140807g.7101.hdf5,70004719,7101,3,0,1,0,20170515,164425,Final,0
aif140807g.07102.hdf5,70004719,7100,1,0,1,0,20170515,164425,Final,0
aif140807g07103.hdf5,70004719,7101,1,0,1,0,20170515,164425,Final,0
aif141207g.7100.hdf5,70004720,7100,3,0,1,0,20170515,164420,Final,0
aif141207g.7101.hdf5,70004720,7101,3,0,1,0,20170515,164420,Final,0
aif141207g.07102.hdf5,70004720,7100,1,0,1,0,20170515,164420,Final,0
aif141207g07103.hdf5,70004720,7101,1,0,1,0,20170515,164420,Final,0
aif140107g.7100.hdf5,70004721,7100,1,0,1,0,20170515,164417,Final,0
aif140107g.7101.hdf5,70004721,7101,1,0,1,0,20170515,164417,Final,0
aif140707g.7100.hdf5,70004722,7100,3,0,1,0,20170515,164415,Final,0
aif140707g.7101.hdf5,70004722,7101,3,0,1,0,20170515,164415,Final,0
aif140707g.07102.hdf5,70004722,7100,1,0,1,0,20170515,164415,Final,0
aif140707g07103.hdf5,70004722,7101,1,0,1,0,20170515,164415,Final,0
aif140607g.7100.hdf5,70004723,7100,3,0,1,0,20170515,164417,Final,0
aif140607g.7101.hdf5,70004723,7101,3,0,1,0,20170515,164417,Final,0
aif140607g.07102.hdf5,70004723,7100,1,0,1,0,20170515,164417,Final,0
aif140607g07103.hdf5,70004723,7101,1,0,1,0,20170515,164417,Final,0
aif140307g.7100.hdf5,70004724,7100,1,0,1,0,20170515,164423,Final,0
aif140307g.7101.hdf5,70004724,7101,1,0,1,0,20170515,164423,Final,0
aif140506g.7100.hdf5,70004725,7100,3,0,1,0,20170515,164421,Final,0
aif140506g.7101.hdf5,70004725,7101,3,0,1,0,20170515,164421,Final,0
aif140506g.07102.hdf5,70004725,7100,1,0,1,0,20170515,164421,Final,0
aif140506g07103.hdf5,70004725,7101,1,0,1,0,20170515,164421,Final,0
aif140507g.7100.hdf5,70004726,7100,3,0,1,0,20170515,164417,Final,0
aif140507g.7101.hdf5,70004726,7101,3,0,1,0,20170515,164418,Final,0
aif140507g.07102.hdf5,70004726,7100,1,0,1,0,20170515,164418,Final,0
aif140507g07103.hdf5,70004726,7101,1,0,1,0,20170515,164418,Final,0
aif140408g.7100.hdf5,70004727,7100,3,0,1,0,20170515,164416,Final,0
aif140408g.7101.hdf5,70004727,7101,3,0,1,0,20170515,164416,Final,0
aif140408g.07102.hdf5,70004727,7100,1,0,1,0,20170515,164416,Final,0
aif140408g07103.hdf5,70004727,7101,1,0,1,0,20170515,164416,Final,0
aif140808g.7100.hdf5,70004728,7100,3,0,1,0,20170515,164416,Final,0
aif140808g.7101.hdf5,70004728,7101,3,0,1,0,20170515,164416,Final,0
aif140808g.07102.hdf5,70004728,7100,1,0,1,0,20170515,164416,Final,0
aif140808g07103.hdf5,70004728,7101,1,0,1,0,20170515,164416,Final,0
aif141208g.7100.hdf5,70004729,7100,3,0,1,0,20170515,164425,Final,0
aif141208g.7101.hdf5,70004729,7101,3,0,1,0,20170515,164425,Final,0
aif141208g.07102.hdf5,70004729,7100,1,0,1,0,20170515,164425,Final,0
aif141208g07103.hdf5,70004729,7101,1,0,1,0,20170515,164425,Final,0
aif140207g.7100.hdf5,70004730,7100,1,0,1,0,20170515,164421,Final,0
aif140207g.7101.hdf5,70004730,7101,1,0,1,0,20170515,164421,Final,0
aif140208g.7100.hdf5,70004731,7100,1,0,1,0,20170515,164420,Final,0
aif140208g.7101.hdf5,70004731,7101,1,0,1,0,20170515,164420,Final,0
aif140108g.7100.hdf5,70004732,7100,3,0,1,0,20170515,164417,Final,0
aif140108g.7101.hdf5,70004732,7101,3,0,1,0,20170515,164417,Final,0
aif140108g.07102.hdf5,70004732,7100,1,0,1,0,20170515,164417,Final,0
aif140108g07103.hdf5,70004732,7101,1,0,1,0,20170515,164417,Final,0
aif140708g.7100.hdf5,70004733,7100,3,0,1,0,20170515,164417,Final,0
aif140708g.7101.hdf5,70004733,7101,3,0,1,0,20170515,164417,Final,0
aif140708g.07102.hdf5,70004733,7100,1,0,1,0,20170515,164417,Final,0
aif140708g07103.hdf5,70004733,7101,1,0,1,0,20170515,164417,Final,0
aif140608g.7100.hdf5,70004734,7100,3,0,1,0,20170515,164422,Final,0
aif140608g.7101.hdf5,70004734,7101,3,0,1,0,20170515,164422,Final,0
aif140608g.07102.hdf5,70004734,7100,1,0,1,0,20170515,164422,Final,0
aif140608g07103.hdf5,70004734,7101,1,0,1,0,20170515,164422,Final,0
aif140308g.7100.hdf5,70004735,7100,3,0,1,0,20170515,164418,Final,0
aif140308g.7101.hdf5,70004735,7101,3,0,1,0,20170515,164418,Final,0
aif140308g.07102.hdf5,70004735,7100,1,0,1,0,20170515,164418,Final,0
aif140308g07103.hdf5,70004735,7101,1,0,1,0,20170515,164418,Final,0
aif140508g.7100.hdf5,70004736,7100,3,0,1,0,20170515,164416,Final,0
aif140508g.7101.hdf5,70004736,7101,3,0,1,0,20170515,164416,Final,0
aif140508g.07102.hdf5,70004736,7100,1,0,1,0,20170515,164416,Final,0
aif140508g07103.hdf5,70004736,7101,1,0,1,0,20170515,164416,Final,0
aif141107g.7100.hdf5,70004737,7100,3,0,1,0,20170515,164415,Final,0
aif141107g.7101.hdf5,70004737,7101,3,0,1,0,20170515,164415,Final,0
aif141107g.07102.hdf5,70004737,7100,1,0,1,0,20170515,164415,Final,0
aif141107g07103.hdf5,70004737,7101,1,0,1,0,20170515,164415,Final,0
aif141108g.7100.hdf5,70004738,7100,1,0,1,0,20170515,164424,Final,0
aif141108g.7101.hdf5,70004738,7101,1,0,1,0,20170515,164424,Final,0
aif140409g.7100.hdf5,70004739,7100,3,0,1,0,20170515,164419,Final,0
aif140409g.7101.hdf5,70004739,7101,3,0,1,0,20170515,164419,Final,0
aif140409g.07102.hdf5,70004739,7100,1,0,1,0,20170515,164419,Final,0
aif140409g07103.hdf5,70004739,7101,1,0,1,0,20170515,164419,Final,0
aif141209g.7100.hdf5,70004740,7100,3,0,1,0,20170515,164420,Final,0
aif141209g.7101.hdf5,70004740,7101,3,0,1,0,20170515,164420,Final,0
aif141209g.07102.hdf5,70004740,7100,1,0,1,0,20170515,164420,Final,0
aif141209g07103.hdf5,70004740,7101,1,0,1,0,20170515,164420,Final,0
aif140209g.7100.hdf5,70004741,7100,1,0,1,0,20170515,164414,Final,0
aif140209g.7101.hdf5,70004741,7101,1,0,1,0,20170515,164414,Final,0
aif140109g.7100.hdf5,70004742,7100,1,0,1,0,20170515,164422,Final,0
aif140109g.7101.hdf5,70004742,7101,1,0,1,0,20170515,164422,Final,0
aif140709g.7100.hdf5,70004743,7100,3,0,1,0,20170515,164423,Final,0
aif140709g.7101.hdf5,70004743,7101,3,0,1,0,20170515,164423,Final,0
aif140709g.07102.hdf5,70004743,7100,1,0,1,0,20170515,164423,Final,0
aif140709g07103.hdf5,70004743,7101,1,0,1,0,20170515,164423,Final,0
aif140609g.7100.hdf5,70004744,7100,3,0,1,0,20170515,164423,Final,0
aif140609g.7101.hdf5,70004744,7101,3,0,1,0,20170515,164423,Final,0
aif140609g.07102.hdf5,70004744,7100,1,0,1,0,20170515,164423,Final,0
aif140609g07103.hdf5,70004744,7101,1,0,1,0,20170515,164423,Final,0
aif140309g.7100.hdf5,70004745,7100,3,0,1,0,20170515,164414,Final,0
aif140309g.7101.hdf5,70004745,7101,3,0,1,0,20170515,164414,Final,0
aif140309g.07102.hdf5,70004745,7100,1,0,1,0,20170515,164414,Final,0
aif140309g07103.hdf5,70004745,7101,1,0,1,0,20170515,164414,Final,0
aif140509g.7100.hdf5,70004746,7100,3,0,1,0,20170515,164415,Final,0
aif140509g.7101.hdf5,70004746,7101,3,0,1,0,20170515,164415,Final,0
aif140509g.07102.hdf5,70004746,7100,1,0,1,0,20170515,164415,Final,0
aif140509g07103.hdf5,70004746,7101,1,0,1,0,20170515,164415,Final,0
aif141109g.7100.hdf5,70004747,7100,3,0,1,0,20170515,164423,Final,0
aif141109g.7101.hdf5,70004747,7101,3,0,1,0,20170515,164423,Final,0
aif141109g.07102.hdf5,70004747,7100,1,0,1,0,20170515,164423,Final,0
aif141109g07103.hdf5,70004747,7101,1,0,1,0,20170515,164423,Final,0
aif140410g.7100.hdf5,70004748,7100,3,0,1,0,20170515,164417,Final,0
aif140410g.7101.hdf5,70004748,7101,3,0,1,0,20170515,164417,Final,0
aif140410g.07102.hdf5,70004748,7100,1,0,1,0,20170515,164417,Final,0
aif140410g07103.hdf5,70004748,7101,1,0,1,0,20170515,164417,Final,0
aif141210g.7100.hdf5,70004749,7100,3,0,1,0,20170515,164424,Final,0
aif141210g.7101.hdf5,70004749,7101,3,0,1,0,20170515,164424,Final,0
aif141210g.07102.hdf5,70004749,7100,1,0,1,0,20170515,164424,Final,0
aif141210g07103.hdf5,70004749,7101,1,0,1,0,20170515,164424,Final,0
aif140210g.7100.hdf5,70004750,7100,1,0,1,0,20170515,164416,Final,0
aif140210g.7101.hdf5,70004750,7101,1,0,1,0,20170515,164416,Final,0
aif140110g.7100.hdf5,70004751,7100,1,0,1,0,20170515,164422,Final,0
aif140110g.7101.hdf5,70004751,7101,1,0,1,0,20170515,164422,Final,0
aif140710g.7100.hdf5,70004752,7100,3,0,1,0,20170515,164421,Final,0
aif140710g.7101.hdf5,70004752,7101,3,0,1,0,20170515,164421,Final,0
aif140710g.07102.hdf5,70004752,7100,1,0,1,0,20170515,164421,Final,0
aif140710g07103.hdf5,70004752,7101,1,0,1,0,20170515,164421,Final,0
aif140610g.7100.hdf5,70004753,7100,1,0,1,0,20170515,164416,Final,0
aif140610g.7101.hdf5,70004753,7101,1,0,1,0,20170515,164416,Final,0
aif140310g.7100.hdf5,70004754,7100,1,0,1,0,20170515,164417,Final,0
aif140310g.7101.hdf5,70004754,7101,1,0,1,0,20170515,164417,Final,0
aif140411g.7100.hdf5,70004755,7100,3,0,1,0,20170515,164425,Final,0
aif140411g.7101.hdf5,70004755,7101,3,0,1,0,20170515,164425,Final,0
aif140411g.07102.hdf5,70004755,7100,1,0,1,0,20170515,164425,Final,0
aif140411g07103.hdf5,70004755,7101,1,0,1,0,20170515,164425,Final,0
aif141211g.7100.hdf5,70004756,7100,3,0,1,0,20170515,164424,Final,0
aif141211g.7101.hdf5,70004756,7101,3,0,1,0,20170515,164424,Final,0
aif141211g.07102.hdf5,70004756,7100,1,0,1,0,20170515,164424,Final,0
aif141211g07103.hdf5,70004756,7101,1,0,1,0,20170515,164424,Final,0
aif140211g.7100.hdf5,70004757,7100,3,0,1,0,20170515,164421,Final,0
aif140211g.7101.hdf5,70004757,7101,3,0,1,0,20170515,164421,Final,0
aif140211g.07102.hdf5,70004757,7100,1,0,1,0,20170515,164421,Final,0
aif140211g07103.hdf5,70004757,7101,1,0,1,0,20170515,164421,Final,0
aif140111g.7100.hdf5,70004758,7100,1,0,1,0,20170515,164423,Final,0
aif140111g.7101.hdf5,70004758,7101,1,0,1,0,20170515,164423,Final,0
aif140611g.7100.hdf5,70004759,7100,3,0,1,0,20170515,164423,Final,0
aif140611g.7101.hdf5,70004759,7101,3,0,1,0,20170515,164422,Final,0
aif140611g.07102.hdf5,70004759,7100,1,0,1,0,20170515,164423,Final,0
aif140611g07103.hdf5,70004759,7101,1,0,1,0,20170515,164422,Final,0
aif140311g.7100.hdf5,70004760,7100,1,0,1,0,20170515,164424,Final,0
aif140311g.7101.hdf5,70004760,7101,1,0,1,0,20170515,164424,Final,0
aif140511g.7100.hdf5,70004761,7100,3,0,1,0,20170515,164424,Final,0
aif140511g.7101.hdf5,70004761,7101,3,0,1,0,20170515,164424,Final,0
aif140511g.07102.hdf5,70004761,7100,1,0,1,0,20170515,164424,Final,0
aif140511g07103.hdf5,70004761,7101,1,0,1,0,20170515,164424,Final,0
aif141111g.7100.hdf5,70004762,7100,3,0,1,0,20170515,164425,Final,0
aif141111g.7101.hdf5,70004762,7101,3,0,1,0,20170515,164425,Final,0
aif141111g.07102.hdf5,70004762,7100,1,0,1,0,20170515,164425,Final,0
aif141111g07103.hdf5,70004762,7101,1,0,1,0,20170515,164425,Final,0
aif141011g.7100.hdf5,70004763,7100,3,0,1,0,20170515,164417,Final,0
aif141011g.7101.hdf5,70004763,7101,3,0,1,0,20170515,164417,Final,0
aif141011g.07102.hdf5,70004763,7100,1,0,1,0,20170515,164417,Final,0
aif141011g07103.hdf5,70004763,7101,1,0,1,0,20170515,164417,Final,0
aif140911g.7100.hdf5,70004764,7100,3,0,1,0,20170515,164421,Final,0
aif140911g.7101.hdf5,70004764,7101,3,0,1,0,20170515,164421,Final,0
aif140911g.07102.hdf5,70004764,7100,1,0,1,0,20170515,164421,Final,0
aif140911g07103.hdf5,70004764,7101,1,0,1,0,20170515,164421,Final,0
aif140412g.7100.hdf5,70004765,7100,3,0,1,0,20170515,164421,Final,0
aif140412g.7101.hdf5,70004765,7101,3,0,1,0,20170515,164421,Final,0
aif140412g.07102.hdf5,70004765,7100,1,0,1,0,20170515,164421,Final,0
aif140412g07103.hdf5,70004765,7101,1,0,1,0,20170515,164421,Final,0
aif140812g.7100.hdf5,70004766,7100,3,0,1,0,20170515,164423,Final,0
aif140812g.7101.hdf5,70004766,7101,3,0,1,0,20170515,164423,Final,0
aif140812g.07102.hdf5,70004766,7100,1,0,1,0,20170515,164423,Final,0
aif140812g07103.hdf5,70004766,7101,1,0,1,0,20170515,164423,Final,0
aif141212g.7100.hdf5,70004767,7100,3,0,1,0,20170515,164419,Final,0
aif141212g.7101.hdf5,70004767,7101,3,0,1,0,20170515,164419,Final,0
aif141212g.07102.hdf5,70004767,7100,1,0,1,0,20170515,164419,Final,0
aif141212g07103.hdf5,70004767,7101,1,0,1,0,20170515,164419,Final,0
aif140212g.7100.hdf5,70004768,7100,1,0,1,0,20170515,164417,Final,0
aif140212g.7101.hdf5,70004768,7101,1,0,1,0,20170515,164417,Final,0
aif140112g.7100.hdf5,70004769,7100,1,0,1,0,20170515,164416,Final,0
aif140112g.7101.hdf5,70004769,7101,1,0,1,0,20170515,164416,Final,0
aif140312g.7100.hdf5,70004770,7100,1,0,1,0,20170515,164423,Final,0
aif140312g.7101.hdf5,70004770,7101,1,0,1,0,20170515,164423,Final,0
aif140512g.7100.hdf5,70004771,7100,3,0,1,0,20170515,164418,Final,0
aif140512g.7101.hdf5,70004771,7101,3,0,1,0,20170515,164418,Final,0
aif140512g.07102.hdf5,70004771,7100,1,0,1,0,20170515,164418,Final,0
aif140512g07103.hdf5,70004771,7101,1,0,1,0,20170515,164418,Final,0
aif141112g.7100.hdf5,70004772,7100,3,0,1,0,20170515,164424,Final,0
aif141112g.7101.hdf5,70004772,7101,3,0,1,0,20170515,164424,Final,0
aif141112g.07102.hdf5,70004772,7100,1,0,1,0,20170515,164424,Final,0
aif141112g07103.hdf5,70004772,7101,1,0,1,0,20170515,164424,Final,0
aif140912g.7100.hdf5,70004773,7100,3,0,1,0,20170515,164422,Final,0
aif140912g.7101.hdf5,70004773,7101,3,0,1,0,20170515,164422,Final,0
aif140912g.07102.hdf5,70004773,7100,1,0,1,0,20170515,164422,Final,0
aif140912g07103.hdf5,70004773,7101,1,0,1,0,20170515,164422,Final,0
aif140413g.7100.hdf5,70004774,7100,3,0,1,0,20170515,164420,Final,0
aif140413g.7101.hdf5,70004774,7101,3,0,1,0,20170515,164420,Final,0
aif140413g.07102.hdf5,70004774,7100,1,0,1,0,20170515,164420,Final,0
aif140413g07103.hdf5,70004774,7101,1,0,1,0,20170515,164420,Final,0
aif140813g.7100.hdf5,70004775,7100,3,0,1,0,20170515,164418,Final,0
aif140813g.7101.hdf5,70004775,7101,3,0,1,0,20170515,164418,Final,0
aif140813g.07102.hdf5,70004775,7100,1,0,1,0,20170515,164418,Final,0
aif140813g07103.hdf5,70004775,7101,1,0,1,0,20170515,164418,Final,0
aif141213g.7100.hdf5,70004776,7100,3,0,1,0,20170515,164423,Final,0
aif141213g.7101.hdf5,70004776,7101,3,0,1,0,20170515,164423,Final,0
aif141213g.07102.hdf5,70004776,7100,1,0,1,0,20170515,164423,Final,0
aif141213g07103.hdf5,70004776,7101,1,0,1,0,20170515,164423,Final,0
aif140113g.7100.hdf5,70004777,7100,1,0,1,0,20170515,164421,Final,0
aif140113g.7101.hdf5,70004777,7101,1,0,1,0,20170515,164421,Final,0
aif140313g.7100.hdf5,70004778,7100,1,0,1,0,20170515,164419,Final,0
aif140313g.7101.hdf5,70004778,7101,1,0,1,0,20170515,164419,Final,0
aif141113g.7100.hdf5,70004779,7100,3,0,1,0,20170515,164416,Final,0
aif141113g.7101.hdf5,70004779,7101,3,0,1,0,20170515,164416,Final,0
aif141113g.07102.hdf5,70004779,7100,1,0,1,0,20170515,164416,Final,0
aif141113g07103.hdf5,70004779,7101,1,0,1,0,20170515,164416,Final,0
aif140913g.7100.hdf5,70004780,7100,3,0,1,0,20170515,164422,Final,0
aif140913g.7101.hdf5,70004780,7101,3,0,1,0,20170515,164422,Final,0
aif140913g.07102.hdf5,70004780,7100,1,0,1,0,20170515,164422,Final,0
aif140913g07103.hdf5,70004780,7101,1,0,1,0,20170515,164422,Final,0
aif140814g.7100.hdf5,70004781,7100,3,0,1,0,20170515,164423,Final,0
aif140814g.7101.hdf5,70004781,7101,3,0,1,0,20170515,164423,Final,0
aif140814g.07102.hdf5,70004781,7100,1,0,1,0,20170515,164423,Final,0
aif140814g07103.hdf5,70004781,7101,1,0,1,0,20170515,164423,Final,0
aif141214g.7100.hdf5,70004782,7100,3,0,1,0,20170515,164424,Final,0
aif141214g.7101.hdf5,70004782,7101,3,0,1,0,20170515,164424,Final,0
aif141214g.07102.hdf5,70004782,7100,1,0,1,0,20170515,164424,Final,0
aif141214g07103.hdf5,70004782,7101,1,0,1,0,20170515,164424,Final,0
aif140214g.7100.hdf5,70004783,7100,3,0,1,0,20170515,164419,Final,0
aif140214g.7101.hdf5,70004783,7101,3,0,1,0,20170515,164419,Final,0
aif140214g.07102.hdf5,70004783,7100,1,0,1,0,20170515,164419,Final,0
aif140214g07103.hdf5,70004783,7101,1,0,1,0,20170515,164419,Final,0
aif140114g.7100.hdf5,70004784,7100,1,0,1,0,20170515,164422,Final,0
aif140114g.7101.hdf5,70004784,7101,1,0,1,0,20170515,164422,Final,0
aif140714g.7100.hdf5,70004785,7100,3,0,1,0,20170515,164415,Final,0
aif140714g.7101.hdf5,70004785,7101,3,0,1,0,20170515,164415,Final,0
aif140714g.07102.hdf5,70004785,7100,1,0,1,0,20170515,164415,Final,0
aif140714g07103.hdf5,70004785,7101,1,0,1,0,20170515,164415,Final,0
aif140314g.7100.hdf5,70004786,7100,3,0,1,0,20170515,164418,Final,0
aif140314g.7101.hdf5,70004786,7101,3,0,1,0,20170515,164418,Final,0
aif140314g.07102.hdf5,70004786,7100,1,0,1,0,20170515,164418,Final,0
aif140314g07103.hdf5,70004786,7101,1,0,1,0,20170515,164418,Final,0
aif141114g.7100.hdf5,70004787,7100,3,0,1,0,20170515,164424,Final,0
aif141114g.7101.hdf5,70004787,7101,3,0,1,0,20170515,164424,Final,0
aif141114g.07102.hdf5,70004787,7100,1,0,1,0,20170515,164424,Final,0
aif141114g07103.hdf5,70004787,7101,1,0,1,0,20170515,164424,Final,0
aif140914g.7100.hdf5,70004788,7100,3,0,1,0,20170515,164416,Final,0
aif140914g.7101.hdf5,70004788,7101,3,0,1,0,20170515,164416,Final,0
aif140914g.07102.hdf5,70004788,7100,1,0,1,0,20170515,164416,Final,0
aif140914g07103.hdf5,70004788,7101,1,0,1,0,20170515,164416,Final,0
aif140815g.7100.hdf5,70004789,7100,3,0,1,0,20170515,164415,Final,0
aif140815g.7101.hdf5,70004789,7101,3,0,1,0,20170515,164415,Final,0
aif140815g.07102.hdf5,70004789,7100,1,0,1,0,20170515,164415,Final,0
aif140815g07103.hdf5,70004789,7101,1,0,1,0,20170515,164415,Final,0
aif141215g.7100.hdf5,70004790,7100,3,0,1,0,20170515,164422,Final,0
aif141215g.07101.hdf5,70004790,7100,1,0,1,0,20170515,164422,Final,0
aif140215g.7100.hdf5,70004791,7100,3,0,1,0,20170515,164418,Final,0
aif140215g.7101.hdf5,70004791,7101,3,0,1,0,20170515,164418,Final,0
aif140215g.07102.hdf5,70004791,7100,1,0,1,0,20170515,164418,Final,0
aif140215g07103.hdf5,70004791,7101,1,0,1,0,20170515,164418,Final,0
aif140715g.7100.hdf5,70004792,7100,3,0,1,0,20170515,164424,Final,0
aif140715g.7101.hdf5,70004792,7101,3,0,1,0,20170515,164424,Final,0
aif140715g.07102.hdf5,70004792,7100,1,0,1,0,20170515,164424,Final,0
aif140715g07103.hdf5,70004792,7101,1,0,1,0,20170515,164424,Final,0
aif140615g.7100.hdf5,70004793,7100,3,0,1,0,20170515,164418,Final,0
aif140615g.7101.hdf5,70004793,7101,3,0,1,0,20170515,164418,Final,0
aif140615g.07102.hdf5,70004793,7100,1,0,1,0,20170515,164418,Final,0
aif140615g07103.hdf5,70004793,7101,1,0,1,0,20170515,164418,Final,0
aif141115g.7100.hdf5,70004794,7100,3,0,1,0,20170515,164424,Final,0
aif141115g.7101.hdf5,70004794,7101,3,0,1,0,20170515,164424,Final,0
aif141115g.07102.hdf5,70004794,7100,1,0,1,0,20170515,164424,Final,0
aif141115g07103.hdf5,70004794,7101,1,0,1,0,20170515,164424,Final,0
aif140816g.7100.hdf5,70004795,7100,3,0,1,0,20170515,164417,Final,0
aif140816g.7101.hdf5,70004795,7101,3,0,1,0,20170515,164417,Final,0
aif140816g.07102.hdf5,70004795,7100,1,0,1,0,20170515,164417,Final,0
aif140816g07103.hdf5,70004795,7101,1,0,1,0,20170515,164417,Final,0
aif141216g.7100.hdf5,70004796,7100,3,0,1,0,20170515,164417,Final,0
aif141216g.7101.hdf5,70004796,7101,3,0,1,0,20170515,164417,Final,0
aif141216g.07102.hdf5,70004796,7100,1,0,1,0,20170515,164417,Final,0
aif141216g07103.hdf5,70004796,7101,1,0,1,0,20170515,164417,Final,0
aif140216g.7100.hdf5,70004797,7100,1,0,1,0,20170515,164424,Final,0
aif140216g.7101.hdf5,70004797,7101,1,0,1,0,20170515,164424,Final,0
aif140616g.7100.hdf5,70004798,7100,3,0,1,0,20170515,164419,Final,0
aif140616g.7101.hdf5,70004798,7101,3,0,1,0,20170515,164419,Final,0
aif140616g.07102.hdf5,70004798,7100,1,0,1,0,20170515,164419,Final,0
aif140616g07103.hdf5,70004798,7101,1,0,1,0,20170515,164419,Final,0
aif141116g.7100.hdf5,70004799,7100,3,0,1,0,20170515,164417,Final,0
aif141116g.7101.hdf5,70004799,7101,3,0,1,0,20170515,164417,Final,0
aif141116g.07102.hdf5,70004799,7100,1,0,1,0,20170515,164417,Final,0
aif141116g07103.hdf5,70004799,7101,1,0,1,0,20170515,164417,Final,0
aif140416g.7100.hdf5,70004800,7100,3,0,1,0,20170515,164421,Final,0
aif140416g.7101.hdf5,70004800,7101,3,0,1,0,20170515,164421,Final,0
aif140416g.07102.hdf5,70004800,7100,1,0,1,0,20170515,164421,Final,0
aif140416g07103.hdf5,70004800,7101,1,0,1,0,20170515,164421,Final,0
aif140817g.7100.hdf5,70004801,7100,3,0,1,0,20170515,164425,Final,0
aif140817g.7101.hdf5,70004801,7101,3,0,1,0,20170515,164425,Final,0
aif140817g.07102.hdf5,70004801,7100,1,0,1,0,20170515,164425,Final,0
aif140817g07103.hdf5,70004801,7101,1,0,1,0,20170515,164425,Final,0
aif141217g.7100.hdf5,70004802,7100,3,0,1,0,20170515,164417,Final,0
aif141217g.7101.hdf5,70004802,7101,3,0,1,0,20170515,164417,Final,0
aif141217g.07102.hdf5,70004802,7100,1,0,1,0,20170515,164417,Final,0
aif141217g07103.hdf5,70004802,7101,1,0,1,0,20170515,164417,Final,0
aif140217g.7100.hdf5,70004803,7100,1,0,1,0,20170515,164415,Final,0
aif140217g.7101.hdf5,70004803,7101,1,0,1,0,20170515,164415,Final,0
aif140617g.7100.hdf5,70004804,7100,3,0,1,0,20170515,164423,Final,0
aif140617g.7101.hdf5,70004804,7101,3,0,1,0,20170515,164423,Final,0
aif140617g.07102.hdf5,70004804,7100,1,0,1,0,20170515,164423,Final,0
aif140617g07103.hdf5,70004804,7101,1,0,1,0,20170515,164423,Final,0
aif140517g.7100.hdf5,70004805,7100,3,0,1,0,20170515,164423,Final,0
aif140517g.07101.hdf5,70004805,7100,1,0,1,0,20170515,164423,Final,0
aif141117g.7100.hdf5,70004806,7100,3,0,1,0,20170515,164421,Final,0
aif141117g.7101.hdf5,70004806,7101,3,0,1,0,20170515,164421,Final,0
aif141117g.07102.hdf5,70004806,7100,1,0,1,0,20170515,164421,Final,0
aif141117g07103.hdf5,70004806,7101,1,0,1,0,20170515,164421,Final,0
aif141218g.7100.hdf5,70004807,7100,3,0,1,0,20170515,164422,Final,0
aif141218g.7101.hdf5,70004807,7101,3,0,1,0,20170515,164422,Final,0
aif141218g.07102.hdf5,70004807,7100,1,0,1,0,20170515,164422,Final,0
aif141218g07103.hdf5,70004807,7101,1,0,1,0,20170515,164422,Final,0
aif140218g.7100.hdf5,70004808,7100,1,0,1,0,20170515,164421,Final,0
aif140218g.7101.hdf5,70004808,7101,1,0,1,0,20170515,164421,Final,0
aif140118g.7100.hdf5,70004809,7100,1,0,1,0,20170515,164423,Final,0
aif140118g.7101.hdf5,70004809,7101,1,0,1,0,20170515,164423,Final,0
aif140618g.7100.hdf5,70004810,7100,1,0,1,0,20170515,164421,Final,0
aif140618g.7101.hdf5,70004810,7101,1,0,1,0,20170515,164421,Final,0
aif140318g.7100.hdf5,70004811,7100,1,0,1,0,20170515,164420,Final,0
aif140318g.7101.hdf5,70004811,7101,1,0,1,0,20170515,164420,Final,0
aif140518g.7100.hdf5,70004812,7100,3,0,1,0,20170515,164417,Final,0
aif140518g.7101.hdf5,70004812,7101,3,0,1,0,20170515,164417,Final,0
aif140518g.07102.hdf5,70004812,7100,1,0,1,0,20170515,164417,Final,0
aif140518g07103.hdf5,70004812,7101,1,0,1,0,20170515,164417,Final,0
aif141118g.7100.hdf5,70004813,7100,3,0,1,0,20170515,164421,Final,0
aif141118g.7101.hdf5,70004813,7101,3,0,1,0,20170515,164421,Final,0
aif141118g.07102.hdf5,70004813,7100,1,0,1,0,20170515,164421,Final,0
aif141118g07103.hdf5,70004813,7101,1,0,1,0,20170515,164421,Final,0
aif140819g.7100.hdf5,70004814,7100,3,0,1,0,20170515,164420,Final,0
aif140819g.7101.hdf5,70004814,7101,3,0,1,0,20170515,164420,Final,0
aif140819g.07102.hdf5,70004814,7100,1,0,1,0,20170515,164420,Final,0
aif140819g07103.hdf5,70004814,7101,1,0,1,0,20170515,164420,Final,0
aif141219g.7100.hdf5,70004815,7100,3,0,1,0,20170515,164415,Final,0
aif141219g.7101.hdf5,70004815,7101,3,0,1,0,20170515,164415,Final,0
aif141219g.07102.hdf5,70004815,7100,1,0,1,0,20170515,164415,Final,0
aif141219g07103.hdf5,70004815,7101,1,0,1,0,20170515,164415,Final,0
aif140219g.7100.hdf5,70004816,7100,1,0,1,0,20170515,164416,Final,0
aif140219g.7101.hdf5,70004816,7101,1,0,1,0,20170515,164416,Final,0
aif140119g.7100.hdf5,70004817,7100,1,0,1,0,20170515,164415,Final,0
aif140119g.7101.hdf5,70004817,7101,1,0,1,0,20170515,164415,Final,0
aif140619g.7100.hdf5,70004818,7100,1,0,1,0,20170515,164425,Final,0
aif140619g.7101.hdf5,70004818,7101,1,0,1,0,20170515,164425,Final,0
aif140319g.7100.hdf5,70004819,7100,3,0,1,0,20170515,164420,Final,0
aif140319g.7101.hdf5,70004819,7101,3,0,1,0,20170515,164420,Final,0
aif140319g.07102.hdf5,70004819,7100,1,0,1,0,20170515,164420,Final,0
aif140319g07103.hdf5,70004819,7101,1,0,1,0,20170515,164420,Final,0
aif140519g.7100.hdf5,70004820,7100,3,0,1,0,20170515,164421,Final,0
aif140519g.7101.hdf5,70004820,7101,3,0,1,0,20170515,164421,Final,0
aif140519g.07102.hdf5,70004820,7100,1,0,1,0,20170515,164421,Final,0
aif140519g07103.hdf5,70004820,7101,1,0,1,0,20170515,164421,Final,0
aif141119g.7100.hdf5,70004821,7100,3,0,1,0,20170515,164422,Final,0
aif141119g.7101.hdf5,70004821,7101,3,0,1,0,20170515,164422,Final,0
aif141119g.07102.hdf5,70004821,7100,1,0,1,0,20170515,164422,Final,0
aif141119g07103.hdf5,70004821,7101,1,0,1,0,20170515,164422,Final,0
aif140820g.7100.hdf5,70004822,7100,3,0,1,0,20170515,164418,Final,0
aif140820g.7101.hdf5,70004822,7101,3,0,1,0,20170515,164418,Final,0
aif140820g.07102.hdf5,70004822,7100,1,0,1,0,20170515,164418,Final,0
aif140820g07103.hdf5,70004822,7101,1,0,1,0,20170515,164418,Final,0
aif141220g.7100.hdf5,70004823,7100,3,0,1,0,20170515,164423,Final,0
aif141220g.7101.hdf5,70004823,7101,3,0,1,0,20170515,164423,Final,0
aif141220g.07102.hdf5,70004823,7100,1,0,1,0,20170515,164423,Final,0
aif141220g07103.hdf5,70004823,7101,1,0,1,0,20170515,164423,Final,0
aif140220g.7100.hdf5,70004824,7100,1,0,1,0,20170515,164424,Final,0
aif140220g.7101.hdf5,70004824,7101,1,0,1,0,20170515,164424,Final,0
aif140120g.7100.hdf5,70004825,7100,3,0,1,0,20170515,164424,Final,0
aif140120g.7101.hdf5,70004825,7101,3,0,1,0,20170515,164424,Final,0
aif140120g.07102.hdf5,70004825,7100,1,0,1,0,20170515,164424,Final,0
aif140120g07103.hdf5,70004825,7101,1,0,1,0,20170515,164424,Final,0
aif140720g.7100.hdf5,70004826,7100,3,0,1,0,20170515,164417,Final,0
aif140720g.7101.hdf5,70004826,7101,3,0,1,0,20170515,164417,Final,0
aif140720g.07102.hdf5,70004826,7100,1,0,1,0,20170515,164417,Final,0
aif140720g07103.hdf5,70004826,7101,1,0,1,0,20170515,164417,Final,0
aif140620g.7100.hdf5,70004827,7100,1,0,1,0,20170515,164418,Final,0
aif140620g.7101.hdf5,70004827,7101,1,0,1,0,20170515,164418,Final,0
aif140320g.7100.hdf5,70004828,7100,3,0,1,0,20170515,164423,Final,0
aif140320g.7101.hdf5,70004828,7101,3,0,1,0,20170515,164423,Final,0
aif140320g.07102.hdf5,70004828,7100,1,0,1,0,20170515,164423,Final,0
aif140320g07103.hdf5,70004828,7101,1,0,1,0,20170515,164423,Final,0
aif140520g.7100.hdf5,70004829,7100,3,0,1,0,20170515,164415,Final,0
aif140520g.7101.hdf5,70004829,7101,3,0,1,0,20170515,164415,Final,0
aif140520g.07102.hdf5,70004829,7100,1,0,1,0,20170515,164415,Final,0
aif140520g07103.hdf5,70004829,7101,1,0,1,0,20170515,164415,Final,0
aif141120g.7100.hdf5,70004830,7100,3,0,1,0,20170515,164416,Final,0
aif141120g.7101.hdf5,70004830,7101,3,0,1,0,20170515,164416,Final,0
aif141120g.07102.hdf5,70004830,7100,1,0,1,0,20170515,164416,Final,0
aif141120g07103.hdf5,70004830,7101,1,0,1,0,20170515,164416,Final,0
aif140821g.7100.hdf5,70004831,7100,3,0,1,0,20170515,164415,Final,0
aif140821g.7101.hdf5,70004831,7101,3,0,1,0,20170515,164415,Final,0
aif140821g.07102.hdf5,70004831,7100,1,0,1,0,20170515,164415,Final,0
aif140821g07103.hdf5,70004831,7101,1,0,1,0,20170515,164414,Final,0
aif141221g.7100.hdf5,70004832,7100,3,0,1,0,20170515,164425,Final,0
aif141221g.7101.hdf5,70004832,7101,3,0,1,0,20170515,164425,Final,0
aif141221g.07102.hdf5,70004832,7100,1,0,1,0,20170515,164425,Final,0
aif141221g07103.hdf5,70004832,7101,1,0,1,0,20170515,164425,Final,0
aif140221g.7100.hdf5,70004833,7100,1,0,1,0,20170515,164418,Final,0
aif140221g.7101.hdf5,70004833,7101,1,0,1,0,20170515,164418,Final,0
aif140121g.7100.hdf5,70004834,7100,1,0,1,0,20170515,164422,Final,0
aif140121g.7101.hdf5,70004834,7101,1,0,1,0,20170515,164422,Final,0
aif140721g.7100.hdf5,70004835,7100,3,0,1,0,20170515,164415,Final,0
aif140721g.7101.hdf5,70004835,7101,3,0,1,0,20170515,164415,Final,0
aif140721g.07102.hdf5,70004835,7100,1,0,1,0,20170515,164415,Final,0
aif140721g07103.hdf5,70004835,7101,1,0,1,0,20170515,164415,Final,0
aif140321g.7100.hdf5,70004836,7100,3,0,1,0,20170515,164421,Final,0
aif140321g.7101.hdf5,70004836,7101,3,0,1,0,20170515,164421,Final,0
aif140321g.07102.hdf5,70004836,7100,1,0,1,0,20170515,164421,Final,0
aif140321g07103.hdf5,70004836,7101,1,0,1,0,20170515,164421,Final,0
aif140521g.7100.hdf5,70004837,7100,3,0,1,0,20170515,164422,Final,0
aif140521g.7101.hdf5,70004837,7101,3,0,1,0,20170515,164422,Final,0
aif140521g.07102.hdf5,70004837,7100,1,0,1,0,20170515,164422,Final,0
aif140521g07103.hdf5,70004837,7101,1,0,1,0,20170515,164422,Final,0
aif141121g.7100.hdf5,70004838,7100,3,0,1,0,20170515,164421,Final,0
aif141121g.7101.hdf5,70004838,7101,3,0,1,0,20170515,164421,Final,0
aif141121g.07102.hdf5,70004838,7100,1,0,1,0,20170515,164421,Final,0
aif141121g07103.hdf5,70004838,7101,1,0,1,0,20170515,164421,Final,0
aif141021g.7100.hdf5,70004839,7100,3,0,1,0,20170515,164416,Final,0
aif141021g.7101.hdf5,70004839,7101,3,0,1,0,20170515,164416,Final,0
aif141021g.07102.hdf5,70004839,7100,1,0,1,0,20170515,164416,Final,0
aif141021g07103.hdf5,70004839,7101,1,0,1,0,20170515,164416,Final,0
aif140921g.7100.hdf5,70004840,7100,3,0,1,0,20170515,164422,Final,0
aif140921g.7101.hdf5,70004840,7101,3,0,1,0,20170515,164422,Final,0
aif140921g.07102.hdf5,70004840,7100,1,0,1,0,20170515,164422,Final,0
aif140921g07103.hdf5,70004840,7101,1,0,1,0,20170515,164422,Final,0
aif140421g.7100.hdf5,70004841,7100,3,0,1,0,20170515,164417,Final,0
aif140421g.7101.hdf5,70004841,7101,3,0,1,0,20170515,164417,Final,0
aif140421g.07102.hdf5,70004841,7100,1,0,1,0,20170515,164417,Final,0
aif140421g07103.hdf5,70004841,7101,1,0,1,0,20170515,164417,Final,0
aif140422g.7100.hdf5,70004842,7100,3,0,1,0,20170515,164420,Final,0
aif140422g.7101.hdf5,70004842,7101,3,0,1,0,20170515,164420,Final,0
aif140422g.07102.hdf5,70004842,7100,1,0,1,0,20170515,164420,Final,0
aif140422g07103.hdf5,70004842,7101,1,0,1,0,20170515,164420,Final,0
aif140822g.7100.hdf5,70004843,7100,3,0,1,0,20170515,164416,Final,0
aif140822g.7101.hdf5,70004843,7101,3,0,1,0,20170515,164416,Final,0
aif140822g.07102.hdf5,70004843,7100,1,0,1,0,20170515,164416,Final,0
aif140822g07103.hdf5,70004843,7101,1,0,1,0,20170515,164416,Final,0
aif141222g.7100.hdf5,70004844,7100,3,0,1,0,20170515,164425,Final,0
aif141222g.7101.hdf5,70004844,7101,3,0,1,0,20170515,164425,Final,0
aif141222g.07102.hdf5,70004844,7100,1,0,1,0,20170515,164425,Final,0
aif141222g07103.hdf5,70004844,7101,1,0,1,0,20170515,164425,Final,0
aif140222g.7100.hdf5,70004845,7100,3,0,1,0,20170515,164419,Final,0
aif140222g.7101.hdf5,70004845,7101,3,0,1,0,20170515,164419,Final,0
aif140222g.07102.hdf5,70004845,7100,1,0,1,0,20170515,164419,Final,0
aif140222g07103.hdf5,70004845,7101,1,0,1,0,20170515,164419,Final,0
aif140122g.7100.hdf5,70004846,7100,1,0,1,0,20170515,164417,Final,0
aif140122g.7101.hdf5,70004846,7101,1,0,1,0,20170515,164417,Final,0
aif140621g.7100.hdf5,70004847,7100,3,0,1,0,20170515,164418,Final,0
aif140621g.7101.hdf5,70004847,7101,3,0,1,0,20170515,164418,Final,0
aif140621g.07102.hdf5,70004847,7100,1,0,1,0,20170515,164418,Final,0
aif140621g07103.hdf5,70004847,7101,1,0,1,0,20170515,164418,Final,0
aif140622g.7100.hdf5,70004848,7100,1,0,1,0,20170515,164425,Final,0
aif140622g.7101.hdf5,70004848,7101,1,0,1,0,20170515,164425,Final,0
aif140322g.7100.hdf5,70004849,7100,3,0,1,0,20170515,164415,Final,0
aif140322g.7101.hdf5,70004849,7101,3,0,1,0,20170515,164415,Final,0
aif140322g.07102.hdf5,70004849,7100,1,0,1,0,20170515,164415,Final,0
aif140322g07103.hdf5,70004849,7101,1,0,1,0,20170515,164415,Final,0
aif140522g.7100.hdf5,70004850,7100,1,0,1,0,20170515,164418,Final,0
aif140522g.7101.hdf5,70004850,7101,1,0,1,0,20170515,164418,Final,0
aif141122g.7100.hdf5,70004851,7100,3,0,1,0,20170515,164418,Final,0
aif141122g.7101.hdf5,70004851,7101,3,0,1,0,20170515,164418,Final,0
aif141122g.07102.hdf5,70004851,7100,1,0,1,0,20170515,164418,Final,0
aif141122g07103.hdf5,70004851,7101,1,0,1,0,20170515,164418,Final,0
aif141022g.7100.hdf5,70004852,7100,3,0,1,0,20170515,164420,Final,0
aif141022g.7101.hdf5,70004852,7101,3,0,1,0,20170515,164420,Final,0
aif141022g.07102.hdf5,70004852,7100,1,0,1,0,20170515,164420,Final,0
aif141022g07103.hdf5,70004852,7101,1,0,1,0,20170515,164420,Final,0
aif140922g.7100.hdf5,70004853,7100,3,0,1,0,20170515,164421,Final,0
aif140922g.7101.hdf5,70004853,7101,3,0,1,0,20170515,164421,Final,0
aif140922g.07102.hdf5,70004853,7100,1,0,1,0,20170515,164421,Final,0
aif140922g07103.hdf5,70004853,7101,1,0,1,0,20170515,164421,Final,0
aif140423g.7100.hdf5,70004854,7100,3,0,1,0,20170515,164421,Final,0
aif140423g.7101.hdf5,70004854,7101,3,0,1,0,20170515,164421,Final,0
aif140423g.07102.hdf5,70004854,7100,1,0,1,0,20170515,164421,Final,0
aif140423g07103.hdf5,70004854,7101,1,0,1,0,20170515,164421,Final,0
aif140823g.7100.hdf5,70004855,7100,3,0,1,0,20170515,164415,Final,0
aif140823g.7101.hdf5,70004855,7101,3,0,1,0,20170515,164415,Final,0
aif140823g.07102.hdf5,70004855,7100,1,0,1,0,20170515,164415,Final,0
aif140823g07103.hdf5,70004855,7101,1,0,1,0,20170515,164415,Final,0
aif141223g.7100.hdf5,70004856,7100,3,0,1,0,20170515,164425,Final,0
aif141223g.7101.hdf5,70004856,7101,3,0,1,0,20170515,164425,Final,0
aif141223g.07102.hdf5,70004856,7100,1,0,1,0,20170515,164425,Final,0
aif141223g07103.hdf5,70004856,7101,1,0,1,0,20170515,164425,Final,0
aif140223g.7100.hdf5,70004857,7100,3,0,1,0,20170515,164416,Final,0
aif140223g.7101.hdf5,70004857,7101,3,0,1,0,20170515,164416,Final,0
aif140223g.07102.hdf5,70004857,7100,1,0,1,0,20170515,164416,Final,0
aif140223g07103.hdf5,70004857,7101,1,0,1,0,20170515,164416,Final,0
aif140123g.7100.hdf5,70004858,7100,1,0,1,0,20170515,164417,Final,0
aif140123g.7101.hdf5,70004858,7101,1,0,1,0,20170515,164417,Final,0
aif140623g.7100.hdf5,70004859,7100,3,0,1,0,20170515,164424,Final,0
aif140623g.7101.hdf5,70004859,7101,3,0,1,0,20170515,164424,Final,0
aif140623g.07102.hdf5,70004859,7100,1,0,1,0,20170515,164424,Final,0
aif140623g07103.hdf5,70004859,7101,1,0,1,0,20170515,164424,Final,0
aif140323g.7100.hdf5,70004860,7100,3,0,1,0,20170515,164421,Final,0
aif140323g.7101.hdf5,70004860,7101,3,0,1,0,20170515,164421,Final,0
aif140323g.07102.hdf5,70004860,7100,1,0,1,0,20170515,164421,Final,0
aif140323g07103.hdf5,70004860,7101,1,0,1,0,20170515,164421,Final,0
aif140523g.7100.hdf5,70004861,7100,3,0,1,0,20170515,164423,Final,0
aif140523g.7101.hdf5,70004861,7101,3,0,1,0,20170515,164423,Final,0
aif140523g.07102.hdf5,70004861,7100,1,0,1,0,20170515,164423,Final,0
aif140523g07103.hdf5,70004861,7101,1,0,1,0,20170515,164423,Final,0
aif141123g.7100.hdf5,70004862,7100,3,0,1,0,20170515,164420,Final,0
aif141123g.7101.hdf5,70004862,7101,3,0,1,0,20170515,164420,Final,0
aif141123g.07102.hdf5,70004862,7100,1,0,1,0,20170515,164420,Final,0
aif141123g07103.hdf5,70004862,7101,1,0,1,0,20170515,164420,Final,0
aif141023g.7100.hdf5,70004863,7100,3,0,1,0,20170515,164418,Final,0
aif141023g.7101.hdf5,70004863,7101,3,0,1,0,20170515,164418,Final,0
aif141023g.07102.hdf5,70004863,7100,1,0,1,0,20170515,164418,Final,0
aif141023g07103.hdf5,70004863,7101,1,0,1,0,20170515,164418,Final,0
aif140923g.7100.hdf5,70004864,7100,3,0,1,0,20170515,164420,Final,0
aif140923g.7101.hdf5,70004864,7101,3,0,1,0,20170515,164420,Final,0
aif140923g.07102.hdf5,70004864,7100,1,0,1,0,20170515,164420,Final,0
aif140923g07103.hdf5,70004864,7101,1,0,1,0,20170515,164420,Final,0
aif141224g.7100.hdf5,70004865,7100,3,0,1,0,20170515,164418,Final,0
aif141224g.7101.hdf5,70004865,7101,3,0,1,0,20170515,164418,Final,0
aif141224g.07102.hdf5,70004865,7100,1,0,1,0,20170515,164418,Final,0
aif141224g07103.hdf5,70004865,7101,1,0,1,0,20170515,164418,Final,0
aif140224g.7100.hdf5,70004866,7100,1,0,1,0,20170515,164415,Final,0
aif140224g.7101.hdf5,70004866,7101,1,0,1,0,20170515,164415,Final,0
aif140724g.7100.hdf5,70004867,7100,3,0,1,0,20170515,164425,Final,0
aif140724g.7101.hdf5,70004867,7101,3,0,1,0,20170515,164425,Final,0
aif140724g.07102.hdf5,70004867,7100,1,0,1,0,20170515,164425,Final,0
aif140724g07103.hdf5,70004867,7101,1,0,1,0,20170515,164425,Final,0
aif140624g.7100.hdf5,70004868,7100,3,0,1,0,20170515,164419,Final,0
aif140624g.7101.hdf5,70004868,7101,3,0,1,0,20170515,164419,Final,0
aif140624g.07102.hdf5,70004868,7100,1,0,1,0,20170515,164419,Final,0
aif140624g07103.hdf5,70004868,7101,1,0,1,0,20170515,164419,Final,0
aif140324g.7100.hdf5,70004869,7100,3,0,1,0,20170515,164423,Final,0
aif140324g.7101.hdf5,70004869,7101,3,0,1,0,20170515,164423,Final,0
aif140324g.07102.hdf5,70004869,7100,1,0,1,0,20170515,164423,Final,0
aif140324g07103.hdf5,70004869,7101,1,0,1,0,20170515,164423,Final,0
aif141124g.7100.hdf5,70004870,7100,3,0,1,0,20170515,164422,Final,0
aif141124g.7101.hdf5,70004870,7101,3,0,1,0,20170515,164422,Final,0
aif141124g.07102.hdf5,70004870,7100,1,0,1,0,20170515,164422,Final,0
aif141124g07103.hdf5,70004870,7101,1,0,1,0,20170515,164422,Final,0
aif141024g.7100.hdf5,70004871,7100,3,0,1,0,20170515,164422,Final,0
aif141024g.7101.hdf5,70004871,7101,3,0,1,0,20170515,164422,Final,0
aif141024g.07102.hdf5,70004871,7100,1,0,1,0,20170515,164422,Final,0
aif141024g07103.hdf5,70004871,7101,1,0,1,0,20170515,164422,Final,0
aif140924g.7100.hdf5,70004872,7100,3,0,1,0,20170515,164423,Final,0
aif140924g.7101.hdf5,70004872,7101,3,0,1,0,20170515,164423,Final,0
aif140924g.07102.hdf5,70004872,7100,1,0,1,0,20170515,164423,Final,0
aif140924g07103.hdf5,70004872,7101,1,0,1,0,20170515,164423,Final,0
aif140425g.7100.hdf5,70004873,7100,3,0,1,0,20170515,164420,Final,0
aif140425g.7101.hdf5,70004873,7101,3,0,1,0,20170515,164420,Final,0
aif140425g.07102.hdf5,70004873,7100,1,0,1,0,20170515,164420,Final,0
aif140425g07103.hdf5,70004873,7101,1,0,1,0,20170515,164420,Final,0
aif140225g.7100.hdf5,70004874,7100,3,0,1,0,20170515,164425,Final,0
aif140225g.7101.hdf5,70004874,7101,3,0,1,0,20170515,164425,Final,0
aif140225g.07102.hdf5,70004874,7100,1,0,1,0,20170515,164425,Final,0
aif140225g07103.hdf5,70004874,7101,1,0,1,0,20170515,164425,Final,0
aif140125g.7100.hdf5,70004875,7100,1,0,1,0,20170515,164418,Final,0
aif140125g.7101.hdf5,70004875,7101,1,0,1,0,20170515,164418,Final,0
aif140725g.7100.hdf5,70004876,7100,3,0,1,0,20170515,164416,Final,0
aif140725g.7101.hdf5,70004876,7101,3,0,1,0,20170515,164416,Final,0
aif140725g.07102.hdf5,70004876,7100,1,0,1,0,20170515,164416,Final,0
aif140725g07103.hdf5,70004876,7101,1,0,1,0,20170515,164416,Final,0
aif140625g.7100.hdf5,70004877,7100,3,0,1,0,20170515,164420,Final,0
aif140625g.7101.hdf5,70004877,7101,3,0,1,0,20170515,164420,Final,0
aif140625g.07102.hdf5,70004877,7100,1,0,1,0,20170515,164420,Final,0
aif140625g07103.hdf5,70004877,7101,1,0,1,0,20170515,164420,Final,0
aif140325g.7100.hdf5,70004878,7100,1,0,1,0,20170515,164418,Final,0
aif140325g.7101.hdf5,70004878,7101,1,0,1,0,20170515,164418,Final,0
aif140524g.7100.hdf5,70004879,7100,1,0,1,0,20170515,164423,Final,0
aif140524g.7101.hdf5,70004879,7101,1,0,1,0,20170515,164423,Final,0
aif141125g.7100.hdf5,70004880,7100,3,0,1,0,20170515,164425,Final,0
aif141125g.7101.hdf5,70004880,7101,3,0,1,0,20170515,164425,Final,0
aif141125g.07102.hdf5,70004880,7100,1,0,1,0,20170515,164425,Final,0
aif141125g07103.hdf5,70004880,7101,1,0,1,0,20170515,164425,Final,0
aif141025g.7100.hdf5,70004881,7100,3,0,1,0,20170515,164419,Final,0
aif141025g.7101.hdf5,70004881,7101,3,0,1,0,20170515,164419,Final,0
aif141025g.07102.hdf5,70004881,7100,1,0,1,0,20170515,164419,Final,0
aif141025g07103.hdf5,70004881,7101,1,0,1,0,20170515,164419,Final,0
aif141226g.7100.hdf5,70004882,7100,3,0,1,0,20170515,164415,Final,0
aif141226g.7101.hdf5,70004882,7101,3,0,1,0,20170515,164415,Final,0
aif141226g.07102.hdf5,70004882,7100,1,0,1,0,20170515,164415,Final,0
aif141226g07103.hdf5,70004882,7101,1,0,1,0,20170515,164415,Final,0
aif140226g.7100.hdf5,70004883,7100,1,0,1,0,20170515,164419,Final,0
aif140226g.7101.hdf5,70004883,7101,1,0,1,0,20170515,164419,Final,0
aif140126g.7100.hdf5,70004884,7100,1,0,1,0,20170515,164417,Final,0
aif140126g.7101.hdf5,70004884,7101,1,0,1,0,20170515,164417,Final,0
aif140726g.7100.hdf5,70004885,7100,3,0,1,0,20170515,164422,Final,0
aif140726g.7101.hdf5,70004885,7101,3,0,1,0,20170515,164422,Final,0
aif140726g.07102.hdf5,70004885,7100,1,0,1,0,20170515,164422,Final,0
aif140726g07103.hdf5,70004885,7101,1,0,1,0,20170515,164422,Final,0
aif140626g.7100.hdf5,70004886,7100,1,0,1,0,20170515,164424,Final,0
aif140626g.7101.hdf5,70004886,7101,1,0,1,0,20170515,164424,Final,0
aif140326g.7100.hdf5,70004887,7100,1,0,1,0,20170515,164416,Final,0
aif140326g.7101.hdf5,70004887,7101,1,0,1,0,20170515,164416,Final,0
aif140525g.7100.hdf5,70004888,7100,3,0,1,0,20170515,164425,Final,0
aif140525g.7101.hdf5,70004888,7101,3,0,1,0,20170515,164425,Final,0
aif140525g.07102.hdf5,70004888,7100,1,0,1,0,20170515,164425,Final,0
aif140525g07103.hdf5,70004888,7101,1,0,1,0,20170515,164425,Final,0
aif140526g.7100.hdf5,70004889,7100,3,0,1,0,20170515,164419,Final,0
aif140526g.7101.hdf5,70004889,7101,3,0,1,0,20170515,164419,Final,0
aif140526g.07102.hdf5,70004889,7100,1,0,1,0,20170515,164419,Final,0
aif140526g07103.hdf5,70004889,7101,1,0,1,0,20170515,164419,Final,0
aif141126g.7100.hdf5,70004890,7100,3,0,1,0,20170515,164416,Final,0
aif141126g.7101.hdf5,70004890,7101,3,0,1,0,20170515,164416,Final,0
aif141126g.07102.hdf5,70004890,7100,1,0,1,0,20170515,164416,Final,0
aif141126g07103.hdf5,70004890,7101,1,0,1,0,20170515,164416,Final,0
aif141026g.7100.hdf5,70004891,7100,3,0,1,0,20170515,164420,Final,0
aif141026g.7101.hdf5,70004891,7101,3,0,1,0,20170515,164420,Final,0
aif141026g.07102.hdf5,70004891,7100,1,0,1,0,20170515,164420,Final,0
aif141026g07103.hdf5,70004891,7101,1,0,1,0,20170515,164420,Final,0
aif140926g.7100.hdf5,70004892,7100,3,0,1,0,20170515,164421,Final,0
aif140926g.7101.hdf5,70004892,7101,3,0,1,0,20170515,164421,Final,0
aif140926g.07102.hdf5,70004892,7100,1,0,1,0,20170515,164421,Final,0
aif140926g07103.hdf5,70004892,7101,1,0,1,0,20170515,164421,Final,0
aif141227g.7100.hdf5,70004893,7100,3,0,1,0,20170515,164417,Final,0
aif141227g.7101.hdf5,70004893,7101,3,0,1,0,20170515,164417,Final,0
aif141227g.07102.hdf5,70004893,7100,1,0,1,0,20170515,164417,Final,0
aif141227g07103.hdf5,70004893,7101,1,0,1,0,20170515,164417,Final,0
aif140227g.7100.hdf5,70004894,7100,1,0,1,0,20170515,164423,Final,0
aif140227g.7101.hdf5,70004894,7101,1,0,1,0,20170515,164423,Final,0
aif140727g.7100.hdf5,70004895,7100,3,0,1,0,20170515,164420,Final,0
aif140727g.7101.hdf5,70004895,7101,3,0,1,0,20170515,164420,Final,0
aif140727g.07102.hdf5,70004895,7100,1,0,1,0,20170515,164420,Final,0
aif140727g07103.hdf5,70004895,7101,1,0,1,0,20170515,164420,Final,0
aif140627g.7100.hdf5,70004896,7100,3,0,1,0,20170515,164420,Final,0
aif140627g.7101.hdf5,70004896,7101,3,0,1,0,20170515,164420,Final,0
aif140627g.07102.hdf5,70004896,7100,1,0,1,0,20170515,164420,Final,0
aif140627g07103.hdf5,70004896,7101,1,0,1,0,20170515,164420,Final,0
aif140327g.7100.hdf5,70004897,7100,1,0,1,0,20170515,164422,Final,0
aif140327g.7101.hdf5,70004897,7101,1,0,1,0,20170515,164422,Final,0
aif140527g.7100.hdf5,70004898,7100,3,0,1,0,20170515,164418,Final,0
aif140527g.7101.hdf5,70004898,7101,3,0,1,0,20170515,164418,Final,0
aif140527g.07102.hdf5,70004898,7100,1,0,1,0,20170515,164418,Final,0
aif140527g07103.hdf5,70004898,7101,1,0,1,0,20170515,164418,Final,0
aif141027g.7100.hdf5,70004899,7100,3,0,1,0,20170515,164424,Final,0
aif141027g.7101.hdf5,70004899,7101,3,0,1,0,20170515,164424,Final,0
aif141027g.07102.hdf5,70004899,7100,1,0,1,0,20170515,164424,Final,0
aif141027g07103.hdf5,70004899,7101,1,0,1,0,20170515,164424,Final,0
aif140927g.7100.hdf5,70004900,7100,3,0,1,0,20170515,164419,Final,0
aif140927g.7101.hdf5,70004900,7101,3,0,1,0,20170515,164419,Final,0
aif140927g.07102.hdf5,70004900,7100,1,0,1,0,20170515,164419,Final,0
aif140927g07103.hdf5,70004900,7101,1,0,1,0,20170515,164419,Final,0
aif140428g.7100.hdf5,70004901,7100,1,0,1,0,20170515,164415,Final,0
aif140428g.7101.hdf5,70004901,7101,1,0,1,0,20170515,164415,Final,0
aif140228g.7100.hdf5,70004902,7100,3,0,1,0,20170515,164424,Final,0
aif140228g.7101.hdf5,70004902,7101,3,0,1,0,20170515,164424,Final,0
aif140228g.07102.hdf5,70004902,7100,1,0,1,0,20170515,164423,Final,0
aif140228g07103.hdf5,70004902,7101,1,0,1,0,20170515,164424,Final,0
aif140127g.7100.hdf5,70004903,7100,1,0,1,0,20170515,164422,Final,0
aif140127g.7101.hdf5,70004903,7101,1,0,1,0,20170515,164422,Final,0
aif140728g.7100.hdf5,70004904,7100,3,0,1,0,20170515,164419,Final,0
aif140728g.7101.hdf5,70004904,7101,3,0,1,0,20170515,164419,Final,0
aif140728g.07102.hdf5,70004904,7100,1,0,1,0,20170515,164419,Final,0
aif140728g07103.hdf5,70004904,7101,1,0,1,0,20170515,164419,Final,0
aif140628g.7100.hdf5,70004905,7100,3,0,1,0,20170515,164425,Final,0
aif140628g.7101.hdf5,70004905,7101,3,0,1,0,20170515,164425,Final,0
aif140628g.07102.hdf5,70004905,7100,1,0,1,0,20170515,164425,Final,0
aif140628g07103.hdf5,70004905,7101,1,0,1,0,20170515,164425,Final,0
aif140328g.7100.hdf5,70004906,7100,3,0,1,0,20170515,164419,Final,0
aif140328g.7101.hdf5,70004906,7101,3,0,1,0,20170515,164419,Final,0
aif140328g.07102.hdf5,70004906,7100,1,0,1,0,20170515,164419,Final,0
aif140328g07103.hdf5,70004906,7101,1,0,1,0,20170515,164419,Final,0
aif140528g.7100.hdf5,70004907,7100,1,0,1,0,20170515,164420,Final,0
aif140528g.7101.hdf5,70004907,7101,1,0,1,0,20170515,164420,Final,0
aif141128g.7100.hdf5,70004908,7100,3,0,1,0,20170515,164415,Final,0
aif141128g.7101.hdf5,70004908,7101,3,0,1,0,20170515,164415,Final,0
aif141128g.07102.hdf5,70004908,7100,1,0,1,0,20170515,164415,Final,0
aif141128g07103.hdf5,70004908,7101,1,0,1,0,20170515,164415,Final,0
aif141028g.7100.hdf5,70004909,7100,3,0,1,0,20170515,164420,Final,0
aif141028g.7101.hdf5,70004909,7101,3,0,1,0,20170515,164420,Final,0
aif141028g.07102.hdf5,70004909,7100,1,0,1,0,20170515,164420,Final,0
aif141028g07103.hdf5,70004909,7101,1,0,1,0,20170515,164420,Final,0
aif140928g.7100.hdf5,70004910,7100,3,0,1,0,20170515,164418,Final,0
aif140928g.7101.hdf5,70004910,7101,3,0,1,0,20170515,164418,Final,0
aif140928g.07102.hdf5,70004910,7100,1,0,1,0,20170515,164418,Final,0
aif140928g07103.hdf5,70004910,7101,1,0,1,0,20170515,164418,Final,0
aif141229g.7100.hdf5,70004911,7100,3,0,1,0,20170515,164420,Final,0
aif141229g.7101.hdf5,70004911,7101,3,0,1,0,20170515,164420,Final,0
aif141229g.07102.hdf5,70004911,7100,1,0,1,0,20170515,164420,Final,0
aif141229g07103.hdf5,70004911,7101,1,0,1,0,20170515,164420,Final,0
aif140129g.7100.hdf5,70004912,7100,1,0,1,0,20170515,164420,Final,0
aif140129g.7101.hdf5,70004912,7101,1,0,1,0,20170515,164420,Final,0
aif140729g.7100.hdf5,70004913,7100,3,0,1,0,20170515,164418,Final,0
aif140729g.7101.hdf5,70004913,7101,3,0,1,0,20170515,164418,Final,0
aif140729g.07102.hdf5,70004913,7100,1,0,1,0,20170515,164418,Final,0
aif140729g07103.hdf5,70004913,7101,1,0,1,0,20170515,164418,Final,0
aif140629g.7100.hdf5,70004914,7100,3,0,1,0,20170515,164419,Final,0
aif140629g.7101.hdf5,70004914,7101,3,0,1,0,20170515,164419,Final,0
aif140629g.07102.hdf5,70004914,7100,1,0,1,0,20170515,164419,Final,0
aif140629g07103.hdf5,70004914,7101,1,0,1,0,20170515,164419,Final,0
aif140329g.7100.hdf5,70004915,7100,3,0,1,0,20170515,164418,Final,0
aif140329g.7101.hdf5,70004915,7101,3,0,1,0,20170515,164418,Final,0
aif140329g.07102.hdf5,70004915,7100,1,0,1,0,20170515,164418,Final,0
aif140329g07103.hdf5,70004915,7101,1,0,1,0,20170515,164418,Final,0
aif140529g.7100.hdf5,70004916,7100,1,0,1,0,20170515,164421,Final,0
aif140529g.7101.hdf5,70004916,7101,1,0,1,0,20170515,164421,Final,0
aif141129g.7100.hdf5,70004917,7100,3,0,1,0,20170515,164422,Final,0
aif141129g.7101.hdf5,70004917,7101,3,0,1,0,20170515,164422,Final,0
aif141129g.07102.hdf5,70004917,7100,1,0,1,0,20170515,164422,Final,0
aif141129g07103.hdf5,70004917,7101,1,0,1,0,20170515,164422,Final,0
aif141029g.7100.hdf5,70004918,7100,3,0,1,0,20170515,164424,Final,0
aif141029g.7101.hdf5,70004918,7101,3,0,1,0,20170515,164424,Final,0
aif141029g.07102.hdf5,70004918,7100,1,0,1,0,20170515,164424,Final,0
aif141029g07103.hdf5,70004918,7101,1,0,1,0,20170515,164424,Final,0
aif140430g.7100.hdf5,70004919,7100,3,0,1,0,20170515,164423,Final,0
aif140430g.7101.hdf5,70004919,7101,3,0,1,0,20170515,164423,Final,0
aif140430g.07102.hdf5,70004919,7100,1,0,1,0,20170515,164423,Final,0
aif140430g07103.hdf5,70004919,7101,1,0,1,0,20170515,164423,Final,0
aif141230g.7100.hdf5,70004920,7100,3,0,1,0,20170515,164420,Final,0
aif141230g.7101.hdf5,70004920,7101,3,0,1,0,20170515,164421,Final,0
aif141230g.07102.hdf5,70004920,7100,1,0,1,0,20170515,164420,Final,0
aif141230g07103.hdf5,70004920,7101,1,0,1,0,20170515,164420,Final,0
aif140130g.7100.hdf5,70004921,7100,1,0,1,0,20170515,164416,Final,0
aif140130g.7101.hdf5,70004921,7101,1,0,1,0,20170515,164415,Final,0
aif140730g.7100.hdf5,70004922,7100,3,0,1,0,20170515,164419,Final,0
aif140730g.7101.hdf5,70004922,7101,3,0,1,0,20170515,164419,Final,0
aif140730g.07102.hdf5,70004922,7100,1,0,1,0,20170515,164419,Final,0
aif140730g07103.hdf5,70004922,7101,1,0,1,0,20170515,164419,Final,0
aif140630g.7100.hdf5,70004923,7100,3,0,1,0,20170515,164425,Final,0
aif140630g.7101.hdf5,70004923,7101,3,0,1,0,20170515,164425,Final,0
aif140630g.07102.hdf5,70004923,7100,1,0,1,0,20170515,164425,Final,0
aif140630g07103.hdf5,70004923,7101,1,0,1,0,20170515,164425,Final,0
aif140330g.7100.hdf5,70004924,7100,3,0,1,0,20170515,164423,Final,0
aif140330g.7101.hdf5,70004924,7101,3,0,1,0,20170515,164423,Final,0
aif140330g.07102.hdf5,70004924,7100,1,0,1,0,20170515,164423,Final,0
aif140330g07103.hdf5,70004924,7101,1,0,1,0,20170515,164423,Final,0
aif140530g.7100.hdf5,70004925,7100,3,0,1,0,20170515,164417,Final,0
aif140530g.7101.hdf5,70004925,7101,3,0,1,0,20170515,164417,Final,0
aif140530g.07102.hdf5,70004925,7100,1,0,1,0,20170515,164417,Final,0
aif140530g07103.hdf5,70004925,7101,1,0,1,0,20170515,164417,Final,0
aif141130g.7100.hdf5,70004926,7100,3,0,1,0,20170515,164420,Final,0
aif141130g.7101.hdf5,70004926,7101,3,0,1,0,20170515,164420,Final,0
aif141130g.07102.hdf5,70004926,7100,1,0,1,0,20170515,164420,Final,0
aif141130g07103.hdf5,70004926,7101,1,0,1,0,20170515,164420,Final,0
aif141030g.7100.hdf5,70004927,7100,3,0,1,0,20170515,164422,Final,0
aif141030g.7101.hdf5,70004927,7101,3,0,1,0,20170515,164422,Final,0
aif141030g.07102.hdf5,70004927,7100,1,0,1,0,20170515,164422,Final,0
aif141030g07103.hdf5,70004927,7101,1,0,1,0,20170515,164422,Final,0
aif140930g.7100.hdf5,70004928,7100,1,0,1,0,20170515,164425,Final,0
aif140930g.7101.hdf5,70004928,7101,1,0,1,0,20170515,164425,Final,0
aif141231g.7100.hdf5,70004929,7100,3,0,1,0,20170515,164419,Final,0
aif141231g.7101.hdf5,70004929,7101,3,0,1,0,20170515,164419,Final,0
aif141231g.07102.hdf5,70004929,7100,1,0,1,0,20170515,164419,Final,0
aif141231g07103.hdf5,70004929,7101,1,0,1,0,20170515,164419,Final,0
aif140131g.7100.hdf5,70004930,7100,1,0,1,0,20170515,164416,Final,0
aif140131g.7101.hdf5,70004930,7101,1,0,1,0,20170515,164416,Final,0
aif140731g.7100.hdf5,70004931,7100,3,0,1,0,20170515,164423,Final,0
aif140731g.7101.hdf5,70004931,7101,3,0,1,0,20170515,164423,Final,0
aif140731g.07102.hdf5,70004931,7100,1,0,1,0,20170515,164423,Final,0
aif140731g07103.hdf5,70004931,7101,1,0,1,0,20170515,164423,Final,0
aif140331g.7100.hdf5,70004932,7100,3,0,1,0,20170515,164421,Final,0
aif140331g.7101.hdf5,70004932,7101,3,0,1,0,20170515,164421,Final,0
aif140331g.07102.hdf5,70004932,7100,1,0,1,0,20170515,164421,Final,0
aif140331g07103.hdf5,70004932,7101,1,0,1,0,20170515,164421,Final,0
aif140531g.7100.hdf5,70004933,7100,1,0,1,0,20170515,164419,Final,0
aif140531g.7101.hdf5,70004933,7101,1,0,1,0,20170515,164419,Final,0
aif141031g.7100.hdf5,70004934,7100,3,0,1,0,20170515,164424,Final,0
aif141031g.7101.hdf5,70004934,7101,3,0,1,0,20170515,164424,Final,0
aif141031g.07102.hdf5,70004934,7100,1,0,1,0,20170515,164424,Final,0
aif141031g07103.hdf5,70004934,7101,1,0,1,0,20170515,164424,Final,0
akl_tn_K2014262.asc.hdf5,70004935,10002,1,0,1,0,20180110,025226,Final,0
akl_k_K2014262.asc.hdf5,70004935,2002,1,0,1,0,20180110,025334,Final,0
aro20141001plg.001.hdf5,70004936,2040,1,0,1,0,20170515,164620,FINAL,0
aro20140911mrag.001.hdf5,70004937,2010,1,0,1,0,20170515,164540,Final,0
aro20140912plg.001.hdf5,70004938,2040,1,0,1,0,20170515,164602,FINAL,0
aro20140913plg.001.hdf5,70004939,2040,1,0,1,0,20170515,164603,FINAL,0
aro20140914plg.001.hdf5,70004940,2040,1,0,1,0,20170515,164452,FINAL,0
aro20141215mrag.001.hdf5,70004941,2010,1,0,1,0,20170515,164610,Final,0
aro20141215plg.001.hdf5,70004941,2040,1,0,1,0,20180426,161009,Final,0
aro20141215clpg.000.hdf5,70004941,2020,1,0,1,0,20180426,161241,Preliminary,0
aro20140915plg.001.hdf5,70004942,2040,1,0,1,0,20170515,164556,FINAL,0
aro20141216mrag.000.hdf5,70004943,2010,3,0,1,0,20170515,164512,History,0
aro20141216mrag.001.hdf5,70004943,2010,1,0,1,0,20170515,164512,Final,0
aro20141216clpg.000.hdf5,70004943,2020,1,0,1,0,20180426,161411,Preliminary,0
aro20141217plg.001.hdf5,70004944,2040,1,0,1,0,20170515,164518,FINAL,0
aro20141217clpg.000.hdf5,70004944,2020,1,0,1,0,20180426,161327,Preliminary,0
aro20141218plg.001.hdf5,70004945,2040,1,0,1,0,20170515,164547,FINAL,0
aro20141218clpg.000.hdf5,70004945,2020,1,0,1,0,20180426,160616,Preliminary,0
aro20141219plg.001.hdf5,70004946,2040,1,0,1,0,20170515,164439,FINAL,0
aro20141219clpg.000.hdf5,70004946,2020,1,0,1,0,20180426,160733,Preliminary,0
aro20141220plg.001.hdf5,70004947,2040,1,0,1,0,20170515,164615,FINAL,0
aro20141220clpg.000.hdf5,70004947,2020,1,0,1,0,20180426,160528,Preliminary,0
aro20141221plg.001.hdf5,70004948,2040,1,0,1,0,20170515,164637,FINAL,0
aro20141221clpg.000.hdf5,70004948,2020,1,0,1,0,20180426,160818,Preliminary,0
aro20141222plg.001.hdf5,70004949,2040,1,0,1,0,20170515,164631,FINAL,0
aro20141222clpg.000.hdf5,70004949,2020,1,0,1,0,20180426,160650,Preliminary,0
aro20140722mrag.001.hdf5,70004950,2010,1,0,1,0,20170515,164545,Preliminary - final calibration pending,0
aro20140722mrag.002.hdf5,70004950,2010,1,0,1,0,20170515,164547,Preliminary - final calibration pending,0
aro20140722mrag.001.hdf5,70004951,2010,1,0,1,0,20170515,164445,Preliminary - final calibration pending,0
aro20140722bneg.000.hdf5,70004952,2015,1,0,1,0,20170515,164602,Preliminary - final calibration pending,0
aro20140722mrag.000.hdf5,70004953,2010,1,0,1,0,20170515,164602,Preliminary - final calibration pending,0
one_ion_aro20140722topg.000.hdf5,70004953,2018,1,0,1,0,20170515,164603,Preliminary - final calibration pending,0
aro20140722mrag.001.hdf5,70004953,2010,1,0,1,0,20170515,164602,Preliminary - final calibration pending,0
aro20140722mrag.000.hdf5,70004954,2010,1,0,1,0,20170515,164525,Preliminary - final calibration pending,0
aro20140723bneg.000.hdf5,70004954,2015,1,0,1,0,20170515,164525,Preliminary - final calibration pending,0
aro20140927mrag.001.hdf5,70004955,2010,1,0,1,0,20170515,164540,Final,0
aro20140928plg.001.hdf5,70004956,2040,1,0,1,0,20170515,164518,FINAL,0
aro20140929plg.001.hdf5,70004957,2040,1,0,1,0,20170515,164620,FINAL,0
aro20140930plg.001.hdf5,70004958,2040,1,0,1,0,20170515,164643,FINAL,0
aro20140401pll.001.hdf5,70004959,2040,1,0,1,0,20170515,164840,FINAL,0
aro20140201pll.001.hdf5,70004960,2040,1,0,1,0,20170515,165022,FINAL,0
aro20140402pll.001.hdf5,70004961,2040,1,0,1,0,20170515,165020,FINAL,0
aro20140202pll.001.hdf5,70004962,2040,1,0,1,0,20170515,164812,FINAL,0
t1193_03feb2014lf.out.hdf5,70004963,2010,1,0,1,0,20170515,164922,Realtime Uncalibrated/Uncorrected,0
aro20140203pll.001.hdf5,70004963,2040,1,0,1,0,20170515,164922,Final,0
t1193_04feb2014lf.out.hdf5,70004964,2010,1,0,1,0,20170515,165023,Realtime Uncalibrated/Uncorrected,0
aro20140204pll.001.hdf5,70004964,2040,1,0,1,0,20170515,165023,Final,0
aro20140405pll.001.hdf5,70004965,2040,1,0,1,0,20170515,164844,FINAL,0
aro20140205pll.001.hdf5,70004966,2040,1,0,1,0,20170515,165023,FINAL,0
aro20140406pll.001.hdf5,70004967,2040,1,0,1,0,20170515,165018,FINAL,0
t1193_08jan2014lf.out.hdf5,70004968,2010,3,0,1,0,20170515,164819,History,0
aro20140108mral.001.hdf5,70004968,2010,1,0,1,0,20170515,164819,Final,0
aro20140108pll.001.hdf5,70004968,2041,1,0,1,0,20170515,164819,Final,0
aro20140109pll.001.hdf5,70004969,2041,1,0,1,0,20170515,165015,FINAL,0
aro20140110pll.001.hdf5,70004970,2041,1,0,1,0,20170515,165012,FINAL,0
aro20140911mral.001.hdf5,70004971,2010,1,0,1,0,20170515,164921,Final,0
aro20141215mral.001.hdf5,70004972,2010,1,0,1,0,20170515,165018,Final,0
aro20140715mral.000.hdf5,70004973,2010,1,0,1,0,20170515,165021,Preliminary - final calibration pending,0
aro20141216mral.000.hdf5,70004974,2010,3,0,1,0,20170515,164840,History,0
aro20141216mral.001.hdf5,70004974,2010,1,0,1,0,20170515,164819,Final,0
aro20141118mral.000.hdf5,70004975,2010,1,0,1,0,20170515,164922,Realtime Uncalibrated/Uncorrected,0
aro20140722mral.001.hdf5,70004976,2010,1,0,1,0,20170515,164813,Preliminary - final calibration pending,0
aro20140722bnel.000.hdf5,70004977,2015,1,0,1,0,20170515,165015,Preliminary - final calibration pending,0
aro20140722mral.000.hdf5,70004978,2010,1,0,1,0,20170515,165016,Preliminary - final calibration pending,0
one_ion_aro20140722topl.000.hdf5,70004978,2018,1,0,1,0,20170515,165016,Preliminary - final calibration pending,0
aro20140722mral.001.hdf5,70004978,2010,1,0,1,0,20170515,165016,Preliminary - final calibration pending,0
aro20140722mral.000.hdf5,70004979,2010,1,0,1,0,20170515,164845,Preliminary - final calibration pending,0
aro20140722mral.000.hdf5,70004980,2010,1,0,1,0,20170515,164922,Preliminary - final calibration pending,0
one_ion_aro20140723topl.000.hdf5,70004980,2018,1,0,1,0,20170515,164922,Preliminary - final calibration pending,0
aro20140722mral.000.hdf5,70004981,2010,1,0,1,0,20170515,164844,Preliminary - final calibration pending,0
aro20140723bnel.000.hdf5,70004981,2015,1,0,1,0,20170515,164844,Preliminary - final calibration pending,0
aro20140927mral.001.hdf5,70004982,2010,1,0,1,0,20170515,164845,Final,0
aro20140129mral.001.hdf5,70004983,2010,1,0,1,0,20170515,164915,Final,0
aro20140129bnel.000.hdf5,70004983,2015,1,0,1,0,20170515,164859,Preliminary_10_seconds_integration,0
aro20140129pll.001.hdf5,70004983,2040,1,0,1,0,20170515,164915,Final,0
t1193_30jan2014lf.out.hdf5,70004984,2010,1,0,1,0,20170515,164812,Realtime Uncalibrated/Uncorrected,0
aro20140130pll.001.hdf5,70004984,2040,1,0,1,0,20170515,164812,Final,0
t1193_31jan2014lf.out.hdf5,70004985,2010,1,0,1,0,20170515,164813,Realtime Uncalibrated/Uncorrected,0
aro20140131pll.001.hdf5,70004985,2040,1,0,1,0,20170515,164813,Final,0
aro20140331mral.000.out.hdf5,70004986,2010,3,0,1,0,20170515,164922,History,0
aro20140331mral.001.hdf5,70004986,2010,1,0,1,0,20170515,165009,Final,0
aro20140331bnel.000.hdf5,70004986,2015,1,0,1,0,20170515,165009,Preliminary_10_seconds_integration,0
aro20140331pll.001.hdf5,70004986,2040,1,0,1,0,20170515,165009,Final,0
aro20140722vecF.000.hdf5,70004987,2011,1,0,1,0,20170515,164713,Preliminary - final calibration pending,0
aro20140723vecF.000.hdf5,70004988,2011,1,0,1,0,20170515,164713,Preliminary - final calibration pending,0
asl20140917.001.hdf5,70004989,7150,1,0,1,0,20180110,054213,Preliminary,0
asl20140919.001.hdf5,70004990,7150,1,0,1,0,20180110,020533,Preliminary,0
asl20140920.001.hdf5,70004991,7150,1,0,1,0,20180110,054121,Preliminary,0
asl20140825.001.hdf5,70004992,7150,1,0,1,0,20180110,014904,Preliminary,0
asl20140826.001.hdf5,70004993,7150,1,0,1,0,20180110,025222,Preliminary,0
aai20150401.00001.hdf5,70004994,20,1,0,1,0,20170515,163657,Final,0
aai20150801.00001.hdf5,70004995,20,1,0,1,0,20170515,163657,Final,0
aai20151201.00001.hdf5,70004996,20,1,0,1,0,20170515,163658,Final,0
aai20150201.00001.hdf5,70004997,20,1,0,1,0,20170515,163655,Final,0
aai20150101.00001.hdf5,70004998,20,1,0,1,0,20170515,163654,Final,0
aai20150301.00001.hdf5,70004999,20,1,0,1,0,20170515,163652,Final,0
aai20150501.00001.hdf5,70005000,20,1,0,1,0,20170515,163655,Final,0
aai20151101.00001.hdf5,70005001,20,1,0,1,0,20170515,163655,Final,0
aai20151001.00001.hdf5,70005002,20,1,0,1,0,20170515,163655,Final,0
aai20150901.00001.hdf5,70005003,20,1,0,1,0,20170515,163656,Final,0
aai20150402.00001.hdf5,70005004,20,1,0,1,0,20170515,163656,Final,0
aai20150802.00001.hdf5,70005005,20,1,0,1,0,20170515,163655,Final,0
aai20151202.00001.hdf5,70005006,20,1,0,1,0,20170515,163653,Final,0
aai20150202.00001.hdf5,70005007,20,1,0,1,0,20170515,163656,Final,0
aai20150102.00001.hdf5,70005008,20,1,0,1,0,20170515,163657,Final,0
aai20150302.00001.hdf5,70005009,20,1,0,1,0,20170515,163653,Final,0
aai20150502.00001.hdf5,70005010,20,1,0,1,0,20170515,163657,Final,0
aai20151102.00001.hdf5,70005011,20,1,0,1,0,20170515,163656,Final,0
aai20151002.00001.hdf5,70005012,20,1,0,1,0,20170515,163657,Final,0
aai20150902.00001.hdf5,70005013,20,1,0,1,0,20170515,163657,Final,0
aai20150803.00001.hdf5,70005014,20,1,0,1,0,20170515,163657,Final,0
aai20151203.00001.hdf5,70005015,20,1,0,1,0,20170515,163658,Final,0
aai20150103.00001.hdf5,70005016,20,1,0,1,0,20170515,163654,Final,0
aai20150703.00001.hdf5,70005017,20,1,0,1,0,20170515,163657,Final,0
aai20150603.00001.hdf5,70005018,20,1,0,1,0,20170515,163654,Final,0
aai20150303.00001.hdf5,70005019,20,1,0,1,0,20170515,163652,Final,0
aai20151103.00001.hdf5,70005020,20,1,0,1,0,20170515,163658,Final,0
aai20151003.00001.hdf5,70005021,20,1,0,1,0,20170515,163657,Final,0
aai20150903.00001.hdf5,70005022,20,1,0,1,0,20170515,163656,Final,0
aai20150804.00001.hdf5,70005023,20,1,0,1,0,20170515,163652,Final,0
aai20151204.00001.hdf5,70005024,20,1,0,1,0,20170515,163658,Final,0
aai20150704.00001.hdf5,70005025,20,1,0,1,0,20170515,163659,Final,0
aai20150604.00001.hdf5,70005026,20,1,0,1,0,20170515,163656,Final,0
aai20150304.00001.hdf5,70005027,20,1,0,1,0,20170515,163656,Final,0
aai20151104.00001.hdf5,70005028,20,1,0,1,0,20170515,163658,Final,0
aai20151004.00001.hdf5,70005029,20,1,0,1,0,20170515,163659,Final,0
aai20150904.00001.hdf5,70005030,20,1,0,1,0,20170515,163653,Final,0
aai20150805.00001.hdf5,70005031,20,1,0,1,0,20170515,163657,Final,0
aai20151205.00001.hdf5,70005032,20,1,0,1,0,20170515,163657,Final,0
aai20150205.00001.hdf5,70005033,20,1,0,1,0,20170515,163658,Final,0
aai20150705.00001.hdf5,70005034,20,1,0,1,0,20170515,163655,Final,0
aai20150605.00001.hdf5,70005035,20,1,0,1,0,20170515,163658,Final,0
aai20150505.00001.hdf5,70005036,20,1,0,1,0,20170515,163655,Final,0
aai20151105.00001.hdf5,70005037,20,1,0,1,0,20170515,163656,Final,0
aai20151005.00001.hdf5,70005038,20,1,0,1,0,20170515,163657,Final,0
aai20150905.00001.hdf5,70005039,20,1,0,1,0,20170515,163656,Final,0
aai20150406.00001.hdf5,70005040,20,1,0,1,0,20170515,163654,Final,0
aai20150806.00001.hdf5,70005041,20,1,0,1,0,20170515,163656,Final,0
aai20151206.00001.hdf5,70005042,20,1,0,1,0,20170515,163654,Final,0
aai20150206.00001.hdf5,70005043,20,1,0,1,0,20170515,163657,Final,0
aai20150706.00001.hdf5,70005044,20,1,0,1,0,20170515,163654,Final,0
aai20150606.00001.hdf5,70005045,20,1,0,1,0,20170515,163652,Final,0
aai20150506.00001.hdf5,70005046,20,1,0,1,0,20170515,163657,Final,0
aai20151106.00001.hdf5,70005047,20,1,0,1,0,20170515,163658,Final,0
aai20151006.00001.hdf5,70005048,20,1,0,1,0,20170515,163657,Final,0
aai20150906.00001.hdf5,70005049,20,1,0,1,0,20170515,163658,Final,0
aai20150407.00001.hdf5,70005050,20,1,0,1,0,20170515,163657,Final,0
aai20150807.00001.hdf5,70005051,20,1,0,1,0,20170515,163654,Final,0
aai20151207.00001.hdf5,70005052,20,1,0,1,0,20170515,163654,Final,0
aai20150207.00001.hdf5,70005053,20,1,0,1,0,20170515,163657,Final,0
aai20150107.00001.hdf5,70005054,20,1,0,1,0,20170515,163654,Final,0
aai20150707.00001.hdf5,70005055,20,1,0,1,0,20170515,163655,Final,0
aai20150607.00001.hdf5,70005056,20,1,0,1,0,20170515,163655,Final,0
aai20150307.00001.hdf5,70005057,20,1,0,1,0,20170515,163654,Final,0
aai20150507.00001.hdf5,70005058,20,1,0,1,0,20170515,163654,Final,0
aai20151107.00001.hdf5,70005059,20,1,0,1,0,20170515,163658,Final,0
aai20151007.00001.hdf5,70005060,20,1,0,1,0,20170515,163654,Final,0
aai20150907.00001.hdf5,70005061,20,1,0,1,0,20170515,163655,Final,0
aai20150408.00001.hdf5,70005062,20,1,0,1,0,20170515,163655,Final,0
aai20150808.00001.hdf5,70005063,20,1,0,1,0,20170515,163656,Final,0
aai20151208.00001.hdf5,70005064,20,1,0,1,0,20170515,163655,Final,0
aai20150208.00001.hdf5,70005065,20,1,0,1,0,20170515,163653,Final,0
aai20150108.00001.hdf5,70005066,20,1,0,1,0,20170515,163654,Final,0
aai20150708.00001.hdf5,70005067,20,1,0,1,0,20170515,163658,Final,0
aai20150608.00001.hdf5,70005068,20,1,0,1,0,20170515,163652,Final,0
aai20150308.00001.hdf5,70005069,20,1,0,1,0,20170515,163658,Final,0
aai20150508.00001.hdf5,70005070,20,1,0,1,0,20170515,163657,Final,0
aai20151108.00001.hdf5,70005071,20,1,0,1,0,20170515,163655,Final,0
aai20151008.00001.hdf5,70005072,20,1,0,1,0,20170515,163658,Final,0
aai20150908.00001.hdf5,70005073,20,1,0,1,0,20170515,163652,Final,0
aai20150409.00001.hdf5,70005074,20,1,0,1,0,20170515,163652,Final,0
aai20150809.00001.hdf5,70005075,20,1,0,1,0,20170515,163653,Final,0
aai20151209.00001.hdf5,70005076,20,1,0,1,0,20170515,163654,Final,0
aai20150209.00001.hdf5,70005077,20,1,0,1,0,20170515,163658,Final,0
aai20150109.00001.hdf5,70005078,20,1,0,1,0,20170515,163657,Final,0
aai20150709.00001.hdf5,70005079,20,1,0,1,0,20170515,163652,Final,0
aai20150609.00001.hdf5,70005080,20,1,0,1,0,20170515,163658,Final,0
aai20150309.00001.hdf5,70005081,20,1,0,1,0,20170515,163656,Final,0
aai20150509.00001.hdf5,70005082,20,1,0,1,0,20170515,163654,Final,0
aai20151109.00001.hdf5,70005083,20,1,0,1,0,20170515,163657,Final,0
aai20151009.00001.hdf5,70005084,20,1,0,1,0,20170515,163656,Final,0
aai20150909.00001.hdf5,70005085,20,1,0,1,0,20170515,163658,Final,0
aai20150410.00001.hdf5,70005086,20,1,0,1,0,20170515,163658,Final,0
aai20150810.00001.hdf5,70005087,20,1,0,1,0,20170515,163657,Final,0
aai20151210.00001.hdf5,70005088,20,1,0,1,0,20170515,163656,Final,0
aai20150210.00001.hdf5,70005089,20,1,0,1,0,20170515,163657,Final,0
aai20150110.00001.hdf5,70005090,20,1,0,1,0,20170515,163656,Final,0
aai20150710.00001.hdf5,70005091,20,1,0,1,0,20170515,163654,Final,0
aai20150610.00001.hdf5,70005092,20,1,0,1,0,20170515,163658,Final,0
aai20150310.00001.hdf5,70005093,20,1,0,1,0,20170515,163653,Final,0
aai20150510.00001.hdf5,70005094,20,1,0,1,0,20170515,163652,Final,0
aai20151110.00001.hdf5,70005095,20,1,0,1,0,20170515,163655,Final,0
aai20151010.00001.hdf5,70005096,20,1,0,1,0,20170515,163655,Final,0
aai20150910.00001.hdf5,70005097,20,1,0,1,0,20170515,163653,Final,0
aai20150411.00001.hdf5,70005098,20,1,0,1,0,20170515,163655,Final,0
aai20150811.00001.hdf5,70005099,20,1,0,1,0,20170515,163654,Final,0
aai20151211.00001.hdf5,70005100,20,1,0,1,0,20170515,163653,Final,0
aai20150211.00001.hdf5,70005101,20,1,0,1,0,20170515,163658,Final,0
aai20150111.00001.hdf5,70005102,20,1,0,1,0,20170515,163652,Final,0
aai20150711.00001.hdf5,70005103,20,1,0,1,0,20170515,163656,Final,0
aai20150611.00001.hdf5,70005104,20,1,0,1,0,20170515,163659,Final,0
aai20150311.00001.hdf5,70005105,20,1,0,1,0,20170515,163652,Final,0
aai20150511.00001.hdf5,70005106,20,1,0,1,0,20170515,163656,Final,0
aai20151111.00001.hdf5,70005107,20,1,0,1,0,20170515,163656,Final,0
aai20151011.00001.hdf5,70005108,20,1,0,1,0,20170515,163657,Final,0
aai20150911.00001.hdf5,70005109,20,1,0,1,0,20170515,163653,Final,0
aai20150412.00001.hdf5,70005110,20,1,0,1,0,20170515,163657,Final,0
aai20150812.00001.hdf5,70005111,20,1,0,1,0,20170515,163653,Final,0
aai20151212.00001.hdf5,70005112,20,1,0,1,0,20170515,163652,Final,0
aai20150212.00001.hdf5,70005113,20,1,0,1,0,20170515,163654,Final,0
aai20150112.00001.hdf5,70005114,20,1,0,1,0,20170515,163654,Final,0
aai20150712.00001.hdf5,70005115,20,1,0,1,0,20170515,163656,Final,0
aai20150612.00001.hdf5,70005116,20,1,0,1,0,20170515,163658,Final,0
aai20150312.00001.hdf5,70005117,20,1,0,1,0,20170515,163657,Final,0
aai20150512.00001.hdf5,70005118,20,1,0,1,0,20170515,163652,Final,0
aai20151112.00001.hdf5,70005119,20,1,0,1,0,20170515,163657,Final,0
aai20151012.00001.hdf5,70005120,20,1,0,1,0,20170515,163659,Final,0
aai20150912.00001.hdf5,70005121,20,1,0,1,0,20170515,163654,Final,0
aai20150413.00001.hdf5,70005122,20,1,0,1,0,20170515,163658,Final,0
aai20150813.00001.hdf5,70005123,20,1,0,1,0,20170515,163658,Final,0
aai20151213.00001.hdf5,70005124,20,1,0,1,0,20170515,163654,Final,0
aai20150213.00001.hdf5,70005125,20,1,0,1,0,20170515,163656,Final,0
aai20150113.00001.hdf5,70005126,20,1,0,1,0,20170515,163653,Final,0
aai20150713.00001.hdf5,70005127,20,1,0,1,0,20170515,163655,Final,0
aai20150613.00001.hdf5,70005128,20,1,0,1,0,20170515,163658,Final,0
aai20150313.00001.hdf5,70005129,20,1,0,1,0,20170515,163658,Final,0
aai20150513.00001.hdf5,70005130,20,1,0,1,0,20170515,163657,Final,0
aai20151113.00001.hdf5,70005131,20,1,0,1,0,20170515,163656,Final,0
aai20151013.00001.hdf5,70005132,20,1,0,1,0,20170515,163657,Final,0
aai20150913.00001.hdf5,70005133,20,1,0,1,0,20170515,163652,Final,0
aai20150414.00001.hdf5,70005134,20,1,0,1,0,20170515,163655,Final,0
aai20150814.00001.hdf5,70005135,20,1,0,1,0,20170515,163656,Final,0
aai20151214.00001.hdf5,70005136,20,1,0,1,0,20170515,163656,Final,0
aai20150214.00001.hdf5,70005137,20,1,0,1,0,20170515,163652,Final,0
aai20150114.00001.hdf5,70005138,20,1,0,1,0,20170515,163656,Final,0
aai20150714.00001.hdf5,70005139,20,1,0,1,0,20170515,163652,Final,0
aai20150614.00001.hdf5,70005140,20,1,0,1,0,20170515,163657,Final,0
aai20150314.00001.hdf5,70005141,20,1,0,1,0,20170515,163654,Final,0
aai20150514.00001.hdf5,70005142,20,1,0,1,0,20170515,163653,Final,0
aai20151114.00001.hdf5,70005143,20,1,0,1,0,20170515,163652,Final,0
aai20151014.00001.hdf5,70005144,20,1,0,1,0,20170515,163657,Final,0
aai20150914.00001.hdf5,70005145,20,1,0,1,0,20170515,163656,Final,0
aai20150415.00001.hdf5,70005146,20,1,0,1,0,20170515,163653,Final,0
aai20150815.00001.hdf5,70005147,20,1,0,1,0,20170515,163656,Final,0
aai20151215.00001.hdf5,70005148,20,1,0,1,0,20170515,163654,Final,0
aai20150215.00001.hdf5,70005149,20,1,0,1,0,20170515,163655,Final,0
aai20150115.00001.hdf5,70005150,20,1,0,1,0,20170515,163657,Final,0
aai20150715.00001.hdf5,70005151,20,1,0,1,0,20170515,163656,Final,0
aai20150615.00001.hdf5,70005152,20,1,0,1,0,20170515,163658,Final,0
aai20150315.00001.hdf5,70005153,20,1,0,1,0,20170515,163657,Final,0
aai20150515.00001.hdf5,70005154,20,1,0,1,0,20170515,163652,Final,0
aai20151115.00001.hdf5,70005155,20,1,0,1,0,20170515,163655,Final,0
aai20151015.00001.hdf5,70005156,20,1,0,1,0,20170515,163657,Final,0
aai20150915.00001.hdf5,70005157,20,1,0,1,0,20170515,163656,Final,0
aai20150416.00001.hdf5,70005158,20,1,0,1,0,20170515,163656,Final,0
aai20150816.00001.hdf5,70005159,20,1,0,1,0,20170515,163656,Final,0
aai20151216.00001.hdf5,70005160,20,1,0,1,0,20170515,163655,Final,0
aai20150216.00001.hdf5,70005161,20,1,0,1,0,20170515,163652,Final,0
aai20150116.00001.hdf5,70005162,20,1,0,1,0,20170515,163654,Final,0
aai20150716.00001.hdf5,70005163,20,1,0,1,0,20170515,163654,Final,0
aai20150616.00001.hdf5,70005164,20,1,0,1,0,20170515,163654,Final,0
aai20150316.00001.hdf5,70005165,20,1,0,1,0,20170515,163655,Final,0
aai20150516.00001.hdf5,70005166,20,1,0,1,0,20170515,163654,Final,0
aai20151116.00001.hdf5,70005167,20,1,0,1,0,20170515,163656,Final,0
aai20151016.00001.hdf5,70005168,20,1,0,1,0,20170515,163653,Final,0
aai20150916.00001.hdf5,70005169,20,1,0,1,0,20170515,163658,Final,0
aai20150417.00001.hdf5,70005170,20,1,0,1,0,20170515,163652,Final,0
aai20150817.00001.hdf5,70005171,20,1,0,1,0,20170515,163657,Final,0
aai20151217.00001.hdf5,70005172,20,1,0,1,0,20170515,163655,Final,0
aai20150217.00001.hdf5,70005173,20,1,0,1,0,20170515,163653,Final,0
aai20150117.00001.hdf5,70005174,20,1,0,1,0,20170515,163652,Final,0
aai20150717.00001.hdf5,70005175,20,1,0,1,0,20170515,163657,Final,0
aai20150617.00001.hdf5,70005176,20,1,0,1,0,20170515,163657,Final,0
aai20150317.00001.hdf5,70005177,20,1,0,1,0,20170515,163656,Final,0
aai20150517.00001.hdf5,70005178,20,1,0,1,0,20170515,163658,Final,0
aai20151117.00001.hdf5,70005179,20,1,0,1,0,20170515,163657,Final,0
aai20151017.00001.hdf5,70005180,20,1,0,1,0,20170515,163657,Final,0
aai20150917.00001.hdf5,70005181,20,1,0,1,0,20170515,163654,Final,0
aai20150418.00001.hdf5,70005182,20,1,0,1,0,20170515,163654,Final,0
aai20150818.00001.hdf5,70005183,20,1,0,1,0,20170515,163659,Final,0
aai20151218.00001.hdf5,70005184,20,1,0,1,0,20170515,163655,Final,0
aai20150218.00001.hdf5,70005185,20,1,0,1,0,20170515,163654,Final,0
aai20150118.00001.hdf5,70005186,20,1,0,1,0,20170515,163657,Final,0
aai20150718.00001.hdf5,70005187,20,1,0,1,0,20170515,163653,Final,0
aai20150618.00001.hdf5,70005188,20,1,0,1,0,20170515,163656,Final,0
aai20150318.00001.hdf5,70005189,20,1,0,1,0,20170515,163654,Final,0
aai20150518.00001.hdf5,70005190,20,1,0,1,0,20170515,163652,Final,0
aai20151118.00001.hdf5,70005191,20,1,0,1,0,20170515,163653,Final,0
aai20151018.00001.hdf5,70005192,20,1,0,1,0,20170515,163658,Final,0
aai20150918.00001.hdf5,70005193,20,1,0,1,0,20170515,163654,Final,0
aai20150419.00001.hdf5,70005194,20,1,0,1,0,20170515,163655,Final,0
aai20150819.00001.hdf5,70005195,20,1,0,1,0,20170515,163656,Final,0
aai20150219.00001.hdf5,70005196,20,1,0,1,0,20170515,163654,Final,0
aai20150119.00001.hdf5,70005197,20,1,0,1,0,20170515,163658,Final,0
aai20150719.00001.hdf5,70005198,20,1,0,1,0,20170515,163656,Final,0
aai20150619.00001.hdf5,70005199,20,1,0,1,0,20170515,163658,Final,0
aai20150319.00001.hdf5,70005200,20,1,0,1,0,20170515,163655,Final,0
aai20150519.00001.hdf5,70005201,20,1,0,1,0,20170515,163657,Final,0
aai20151119.00001.hdf5,70005202,20,1,0,1,0,20170515,163656,Final,0
aai20151019.00001.hdf5,70005203,20,1,0,1,0,20170515,163658,Final,0
aai20150919.00001.hdf5,70005204,20,1,0,1,0,20170515,163659,Final,0
aai20150420.00001.hdf5,70005205,20,1,0,1,0,20170515,163656,Final,0
aai20150820.00001.hdf5,70005206,20,1,0,1,0,20170515,163655,Final,0
aai20151220.00001.hdf5,70005207,20,1,0,1,0,20170515,163655,Final,0
aai20150220.00001.hdf5,70005208,20,1,0,1,0,20170515,163652,Final,0
aai20150120.00001.hdf5,70005209,20,1,0,1,0,20170515,163654,Final,0
aai20150720.00001.hdf5,70005210,20,1,0,1,0,20170515,163655,Final,0
aai20150620.00001.hdf5,70005211,20,1,0,1,0,20170515,163654,Final,0
aai20150320.00001.hdf5,70005212,20,1,0,1,0,20170515,163656,Final,0
aai20150520.00001.hdf5,70005213,20,1,0,1,0,20170515,163657,Final,0
aai20151120.00001.hdf5,70005214,20,1,0,1,0,20170515,163652,Final,0
aai20151020.00001.hdf5,70005215,20,1,0,1,0,20170515,163654,Final,0
aai20150920.00001.hdf5,70005216,20,1,0,1,0,20170515,163658,Final,0
aai20150421.00001.hdf5,70005217,20,1,0,1,0,20170515,163653,Final,0
aai20150821.00001.hdf5,70005218,20,1,0,1,0,20170515,163656,Final,0
aai20151221.00001.hdf5,70005219,20,1,0,1,0,20170515,163654,Final,0
aai20150221.00001.hdf5,70005220,20,1,0,1,0,20170515,163652,Final,0
aai20150121.00001.hdf5,70005221,20,1,0,1,0,20170515,163652,Final,0
aai20150721.00001.hdf5,70005222,20,1,0,1,0,20170515,163655,Final,0
aai20150621.00001.hdf5,70005223,20,1,0,1,0,20170515,163654,Final,0
aai20150321.00001.hdf5,70005224,20,1,0,1,0,20170515,163656,Final,0
aai20150521.00001.hdf5,70005225,20,1,0,1,0,20170515,163658,Final,0
aai20151121.00001.hdf5,70005226,20,1,0,1,0,20170515,163654,Final,0
aai20151021.00001.hdf5,70005227,20,1,0,1,0,20170515,163654,Final,0
aai20150921.00001.hdf5,70005228,20,1,0,1,0,20170515,163656,Final,0
aai20150422.00001.hdf5,70005229,20,1,0,1,0,20170515,163658,Final,0
aai20150822.00001.hdf5,70005230,20,1,0,1,0,20170515,163654,Final,0
aai20151222.00001.hdf5,70005231,20,1,0,1,0,20170515,163658,Final,0
aai20150222.00001.hdf5,70005232,20,1,0,1,0,20170515,163656,Final,0
aai20150122.00001.hdf5,70005233,20,1,0,1,0,20170515,163654,Final,0
aai20150722.00001.hdf5,70005234,20,1,0,1,0,20170515,163657,Final,0
aai20150622.00001.hdf5,70005235,20,1,0,1,0,20170515,163652,Final,0
aai20150322.00001.hdf5,70005236,20,1,0,1,0,20170515,163656,Final,0
aai20150522.00001.hdf5,70005237,20,1,0,1,0,20170515,163654,Final,0
aai20151122.00001.hdf5,70005238,20,1,0,1,0,20170515,163657,Final,0
aai20151022.00001.hdf5,70005239,20,1,0,1,0,20170515,163655,Final,0
aai20150922.00001.hdf5,70005240,20,1,0,1,0,20170515,163657,Final,0
aai20150423.00001.hdf5,70005241,20,1,0,1,0,20170515,163653,Final,0
aai20150823.00001.hdf5,70005242,20,1,0,1,0,20170515,163654,Final,0
aai20151223.00001.hdf5,70005243,20,1,0,1,0,20170515,163658,Final,0
aai20150223.00001.hdf5,70005244,20,1,0,1,0,20170515,163654,Final,0
aai20150123.00001.hdf5,70005245,20,1,0,1,0,20170515,163656,Final,0
aai20150723.00001.hdf5,70005246,20,1,0,1,0,20170515,163657,Final,0
aai20150623.00001.hdf5,70005247,20,1,0,1,0,20170515,163655,Final,0
aai20150323.00001.hdf5,70005248,20,1,0,1,0,20170515,163655,Final,0
aai20150523.00001.hdf5,70005249,20,1,0,1,0,20170515,163657,Final,0
aai20151123.00001.hdf5,70005250,20,1,0,1,0,20170515,163654,Final,0
aai20151023.00001.hdf5,70005251,20,1,0,1,0,20170515,163653,Final,0
aai20150923.00001.hdf5,70005252,20,1,0,1,0,20170515,163656,Final,0
aai20150424.00001.hdf5,70005253,20,1,0,1,0,20170515,163655,Final,0
aai20150824.00001.hdf5,70005254,20,1,0,1,0,20170515,163657,Final,0
aai20151224.00001.hdf5,70005255,20,1,0,1,0,20170515,163653,Final,0
aai20150224.00001.hdf5,70005256,20,1,0,1,0,20170515,163655,Final,0
aai20150124.00001.hdf5,70005257,20,1,0,1,0,20170515,163656,Final,0
aai20150724.00001.hdf5,70005258,20,1,0,1,0,20170515,163657,Final,0
aai20150624.00001.hdf5,70005259,20,1,0,1,0,20170515,163658,Final,0
aai20150324.00001.hdf5,70005260,20,1,0,1,0,20170515,163656,Final,0
aai20150524.00001.hdf5,70005261,20,1,0,1,0,20170515,163658,Final,0
aai20151124.00001.hdf5,70005262,20,1,0,1,0,20170515,163658,Final,0
aai20151024.00001.hdf5,70005263,20,1,0,1,0,20170515,163658,Final,0
aai20150924.00001.hdf5,70005264,20,1,0,1,0,20170515,163656,Final,0
aai20150425.00001.hdf5,70005265,20,1,0,1,0,20170515,163658,Final,0
aai20150825.00001.hdf5,70005266,20,1,0,1,0,20170515,163652,Final,0
aai20150225.00001.hdf5,70005267,20,1,0,1,0,20170515,163656,Final,0
aai20150125.00001.hdf5,70005268,20,1,0,1,0,20170515,163654,Final,0
aai20150725.00001.hdf5,70005269,20,1,0,1,0,20170515,163654,Final,0
aai20150625.00001.hdf5,70005270,20,1,0,1,0,20170515,163655,Final,0
aai20150325.00001.hdf5,70005271,20,1,0,1,0,20170515,163655,Final,0
aai20150525.00001.hdf5,70005272,20,1,0,1,0,20170515,163657,Final,0
aai20151025.00001.hdf5,70005273,20,1,0,1,0,20170515,163656,Final,0
aai20150925.00001.hdf5,70005274,20,1,0,1,0,20170515,163656,Final,0
aai20150426.00001.hdf5,70005275,20,1,0,1,0,20170515,163654,Final,0
aai20150826.00001.hdf5,70005276,20,1,0,1,0,20170515,163658,Final,0
aai20150226.00001.hdf5,70005277,20,1,0,1,0,20170515,163657,Final,0
aai20150126.00001.hdf5,70005278,20,1,0,1,0,20170515,163657,Final,0
aai20150726.00001.hdf5,70005279,20,1,0,1,0,20170515,163655,Final,0
aai20150626.00001.hdf5,70005280,20,1,0,1,0,20170515,163656,Final,0
aai20150326.00001.hdf5,70005281,20,1,0,1,0,20170515,163652,Final,0
aai20150526.00001.hdf5,70005282,20,1,0,1,0,20170515,163653,Final,0
aai20151026.00001.hdf5,70005283,20,1,0,1,0,20170515,163652,Final,0
aai20150926.00001.hdf5,70005284,20,1,0,1,0,20170515,163656,Final,0
aai20150427.00001.hdf5,70005285,20,1,0,1,0,20170515,163658,Final,0
aai20150827.00001.hdf5,70005286,20,1,0,1,0,20170515,163656,Final,0
aai20151227.00001.hdf5,70005287,20,1,0,1,0,20170515,163659,Final,0
aai20150227.00001.hdf5,70005288,20,1,0,1,0,20170515,163653,Final,0
aai20150127.00001.hdf5,70005289,20,1,0,1,0,20170515,163656,Final,0
aai20150727.00001.hdf5,70005290,20,1,0,1,0,20170515,163658,Final,0
aai20150627.00001.hdf5,70005291,20,1,0,1,0,20170515,163654,Final,0
aai20150327.00001.hdf5,70005292,20,1,0,1,0,20170515,163658,Final,0
aai20150527.00001.hdf5,70005293,20,1,0,1,0,20170515,163658,Final,0
aai20151127.00001.hdf5,70005294,20,1,0,1,0,20170515,163657,Final,0
aai20150927.00001.hdf5,70005295,20,1,0,1,0,20170515,163656,Final,0
aai20150428.00001.hdf5,70005296,20,1,0,1,0,20170515,163658,Final,0
aai20150828.00001.hdf5,70005297,20,1,0,1,0,20170515,163655,Final,0
aai20151228.00001.hdf5,70005298,20,1,0,1,0,20170515,163657,Final,0
aai20150228.00001.hdf5,70005299,20,1,0,1,0,20170515,163655,Final,0
aai20150128.00001.hdf5,70005300,20,1,0,1,0,20170515,163652,Final,0
aai20150728.00001.hdf5,70005301,20,1,0,1,0,20170515,163658,Final,0
aai20150628.00001.hdf5,70005302,20,1,0,1,0,20170515,163653,Final,0
aai20150328.00001.hdf5,70005303,20,1,0,1,0,20170515,163657,Final,0
aai20150528.00001.hdf5,70005304,20,1,0,1,0,20170515,163652,Final,0
aai20151128.00001.hdf5,70005305,20,1,0,1,0,20170515,163658,Final,0
aai20150429.00001.hdf5,70005306,20,1,0,1,0,20170515,163656,Final,0
aai20151229.00001.hdf5,70005307,20,1,0,1,0,20170515,163657,Final,0
aai20150129.00001.hdf5,70005308,20,1,0,1,0,20170515,163657,Final,0
aai20150729.00001.hdf5,70005309,20,1,0,1,0,20170515,163652,Final,0
aai20150629.00001.hdf5,70005310,20,1,0,1,0,20170515,163654,Final,0
aai20150329.00001.hdf5,70005311,20,1,0,1,0,20170515,163652,Final,0
aai20150529.00001.hdf5,70005312,20,1,0,1,0,20170515,163655,Final,0
aai20151129.00001.hdf5,70005313,20,1,0,1,0,20170515,163655,Final,0
aai20151029.00001.hdf5,70005314,20,1,0,1,0,20170515,163652,Final,0
aai20150430.00001.hdf5,70005315,20,1,0,1,0,20170515,163654,Final,0
aai20151230.00001.hdf5,70005316,20,1,0,1,0,20170515,163658,Final,0
aai20150730.00001.hdf5,70005317,20,1,0,1,0,20170515,163655,Final,0
aai20150630.00001.hdf5,70005318,20,1,0,1,0,20170515,163652,Final,0
aai20150330.00001.hdf5,70005319,20,1,0,1,0,20170515,163653,Final,0
aai20150530.00001.hdf5,70005320,20,1,0,1,0,20170515,163654,Final,0
aai20151130.00001.hdf5,70005321,20,1,0,1,0,20170515,163655,Final,0
aai20151030.00001.hdf5,70005322,20,1,0,1,0,20170515,163657,Final,0
aai20150930.00001.hdf5,70005323,20,1,0,1,0,20170515,163653,Final,0
aai20150831.00001.hdf5,70005324,20,1,0,1,0,20170515,163657,Final,0
aai20151231.00001.hdf5,70005325,20,1,0,1,0,20170515,163655,Final,0
aai20150131.00001.hdf5,70005326,20,1,0,1,0,20170515,163654,Final,0
aai20150331.00001.hdf5,70005327,20,1,0,1,0,20170515,163654,Final,0
aai20150531.00001.hdf5,70005328,20,1,0,1,0,20170515,163659,Final,0
aai20151031.00001.hdf5,70005329,20,1,0,1,0,20170515,163659,Final,0
aif150401g.7100.hdf5,70005330,7100,3,0,1,0,20170515,163210,Final,0
aif150401g.7101.hdf5,70005330,7101,3,0,1,0,20170515,163210,Final,0
aif150401g.07102.hdf5,70005330,7100,1,0,1,0,20170515,163210,Final,0
aif150401g07103.hdf5,70005330,7101,1,0,1,0,20170515,163210,Final,0
aif150801g.7100.hdf5,70005331,7100,1,0,1,0,20170515,163209,Final,0
aif150801g.7101.hdf5,70005331,7101,1,0,1,0,20170515,163209,Final,0
aif151201g.7100.hdf5,70005332,7100,3,0,1,0,20170515,163212,Final,0
aif151201g.7101.hdf5,70005332,7101,3,0,1,0,20170515,163212,Final,0
aif151201g.07102.hdf5,70005332,7100,1,0,1,0,20170515,163212,Final,0
aif151201g07103.hdf5,70005332,7101,1,0,1,0,20170515,163212,Final,0
aif150201g.7100.hdf5,70005333,7100,3,0,1,0,20170515,163207,Final,0
aif150201g.7101.hdf5,70005333,7101,3,0,1,0,20170515,163207,Final,0
aif150201g.07102.hdf5,70005333,7100,1,0,1,0,20170515,163207,Final,0
aif150201g07103.hdf5,70005333,7101,1,0,1,0,20170515,163207,Final,0
aif150101g.7100.hdf5,70005334,7100,1,0,1,0,20170515,163205,Final,0
aif150101g.7101.hdf5,70005334,7101,1,0,1,0,20170515,163205,Final,0
aif150301g.7100.hdf5,70005335,7100,1,0,1,0,20170515,163201,Final,0
aif150501g.7100.hdf5,70005336,7100,3,0,1,0,20170515,163207,Final,0
aif150501g.7101.hdf5,70005336,7101,3,0,1,0,20170515,163207,Final,0
aif150501g.07102.hdf5,70005336,7100,1,0,1,0,20170515,163207,Final,0
aif150501g07103.hdf5,70005336,7101,1,0,1,0,20170515,163207,Final,0
aif151101g.7100.hdf5,70005337,7100,1,0,1,0,20170515,163206,Final,0
aif151101g.7101.hdf5,70005337,7101,1,0,1,0,20170515,163206,Final,0
aif151001g.7100.hdf5,70005338,7100,1,0,1,0,20170515,163206,Final,0
aif151001g.7101.hdf5,70005338,7101,1,0,1,0,20170515,163206,Final,0
aif150831g.7100.hdf5,70005339,7100,1,0,1,0,20170515,163208,Final,0
aif150831g.7101.hdf5,70005339,7101,1,0,1,0,20170515,163208,Final,0
aif150901g.7100.hdf5,70005340,7100,1,0,1,0,20170515,163202,Final,0
aif150901g.7101.hdf5,70005340,7101,1,0,1,0,20170515,163202,Final,0
aif150402g.7100.hdf5,70005341,7100,3,0,1,0,20170515,163209,Final,0
aif150402g.7101.hdf5,70005341,7101,3,0,1,0,20170515,163209,Final,0
aif150402g.07102.hdf5,70005341,7100,1,0,1,0,20170515,163209,Final,0
aif150402g07103.hdf5,70005341,7101,1,0,1,0,20170515,163209,Final,0
aif151202g.7100.hdf5,70005342,7100,1,0,1,0,20170515,163202,Final,0
aif151202g.7101.hdf5,70005342,7101,1,0,1,0,20170515,163202,Final,0
aif150202g.7100.hdf5,70005343,7100,3,0,1,0,20170515,163208,Final,0
aif150202g.7101.hdf5,70005343,7101,3,0,1,0,20170515,163208,Final,0
aif150202g.07102.hdf5,70005343,7100,1,0,1,0,20170515,163208,Final,0
aif150202g07103.hdf5,70005343,7101,1,0,1,0,20170515,163208,Final,0
aif150102g.7100.hdf5,70005344,7100,1,0,1,0,20170515,163209,Final,0
aif150102g.7101.hdf5,70005344,7101,1,0,1,0,20170515,163209,Final,0
aif150702g.7100.hdf5,70005345,7100,1,0,1,0,20170515,163209,Final,0
aif150702g.7101.hdf5,70005345,7101,1,0,1,0,20170515,163209,Final,0
aif150602g.7100.hdf5,70005346,7100,1,0,1,0,20170515,163209,Final,0
aif150602g.7101.hdf5,70005346,7101,1,0,1,0,20170515,163209,Final,0
aif150302g.7100.hdf5,70005347,7100,1,0,1,0,20170515,163203,Final,0
aif150302g.7101.hdf5,70005347,7101,1,0,1,0,20170515,163203,Final,0
aif150502g.7100.hdf5,70005348,7100,3,0,1,0,20170515,163211,Final,0
aif150502g.7101.hdf5,70005348,7101,3,0,1,0,20170515,163211,Final,0
aif150502g.07102.hdf5,70005348,7100,1,0,1,0,20170515,163211,Final,0
aif150502g07103.hdf5,70005348,7101,1,0,1,0,20170515,163211,Final,0
aif151102g.7100.hdf5,70005349,7100,1,0,1,0,20170515,163209,Final,0
aif151102g.7101.hdf5,70005349,7101,1,0,1,0,20170515,163209,Final,0
aif151002g.7100.hdf5,70005350,7100,1,0,1,0,20170515,163210,Final,0
aif151002g.7101.hdf5,70005350,7101,1,0,1,0,20170515,163210,Final,0
aif150902g.7100.hdf5,70005351,7100,1,0,1,0,20170515,163209,Final,0
aif150902g.7101.hdf5,70005351,7101,1,0,1,0,20170515,163209,Final,0
aif150403g.7100.hdf5,70005352,7100,3,0,1,0,20170515,163207,Final,0
aif150403g.7101.hdf5,70005352,7101,3,0,1,0,20170515,163207,Final,0
aif150403g.07102.hdf5,70005352,7100,1,0,1,0,20170515,163207,Final,0
aif150403g07103.hdf5,70005352,7101,1,0,1,0,20170515,163207,Final,0
aif150802g.7100.hdf5,70005353,7100,1,0,1,0,20170515,163210,Final,0
aif150802g.7101.hdf5,70005353,7101,1,0,1,0,20170515,163210,Final,0
aif150803g.7100.hdf5,70005354,7100,1,0,1,0,20170515,163202,Final,0
aif150803g.7101.hdf5,70005354,7101,1,0,1,0,20170515,163202,Final,0
aif150203g.7100.hdf5,70005355,7100,3,0,1,0,20170515,163212,Final,0
aif150203g.7101.hdf5,70005355,7101,3,0,1,0,20170515,163212,Final,0
aif150203g.07102.hdf5,70005355,7100,1,0,1,0,20170515,163212,Final,0
aif150203g07103.hdf5,70005355,7101,1,0,1,0,20170515,163212,Final,0
aif150103g.7100.hdf5,70005356,7100,1,0,1,0,20170515,163205,Final,0
aif150103g.7101.hdf5,70005356,7101,1,0,1,0,20170515,163205,Final,0
aif150703g.7100.hdf5,70005357,7100,1,0,1,0,20170515,163211,Final,0
aif150703g.7101.hdf5,70005357,7101,1,0,1,0,20170515,163211,Final,0
aif150603g.7100.hdf5,70005358,7100,1,0,1,0,20170515,163205,Final,0
aif150603g.7101.hdf5,70005358,7101,1,0,1,0,20170515,163205,Final,0
aif150303g.7100.hdf5,70005359,7100,1,0,1,0,20170515,163201,Final,0
aif150303g.7101.hdf5,70005359,7101,1,0,1,0,20170515,163201,Final,0
aif150503g.7100.hdf5,70005360,7100,3,0,1,0,20170515,163210,Final,0
aif150503g.7101.hdf5,70005360,7101,3,0,1,0,20170515,163210,Final,0
aif150503g.07102.hdf5,70005360,7100,1,0,1,0,20170515,163210,Final,0
aif150503g07103.hdf5,70005360,7101,1,0,1,0,20170515,163210,Final,0
aif151103g.7100.hdf5,70005361,7100,1,0,1,0,20170515,163212,Final,0
aif151103g.7101.hdf5,70005361,7101,1,0,1,0,20170515,163212,Final,0
aif150903g.7100.hdf5,70005362,7100,1,0,1,0,20170515,163209,Final,0
aif150903g.7101.hdf5,70005362,7101,1,0,1,0,20170515,163209,Final,0
aif151204g.7100.hdf5,70005363,7100,1,0,1,0,20170515,163211,Final,0
aif151204g.7101.hdf5,70005363,7101,1,0,1,0,20170515,163211,Final,0
aif150204g.7100.hdf5,70005364,7100,1,0,1,0,20170515,163202,Final,0
aif150204g.7101.hdf5,70005364,7101,1,0,1,0,20170515,163202,Final,0
aif150104g.7100.hdf5,70005365,7100,3,0,1,0,20170515,163201,Final,0
aif150104g.7101.hdf5,70005365,7101,3,0,1,0,20170515,163201,Final,0
aif150104g.07102.hdf5,70005365,7100,1,0,1,0,20170515,163201,Final,0
aif150104g07103.hdf5,70005365,7101,1,0,1,0,20170515,163201,Final,0
aif150704g.7100.hdf5,70005366,7100,1,0,1,0,20170515,163213,Final,0
aif150704g.7101.hdf5,70005366,7101,1,0,1,0,20170515,163213,Final,0
aif150604g.7100.hdf5,70005367,7100,1,0,1,0,20170515,163207,Final,0
aif150604g.7101.hdf5,70005367,7101,1,0,1,0,20170515,163207,Final,0
aif150304g.7100.hdf5,70005368,7100,1,0,1,0,20170515,163208,Final,0
aif150304g.7101.hdf5,70005368,7101,1,0,1,0,20170515,163208,Final,0
aif150504g.7100.hdf5,70005369,7100,3,0,1,0,20170515,163205,Final,0
aif150504g.7101.hdf5,70005369,7101,3,0,1,0,20170515,163205,Final,0
aif150504g.07102.hdf5,70005369,7100,1,0,1,0,20170515,163205,Final,0
aif150504g07103.hdf5,70005369,7101,1,0,1,0,20170515,163205,Final,0
aif151104g.7100.hdf5,70005370,7100,1,0,1,0,20170515,163212,Final,0
aif151104g.7101.hdf5,70005370,7101,1,0,1,0,20170515,163212,Final,0
aif151004g.7100.hdf5,70005371,7100,1,0,1,0,20170515,163213,Final,0
aif151004g.7101.hdf5,70005371,7101,1,0,1,0,20170515,163213,Final,0
aif150405g.7100.hdf5,70005372,7100,3,0,1,0,20170515,163209,Final,0
aif150405g.7101.hdf5,70005372,7101,3,0,1,0,20170515,163209,Final,0
aif150405g.07102.hdf5,70005372,7100,1,0,1,0,20170515,163209,Final,0
aif150405g07103.hdf5,70005372,7101,1,0,1,0,20170515,163209,Final,0
aif150804g.7100.hdf5,70005373,7100,1,0,1,0,20170515,163210,Final,0
aif150804g.7101.hdf5,70005373,7101,1,0,1,0,20170515,163210,Final,0
aif150805g.7100.hdf5,70005374,7100,1,0,1,0,20170515,163212,Final,0
aif150805g.7101.hdf5,70005374,7101,1,0,1,0,20170515,163212,Final,0
aif151205g.7100.hdf5,70005375,7100,1,0,1,0,20170515,163210,Final,0
aif151205g.7101.hdf5,70005375,7101,1,0,1,0,20170515,163210,Final,0
aif150205g.7100.hdf5,70005376,7100,1,0,1,0,20170515,163212,Final,0
aif150205g.7101.hdf5,70005376,7101,1,0,1,0,20170515,163212,Final,0
aif150105g.7100.hdf5,70005377,7100,1,0,1,0,20170515,163202,Final,0
aif150105g.7101.hdf5,70005377,7101,1,0,1,0,20170515,163202,Final,0
aif150705g.7100.hdf5,70005378,7100,1,0,1,0,20170515,163207,Final,0
aif150705g.7101.hdf5,70005378,7101,1,0,1,0,20170515,163207,Final,0
aif150605g.7100.hdf5,70005379,7100,1,0,1,0,20170515,163213,Final,0
aif150605g.7101.hdf5,70005379,7101,1,0,1,0,20170515,163213,Final,0
aif151105g.7100.hdf5,70005380,7100,1,0,1,0,20170515,163208,Final,0
aif151105g.7101.hdf5,70005380,7101,1,0,1,0,20170515,163208,Final,0
aif151005g.7100.hdf5,70005381,7100,1,0,1,0,20170515,163211,Final,0
aif151005g.7101.hdf5,70005381,7101,1,0,1,0,20170515,163211,Final,0
aif150904g.7100.hdf5,70005382,7100,1,0,1,0,20170515,163208,Final,0
aif150904g.7101.hdf5,70005382,7101,1,0,1,0,20170515,163208,Final,0
aif150905g.7100.hdf5,70005383,7100,1,0,1,0,20170515,163203,Final,0
aif150905g.7101.hdf5,70005383,7101,1,0,1,0,20170515,163203,Final,0
aif150406g.7100.hdf5,70005384,7100,3,0,1,0,20170515,163203,Final,0
aif150406g.7101.hdf5,70005384,7101,3,0,1,0,20170515,163203,Final,0
aif150406g.07102.hdf5,70005384,7100,1,0,1,0,20170515,163203,Final,0
aif150406g07103.hdf5,70005384,7101,1,0,1,0,20170515,163203,Final,0
aif150806g.7100.hdf5,70005385,7100,1,0,1,0,20170515,163208,Final,0
aif150806g.7101.hdf5,70005385,7101,1,0,1,0,20170515,163208,Final,0
aif151206g.7100.hdf5,70005386,7100,1,0,1,0,20170515,163204,Final,0
aif151206g.7101.hdf5,70005386,7101,1,0,1,0,20170515,163204,Final,0
aif150106g.7100.hdf5,70005387,7100,1,0,1,0,20170515,163211,Final,0
aif150106g.7101.hdf5,70005387,7101,1,0,1,0,20170515,163211,Final,0
aif150706g.7100.hdf5,70005388,7100,1,0,1,0,20170515,163204,Final,0
aif150706g.7101.hdf5,70005388,7101,1,0,1,0,20170515,163204,Final,0
aif150606g.7100.hdf5,70005389,7100,1,0,1,0,20170515,163202,Final,0
aif150606g.7101.hdf5,70005389,7101,1,0,1,0,20170515,163202,Final,0
aif150306g.7100.hdf5,70005390,7100,1,0,1,0,20170515,163205,Final,0
aif150306g.7101.hdf5,70005390,7101,1,0,1,0,20170515,163205,Final,0
aif150505g.7100.hdf5,70005391,7100,3,0,1,0,20170515,163211,Final,0
aif150505g.7101.hdf5,70005391,7101,3,0,1,0,20170515,163211,Final,0
aif150505g.07102.hdf5,70005391,7100,1,0,1,0,20170515,163211,Final,0
aif150505g07103.hdf5,70005391,7101,1,0,1,0,20170515,163211,Final,0
aif150506g.7100.hdf5,70005392,7100,3,0,1,0,20170515,163212,Final,0
aif150506g.7101.hdf5,70005392,7101,3,0,1,0,20170515,163212,Final,0
aif150506g.07102.hdf5,70005392,7100,1,0,1,0,20170515,163212,Final,0
aif150506g07103.hdf5,70005392,7101,1,0,1,0,20170515,163212,Final,0
aif151106g.7100.hdf5,70005393,7100,1,0,1,0,20170515,163211,Final,0
aif151106g.7101.hdf5,70005393,7101,1,0,1,0,20170515,163211,Final,0
aif151006g.7100.hdf5,70005394,7100,1,0,1,0,20170515,163210,Final,0
aif151006g.7101.hdf5,70005394,7101,1,0,1,0,20170515,163210,Final,0
aif150407g.7100.hdf5,70005395,7100,3,0,1,0,20170515,163211,Final,0
aif150407g.7101.hdf5,70005395,7101,3,0,1,0,20170515,163211,Final,0
aif150407g.07102.hdf5,70005395,7100,1,0,1,0,20170515,163211,Final,0
aif150407g07103.hdf5,70005395,7101,1,0,1,0,20170515,163211,Final,0
aif150807g.7100.hdf5,70005396,7100,1,0,1,0,20170515,163205,Final,0
aif150807g.7101.hdf5,70005396,7101,1,0,1,0,20170515,163205,Final,0
aif151207g.7100.hdf5,70005397,7100,1,0,1,0,20170515,163203,Final,0
aif151207g.7101.hdf5,70005397,7101,1,0,1,0,20170515,163203,Final,0
aif150207g.7100.hdf5,70005398,7100,1,0,1,0,20170515,163210,Final,0
aif150207g.7101.hdf5,70005398,7101,1,0,1,0,20170515,163211,Final,0
aif150107g.7100.hdf5,70005399,7100,1,0,1,0,20170515,163205,Final,0
aif150107g.7101.hdf5,70005399,7101,1,0,1,0,20170515,163205,Final,0
aif150707g.7100.hdf5,70005400,7100,1,0,1,0,20170515,163206,Final,0
aif150707g.7101.hdf5,70005400,7101,1,0,1,0,20170515,163206,Final,0
aif150607g.7100.hdf5,70005401,7100,1,0,1,0,20170515,163206,Final,0
aif150607g.7101.hdf5,70005401,7101,1,0,1,0,20170515,163206,Final,0
aif150307g.7100.hdf5,70005402,7100,1,0,1,0,20170515,163203,Final,0
aif150307g.7101.hdf5,70005402,7101,1,0,1,0,20170515,163203,Final,0
aif151107g.7100.hdf5,70005403,7100,1,0,1,0,20170515,163212,Final,0
aif151107g.7101.hdf5,70005403,7101,1,0,1,0,20170515,163212,Final,0
aif151007g.7100.hdf5,70005404,7100,1,0,1,0,20170515,163205,Final,0
aif151007g.7101.hdf5,70005404,7101,1,0,1,0,20170515,163205,Final,0
aif150906g.7100.hdf5,70005405,7100,1,0,1,0,20170515,163206,Final,0
aif150906g.7101.hdf5,70005405,7101,1,0,1,0,20170515,163206,Final,0
aif150408g.7100.hdf5,70005406,7100,3,0,1,0,20170515,163207,Final,0
aif150408g.7101.hdf5,70005406,7101,3,0,1,0,20170515,163207,Final,0
aif150408g.07102.hdf5,70005406,7100,1,0,1,0,20170515,163207,Final,0
aif150408g07103.hdf5,70005406,7101,1,0,1,0,20170515,163207,Final,0
aif150808g.7100.hdf5,70005407,7100,1,0,1,0,20170515,163207,Final,0
aif150808g.7101.hdf5,70005407,7101,1,0,1,0,20170515,163207,Final,0
aif151208g.7100.hdf5,70005408,7100,1,0,1,0,20170515,163206,Final,0
aif151208g.7101.hdf5,70005408,7101,1,0,1,0,20170515,163206,Final,0
aif150208g.7100.hdf5,70005409,7100,3,0,1,0,20170515,163203,Final,0
aif150208g.7101.hdf5,70005409,7101,3,0,1,0,20170515,163203,Final,0
aif150208g.07102.hdf5,70005409,7100,1,0,1,0,20170515,163203,Final,0
aif150208g07103.hdf5,70005409,7101,1,0,1,0,20170515,163203,Final,0
aif150108g.7100.hdf5,70005410,7100,3,0,1,0,20170515,163204,Final,0
aif150108g.7101.hdf5,70005410,7101,3,0,1,0,20170515,163204,Final,0
aif150108g.07102.hdf5,70005410,7100,1,0,1,0,20170515,163204,Final,0
aif150108g07103.hdf5,70005410,7101,1,0,1,0,20170515,163204,Final,0
aif150708g.7100.hdf5,70005411,7100,1,0,1,0,20170515,163211,Final,0
aif150708g.7101.hdf5,70005411,7101,1,0,1,0,20170515,163211,Final,0
aif150608g.7100.hdf5,70005412,7100,1,0,1,0,20170515,163201,Final,0
aif150608g.7101.hdf5,70005412,7101,1,0,1,0,20170515,163201,Final,0
aif150308g.7100.hdf5,70005413,7100,1,0,1,0,20170515,163211,Final,0
aif150308g.7101.hdf5,70005413,7101,1,0,1,0,20170515,163211,Final,0
aif151108g.7100.hdf5,70005414,7100,1,0,1,0,20170515,163207,Final,0
aif151108g.7101.hdf5,70005414,7101,1,0,1,0,20170515,163207,Final,0
aif151008g.7100.hdf5,70005415,7100,1,0,1,0,20170515,163211,Final,0
aif151008g.7101.hdf5,70005415,7101,1,0,1,0,20170515,163211,Final,0
aif150908g.7100.hdf5,70005416,7100,1,0,1,0,20170515,163201,Final,0
aif150908g.7101.hdf5,70005416,7101,1,0,1,0,20170515,163201,Final,0
aif150409g.7100.hdf5,70005417,7100,3,0,1,0,20170515,163202,Final,0
aif150409g.7101.hdf5,70005417,7101,3,0,1,0,20170515,163202,Final,0
aif150409g.07102.hdf5,70005417,7100,1,0,1,0,20170515,163202,Final,0
aif150409g07103.hdf5,70005417,7101,1,0,1,0,20170515,163202,Final,0
aif150809g.7100.hdf5,70005418,7100,1,0,1,0,20170515,163202,Final,0
aif150809g.7101.hdf5,70005418,7101,1,0,1,0,20170515,163202,Final,0
aif151209g.7100.hdf5,70005419,7100,1,0,1,0,20170515,163203,Final,0
aif151209g.7101.hdf5,70005419,7101,1,0,1,0,20170515,163203,Final,0
aif150209g.7100.hdf5,70005420,7100,1,0,1,0,20170515,163212,Final,0
aif150209g.7101.hdf5,70005420,7101,1,0,1,0,20170515,163212,Final,0
aif150109g.7100.hdf5,70005421,7100,1,0,1,0,20170515,163211,Final,0
aif150109g.7101.hdf5,70005421,7101,1,0,1,0,20170515,163211,Final,0
aif150709g.7100.hdf5,70005422,7100,1,0,1,0,20170515,163201,Final,0
aif150709g.7101.hdf5,70005422,7101,1,0,1,0,20170515,163201,Final,0
aif150609g.7100.hdf5,70005423,7100,1,0,1,0,20170515,163213,Final,0
aif150609g.7101.hdf5,70005423,7101,1,0,1,0,20170515,163213,Final,0
aif150309g.7100.hdf5,70005424,7100,1,0,1,0,20170515,163209,Final,0
aif150309g.7101.hdf5,70005424,7101,1,0,1,0,20170515,163209,Final,0
aif151109g.7100.hdf5,70005425,7100,1,0,1,0,20170515,163210,Final,0
aif151109g.7101.hdf5,70005425,7101,1,0,1,0,20170515,163210,Final,0
aif151009g.7100.hdf5,70005426,7100,1,0,1,0,20170515,163207,Final,0
aif151009g.7101.hdf5,70005426,7101,1,0,1,0,20170515,163207,Final,0
aif150909g.7100.hdf5,70005427,7100,1,0,1,0,20170515,163212,Final,0
aif150909g.7101.hdf5,70005427,7101,1,0,1,0,20170515,163212,Final,0
aif150410g.7100.hdf5,70005428,7100,3,0,1,0,20170515,163213,Final,0
aif150410g.7101.hdf5,70005428,7101,3,0,1,0,20170515,163213,Final,0
aif150410g.07102.hdf5,70005428,7100,1,0,1,0,20170515,163213,Final,0
aif150410g07103.hdf5,70005428,7101,1,0,1,0,20170515,163213,Final,0
aif150810g.7100.hdf5,70005429,7100,1,0,1,0,20170515,163210,Final,0
aif150810g.7101.hdf5,70005429,7101,1,0,1,0,20170515,163210,Final,0
aif151210g.7100.hdf5,70005430,7100,1,0,1,0,20170515,163207,Final,0
aif151210g.7101.hdf5,70005430,7101,1,0,1,0,20170515,163207,Final,0
aif150210g.7100.hdf5,70005431,7100,1,0,1,0,20170515,163209,Final,0
aif150210g.7101.hdf5,70005431,7101,1,0,1,0,20170515,163209,Final,0
aif150110g.7100.hdf5,70005432,7100,1,0,1,0,20170515,163207,Final,0
aif150110g.7101.hdf5,70005432,7101,1,0,1,0,20170515,163207,Final,0
aif150710g.7100.hdf5,70005433,7100,1,0,1,0,20170515,163205,Final,0
aif150710g.7101.hdf5,70005433,7101,1,0,1,0,20170515,163205,Final,0
aif150610g.7100.hdf5,70005434,7100,1,0,1,0,20170515,163211,Final,0
aif150610g.7101.hdf5,70005434,7101,1,0,1,0,20170515,163211,Final,0
aif150509g.7100.hdf5,70005435,7100,1,0,1,0,20170515,163201,Final,0
aif150509g.7101.hdf5,70005435,7101,1,0,1,0,20170515,163201,Final,0
aif150510g.7100.hdf5,70005436,7100,3,0,1,0,20170515,163212,Final,0
aif150510g.7101.hdf5,70005436,7101,3,0,1,0,20170515,163212,Final,0
aif150510g.07102.hdf5,70005436,7100,1,0,1,0,20170515,163212,Final,0
aif150510g07103.hdf5,70005436,7101,1,0,1,0,20170515,163212,Final,0
aif151110g.7100.hdf5,70005437,7100,1,0,1,0,20170515,163206,Final,0
aif151110g.7101.hdf5,70005437,7101,1,0,1,0,20170515,163206,Final,0
aif151010g.7100.hdf5,70005438,7100,1,0,1,0,20170515,163206,Final,0
aif151010g.7101.hdf5,70005438,7101,1,0,1,0,20170515,163206,Final,0
aif150411g.7100.hdf5,70005439,7100,1,0,1,0,20170515,163205,Final,0
aif150411g.7101.hdf5,70005439,7101,1,0,1,0,20170515,163205,Final,0
aif151211g.7100.hdf5,70005440,7100,1,0,1,0,20170515,163202,Final,0
aif151211g.7101.hdf5,70005440,7101,1,0,1,0,20170515,163202,Final,0
aif150111g.7100.hdf5,70005441,7100,1,0,1,0,20170515,163202,Final,0
aif150111g.7101.hdf5,70005441,7101,1,0,1,0,20170515,163202,Final,0
aif150711g.7100.hdf5,70005442,7100,1,0,1,0,20170515,163208,Final,0
aif150711g.7101.hdf5,70005442,7101,1,0,1,0,20170515,163208,Final,0
aif150311g.7100.hdf5,70005443,7100,1,0,1,0,20170515,163201,Final,0
aif150311g.7101.hdf5,70005443,7101,1,0,1,0,20170515,163201,Final,0
aif150511g.7100.hdf5,70005444,7100,3,0,1,0,20170515,163209,Final,0
aif150511g.7101.hdf5,70005444,7101,3,0,1,0,20170515,163209,Final,0
aif150511g.07102.hdf5,70005444,7100,1,0,1,0,20170515,163209,Final,0
aif150511g07103.hdf5,70005444,7101,1,0,1,0,20170515,163209,Final,0
aif151111g.7100.hdf5,70005445,7100,1,0,1,0,20170515,163209,Final,0
aif151111g.7101.hdf5,70005445,7101,1,0,1,0,20170515,163209,Final,0
aif151011g.7100.hdf5,70005446,7100,1,0,1,0,20170515,163210,Final,0
aif151011g.7101.hdf5,70005446,7101,1,0,1,0,20170515,163210,Final,0
aif150910g.7100.hdf5,70005447,7100,1,0,1,0,20170515,163202,Final,0
aif150910g.7101.hdf5,70005447,7101,1,0,1,0,20170515,163202,Final,0
aif150911g.7100.hdf5,70005448,7100,1,0,1,0,20170515,163204,Final,0
aif150911g.7101.hdf5,70005448,7101,1,0,1,0,20170515,163204,Final,0
aif150412g.7100.hdf5,70005449,7100,3,0,1,0,20170515,163210,Final,0
aif150412g.7101.hdf5,70005449,7101,3,0,1,0,20170515,163210,Final,0
aif150412g.07102.hdf5,70005449,7100,1,0,1,0,20170515,163210,Final,0
aif150412g07103.hdf5,70005449,7101,1,0,1,0,20170515,163210,Final,0
aif150811g.7100.hdf5,70005450,7100,1,0,1,0,20170515,163203,Final,0
aif150811g.7101.hdf5,70005450,7101,1,0,1,0,20170515,163203,Final,0
aif150812g.7100.hdf5,70005451,7100,1,0,1,0,20170515,163203,Final,0
aif150812g.7101.hdf5,70005451,7101,1,0,1,0,20170515,163203,Final,0
aif151212g.7100.hdf5,70005452,7100,1,0,1,0,20170515,163201,Final,0
aif151212g.7101.hdf5,70005452,7101,1,0,1,0,20170515,163201,Final,0
aif150211g.7100.hdf5,70005453,7100,1,0,1,0,20170515,163205,Final,0
aif150211g.7101.hdf5,70005453,7101,1,0,1,0,20170515,163205,Final,0
aif150212g.7100.hdf5,70005454,7100,1,0,1,0,20170515,163204,Final,0
aif150212g.7101.hdf5,70005454,7101,1,0,1,0,20170515,163204,Final,0
aif150112g.7100.hdf5,70005455,7100,1,0,1,0,20170515,163203,Final,0
aif150112g.7101.hdf5,70005455,7101,1,0,1,0,20170515,163203,Final,0
aif150712g.7100.hdf5,70005456,7100,1,0,1,0,20170515,163208,Final,0
aif150712g.7101.hdf5,70005456,7101,1,0,1,0,20170515,163208,Final,0
aif150611g.7100.hdf5,70005457,7100,1,0,1,0,20170515,163212,Final,0
aif150611g.7101.hdf5,70005457,7101,1,0,1,0,20170515,163212,Final,0
aif150312g.7100.hdf5,70005458,7100,1,0,1,0,20170515,163209,Final,0
aif150312g.7101.hdf5,70005458,7101,1,0,1,0,20170515,163209,Final,0
aif150512g.7100.hdf5,70005459,7100,1,0,1,0,20170515,163201,Final,0
aif150512g.7101.hdf5,70005459,7101,1,0,1,0,20170515,163201,Final,0
aif151112g.7100.hdf5,70005460,7100,1,0,1,0,20170515,163209,Final,0
aif151112g.7101.hdf5,70005460,7101,1,0,1,0,20170515,163209,Final,0
aif151012g.7100.hdf5,70005461,7100,1,0,1,0,20170515,163213,Final,0
aif151012g.7101.hdf5,70005461,7101,1,0,1,0,20170515,163213,Final,0
aif150413g.7100.hdf5,70005462,7100,3,0,1,0,20170515,163213,Final,0
aif150413g.7101.hdf5,70005462,7101,3,0,1,0,20170515,163213,Final,0
aif150413g.07102.hdf5,70005462,7100,1,0,1,0,20170515,163213,Final,0
aif150413g07103.hdf5,70005462,7101,1,0,1,0,20170515,163213,Final,0
aif151213g.7100.hdf5,70005463,7100,1,0,1,0,20170515,163204,Final,0
aif151213g.7101.hdf5,70005463,7101,1,0,1,0,20170515,163204,Final,0
aif150213g.7100.hdf5,70005464,7100,1,0,1,0,20170515,163208,Final,0
aif150213g.7101.hdf5,70005464,7101,1,0,1,0,20170515,163208,Final,0
aif150113g.7100.hdf5,70005465,7100,3,0,1,0,20170515,163203,Final,0
aif150113g.7101.hdf5,70005465,7101,3,0,1,0,20170515,163203,Final,0
aif150113g.07102.hdf5,70005465,7100,1,0,1,0,20170515,163203,Final,0
aif150113g07103.hdf5,70005465,7101,1,0,1,0,20170515,163203,Final,0
aif150713g.7100.hdf5,70005466,7100,1,0,1,0,20170515,163207,Final,0
aif150713g.7101.hdf5,70005466,7101,1,0,1,0,20170515,163207,Final,0
aif150613g.7100.hdf5,70005467,7100,1,0,1,0,20170515,163212,Final,0
aif150613g.7101.hdf5,70005467,7101,1,0,1,0,20170515,163212,Final,0
aif150513g.7100.hdf5,70005468,7100,3,0,1,0,20170515,163209,Final,0
aif150513g.7101.hdf5,70005468,7101,3,0,1,0,20170515,163209,Final,0
aif150513g.07102.hdf5,70005468,7100,1,0,1,0,20170515,163209,Final,0
aif150513g07103.hdf5,70005468,7101,1,0,1,0,20170515,163209,Final,0
aif151113g.7100.hdf5,70005469,7100,1,0,1,0,20170515,163207,Final,0
aif151113g.7101.hdf5,70005469,7101,1,0,1,0,20170515,163207,Final,0
aif151013g.7100.hdf5,70005470,7100,1,0,1,0,20170515,163209,Final,0
aif151013g.7101.hdf5,70005470,7101,1,0,1,0,20170515,163209,Final,0
aif150913g.7100.hdf5,70005471,7100,1,0,1,0,20170515,163202,Final,0
aif150913g.7101.hdf5,70005471,7101,1,0,1,0,20170515,163202,Final,0
aif150414g.7100.hdf5,70005472,7100,3,0,1,0,20170515,163207,Final,0
aif150414g.7101.hdf5,70005472,7101,3,0,1,0,20170515,163207,Final,0
aif150414g.07102.hdf5,70005472,7100,1,0,1,0,20170515,163207,Final,0
aif150414g07103.hdf5,70005472,7101,1,0,1,0,20170515,163207,Final,0
aif150813g.7100.hdf5,70005473,7100,1,0,1,0,20170515,163208,Final,0
aif150813g.7101.hdf5,70005473,7101,1,0,1,0,20170515,163208,Final,0
aif151214g.7100.hdf5,70005474,7100,1,0,1,0,20170515,163207,Final,0
aif151214g.7101.hdf5,70005474,7101,1,0,1,0,20170515,163207,Final,0
aif150214g.7100.hdf5,70005475,7100,1,0,1,0,20170515,163202,Final,0
aif150214g.7101.hdf5,70005475,7101,1,0,1,0,20170515,163202,Final,0
aif150714g.7100.hdf5,70005476,7100,1,0,1,0,20170515,163201,Final,0
aif150714g.7101.hdf5,70005476,7101,1,0,1,0,20170515,163201,Final,0
aif150614g.7100.hdf5,70005477,7100,1,0,1,0,20170515,163210,Final,0
aif150614g.7101.hdf5,70005477,7101,1,0,1,0,20170515,163210,Final,0
aif150314g.7100.hdf5,70005478,7100,1,0,1,0,20170515,163204,Final,0
aif150314g.7101.hdf5,70005478,7101,1,0,1,0,20170515,163204,Final,0
aif150514g.7100.hdf5,70005479,7100,1,0,1,0,20170515,163203,Final,0
aif150514g.7101.hdf5,70005479,7101,1,0,1,0,20170515,163203,Final,0
aif151114g.7100.hdf5,70005480,7100,1,0,1,0,20170515,163201,Final,0
aif151114g.7101.hdf5,70005480,7101,1,0,1,0,20170515,163201,Final,0
aif151014g.7100.hdf5,70005481,7100,1,0,1,0,20170515,163209,Final,0
aif151014g.7101.hdf5,70005481,7101,1,0,1,0,20170515,163209,Final,0
aif150914g.7100.hdf5,70005482,7100,1,0,1,0,20170515,163208,Final,0
aif150914g.7101.hdf5,70005482,7101,1,0,1,0,20170515,163208,Final,0
aif150415g.7100.hdf5,70005483,7100,1,0,1,0,20170515,163203,Final,0
aif150415g.7101.hdf5,70005483,7101,1,0,1,0,20170515,163203,Final,0
aif150814g.7100.hdf5,70005484,7100,1,0,1,0,20170515,163208,Final,0
aif150814g.7101.hdf5,70005484,7101,1,0,1,0,20170515,163208,Final,0
aif151215g.7100.hdf5,70005485,7100,1,0,1,0,20170515,163204,Final,0
aif151215g.7101.hdf5,70005485,7101,1,0,1,0,20170515,163204,Final,0
aif150215g.7100.hdf5,70005486,7100,1,0,1,0,20170515,163206,Final,0
aif150215g.7101.hdf5,70005486,7101,1,0,1,0,20170515,163206,Final,0
aif150114g.7100.hdf5,70005487,7100,1,0,1,0,20170515,163210,Final,0
aif150114g.7101.hdf5,70005487,7101,1,0,1,0,20170515,163210,Final,0
aif150615g.7100.hdf5,70005488,7100,1,0,1,0,20170515,163212,Final,0
aif150615g.7101.hdf5,70005488,7101,1,0,1,0,20170515,163212,Final,0
aif150315g.7100.hdf5,70005489,7100,1,0,1,0,20170515,163210,Final,0
aif150315g.7101.hdf5,70005489,7101,1,0,1,0,20170515,163210,Final,0
aif150515g.7100.hdf5,70005490,7100,3,0,1,0,20170515,163201,Final,0
aif150515g.7101.hdf5,70005490,7101,3,0,1,0,20170515,163201,Final,0
aif150515g.07102.hdf5,70005490,7100,1,0,1,0,20170515,163201,Final,0
aif150515g07103.hdf5,70005490,7101,1,0,1,0,20170515,163201,Final,0
aif151115g.7100.hdf5,70005491,7100,1,0,1,0,20170515,163206,Final,0
aif151115g.7101.hdf5,70005491,7101,1,0,1,0,20170515,163206,Final,0
aif151015g.7100.hdf5,70005492,7100,1,0,1,0,20170515,163211,Final,0
aif151015g.7101.hdf5,70005492,7101,1,0,1,0,20170515,163211,Final,0
aif150915g.7100.hdf5,70005493,7100,1,0,1,0,20170515,163208,Final,0
aif150915g.7101.hdf5,70005493,7101,1,0,1,0,20170515,163208,Final,0
aif150416g.7100.hdf5,70005494,7100,1,0,1,0,20170515,163208,Final,0
aif150416g.7101.hdf5,70005494,7101,1,0,1,0,20170515,163208,Final,0
aif151216g.7100.hdf5,70005495,7100,1,0,1,0,20170515,163206,Final,0
aif151216g.7101.hdf5,70005495,7101,1,0,1,0,20170515,163206,Final,0
aif150216g.7100.hdf5,70005496,7100,1,0,1,0,20170515,163202,Final,0
aif150216g.7101.hdf5,70005496,7101,1,0,1,0,20170515,163202,Final,0
aif150116g.7100.hdf5,70005497,7100,1,0,1,0,20170515,163204,Final,0
aif150116g.7101.hdf5,70005497,7101,1,0,1,0,20170515,163204,Final,0
aif150715g.7100.hdf5,70005498,7100,1,0,1,0,20170515,163204,Final,0
aif150715g.7101.hdf5,70005498,7101,1,0,1,0,20170515,163204,Final,0
aif150716g.7100.hdf5,70005499,7100,1,0,1,0,20170515,163203,Final,0
aif150716g.7101.hdf5,70005499,7101,1,0,1,0,20170515,163203,Final,0
aif150616g.7100.hdf5,70005500,7100,1,0,1,0,20170515,163205,Final,0
aif150616g.7101.hdf5,70005500,7101,1,0,1,0,20170515,163205,Final,0
aif150316g.7100.hdf5,70005501,7100,3,0,1,0,20170515,163206,Final,0
aif150316g.7101.hdf5,70005501,7101,3,0,1,0,20170515,163206,Final,0
aif150316g.07102.hdf5,70005501,7100,1,0,1,0,20170515,163206,Final,0
aif150316g07103.hdf5,70005501,7101,1,0,1,0,20170515,163206,Final,0
aif150516g.7100.hdf5,70005502,7100,3,0,1,0,20170515,163205,Final,0
aif150516g.7101.hdf5,70005502,7101,3,0,1,0,20170515,163205,Final,0
aif150516g.07102.hdf5,70005502,7100,1,0,1,0,20170515,163205,Final,0
aif150516g07103.hdf5,70005502,7101,1,0,1,0,20170515,163205,Final,0
aif151016g.7100.hdf5,70005503,7100,1,0,1,0,20170515,163203,Final,0
aif151016g.7101.hdf5,70005503,7101,1,0,1,0,20170515,163203,Final,0
aif150916g.7100.hdf5,70005504,7100,1,0,1,0,20170515,163211,Final,0
aif150916g.7101.hdf5,70005504,7101,1,0,1,0,20170515,163211,Final,0
aif150417g.7100.hdf5,70005505,7100,1,0,1,0,20170515,163202,Final,0
aif150417g.7101.hdf5,70005505,7101,1,0,1,0,20170515,163202,Final,0
aif151217g.7100.hdf5,70005506,7100,1,0,1,0,20170515,163207,Final,0
aif151217g.7101.hdf5,70005506,7101,1,0,1,0,20170515,163207,Final,0
aif150217g.7100.hdf5,70005507,7100,1,0,1,0,20170515,163202,Final,0
aif150217g.7101.hdf5,70005507,7101,1,0,1,0,20170515,163202,Final,0
aif150317g.7100.hdf5,70005508,7100,1,0,1,0,20170515,163207,Final,0
aif150317g.7101.hdf5,70005508,7101,1,0,1,0,20170515,163207,Final,0
aif150517g.7100.hdf5,70005509,7100,3,0,1,0,20170515,163213,Final,0
aif150517g.7101.hdf5,70005509,7101,3,0,1,0,20170515,163213,Final,0
aif150517g.07102.hdf5,70005509,7100,1,0,1,0,20170515,163213,Final,0
aif150517g07103.hdf5,70005509,7101,1,0,1,0,20170515,163213,Final,0
aif151117g.7100.hdf5,70005510,7100,1,0,1,0,20170515,163210,Final,0
aif151117g.7101.hdf5,70005510,7101,1,0,1,0,20170515,163210,Final,0
aif151017g.7100.hdf5,70005511,7100,1,0,1,0,20170515,163210,Final,0
aif151017g.7101.hdf5,70005511,7101,1,0,1,0,20170515,163210,Final,0
aif150917g.7100.hdf5,70005512,7100,1,0,1,0,20170515,163204,Final,0
aif150917g.7101.hdf5,70005512,7101,1,0,1,0,20170515,163204,Final,0
aif150418g.7100.hdf5,70005513,7100,1,0,1,0,20170515,163204,Final,0
aif150418g.7101.hdf5,70005513,7101,1,0,1,0,20170515,163204,Final,0
aif151218g.7100.hdf5,70005514,7100,1,0,1,0,20170515,163206,Final,0
aif151218g.7101.hdf5,70005514,7101,1,0,1,0,20170515,163206,Final,0
aif150218g.7100.hdf5,70005515,7100,3,0,1,0,20170515,163204,Final,0
aif150218g.7101.hdf5,70005515,7101,3,0,1,0,20170515,163204,Final,0
aif150218g.07102.hdf5,70005515,7100,1,0,1,0,20170515,163204,Final,0
aif150218g07103.hdf5,70005515,7101,1,0,1,0,20170515,163204,Final,0
aif150117g.7100.hdf5,70005516,7100,1,0,1,0,20170515,163210,Final,0
aif150117g.7101.hdf5,70005516,7101,1,0,1,0,20170515,163210,Final,0
aif150118g.7100.hdf5,70005517,7100,1,0,1,0,20170515,163203,Final,0
aif150118g.7101.hdf5,70005517,7101,1,0,1,0,20170515,163203,Final,0
aif150717g.7100.hdf5,70005518,7100,1,0,1,0,20170515,163202,Final,0
aif150717g.7101.hdf5,70005518,7101,1,0,1,0,20170515,163202,Final,0
aif150618g.7100.hdf5,70005519,7100,1,0,1,0,20170515,163207,Final,0
aif150618g.7101.hdf5,70005519,7101,1,0,1,0,20170515,163207,Final,0
aif150318g.7100.hdf5,70005520,7100,3,0,1,0,20170515,163204,Final,0
aif150318g.7101.hdf5,70005520,7101,3,0,1,0,20170515,163204,Final,0
aif150318g.07102.hdf5,70005520,7100,1,0,1,0,20170515,163204,Final,0
aif150318g07103.hdf5,70005520,7101,1,0,1,0,20170515,163204,Final,0
aif150518g.7100.hdf5,70005521,7100,1,0,1,0,20170515,163201,Final,0
aif150518g.7101.hdf5,70005521,7101,1,0,1,0,20170515,163201,Final,0
aif151118g.7100.hdf5,70005522,7100,1,0,1,0,20170515,163203,Final,0
aif151118g.7101.hdf5,70005522,7101,1,0,1,0,20170515,163203,Final,0
aif151018g.7100.hdf5,70005523,7100,1,0,1,0,20170515,163213,Final,0
aif151018g.7101.hdf5,70005523,7101,1,0,1,0,20170515,163212,Final,0
aif150918g.7100.hdf5,70005524,7100,1,0,1,0,20170515,163204,Final,0
aif150918g.7101.hdf5,70005524,7101,1,0,1,0,20170515,163204,Final,0
aif150419g.7100.hdf5,70005525,7100,3,0,1,0,20170515,163206,Final,0
aif150419g.7101.hdf5,70005525,7101,3,0,1,0,20170515,163206,Final,0
aif150419g.07102.hdf5,70005525,7100,1,0,1,0,20170515,163206,Final,0
aif150419g07103.hdf5,70005525,7101,1,0,1,0,20170515,163206,Final,0
aif150818g.7100.hdf5,70005526,7100,1,0,1,0,20170515,163208,Final,0
aif150818g.7101.hdf5,70005526,7101,1,0,1,0,20170515,163208,Final,0
aif150819g.7100.hdf5,70005527,7100,1,0,1,0,20170515,163206,Final,0
aif150819g.7101.hdf5,70005527,7101,1,0,1,0,20170515,163206,Final,0
aif151219g.7100.hdf5,70005528,7100,1,0,1,0,20170515,163205,Final,0
aif151219g.7101.hdf5,70005528,7101,1,0,1,0,20170515,163205,Final,0
aif150219g.7100.hdf5,70005529,7100,1,0,1,0,20170515,163203,Final,0
aif150219g.7101.hdf5,70005529,7101,1,0,1,0,20170515,163203,Final,0
aif150119g.7100.hdf5,70005530,7100,3,0,1,0,20170515,163213,Final,0
aif150119g.7101.hdf5,70005530,7101,3,0,1,0,20170515,163213,Final,0
aif150119g.07102.hdf5,70005530,7100,1,0,1,0,20170515,163213,Final,0
aif150119g07103.hdf5,70005530,7101,1,0,1,0,20170515,163213,Final,0
aif150718g.7100.hdf5,70005531,7100,1,0,1,0,20170515,163208,Final,0
aif150718g.7101.hdf5,70005531,7101,1,0,1,0,20170515,163208,Final,0
aif150719g.7100.hdf5,70005532,7100,1,0,1,0,20170515,163201,Final,0
aif150719g.7101.hdf5,70005532,7101,1,0,1,0,20170515,163201,Final,0
aif150619g.7100.hdf5,70005533,7100,1,0,1,0,20170515,163211,Final,0
aif150619g.7101.hdf5,70005533,7101,1,0,1,0,20170515,163211,Final,0
aif150319g.7100.hdf5,70005534,7100,3,0,1,0,20170515,163206,Final,0
aif150319g.7101.hdf5,70005534,7101,3,0,1,0,20170515,163206,Final,0
aif150319g.07102.hdf5,70005534,7100,1,0,1,0,20170515,163206,Final,0
aif150319g07103.hdf5,70005534,7101,1,0,1,0,20170515,163206,Final,0
aif150519g.7100.hdf5,70005535,7100,3,0,1,0,20170515,163210,Final,0
aif150519g.7101.hdf5,70005535,7101,3,0,1,0,20170515,163210,Final,0
aif150519g.07102.hdf5,70005535,7100,1,0,1,0,20170515,163210,Final,0
aif150519g07103.hdf5,70005535,7101,1,0,1,0,20170515,163210,Final,0
aif151119g.7100.hdf5,70005536,7100,1,0,1,0,20170515,163207,Final,0
aif151119g.7101.hdf5,70005536,7101,1,0,1,0,20170515,163207,Final,0
aif151019g.7100.hdf5,70005537,7100,1,0,1,0,20170515,163211,Final,0
aif151019g.7101.hdf5,70005537,7101,1,0,1,0,20170515,163211,Final,0
aif150919g.7100.hdf5,70005538,7100,1,0,1,0,20170515,163213,Final,0
aif150919g.7101.hdf5,70005538,7101,1,0,1,0,20170515,163213,Final,0
aif150420g.7100.hdf5,70005539,7100,3,0,1,0,20170515,163208,Final,0
aif150420g.7101.hdf5,70005539,7101,3,0,1,0,20170515,163208,Final,0
aif150420g.07102.hdf5,70005539,7100,1,0,1,0,20170515,163208,Final,0
aif150420g07103.hdf5,70005539,7101,1,0,1,0,20170515,163208,Final,0
aif150820g.7100.hdf5,70005540,7100,1,0,1,0,20170515,163206,Final,0
aif150820g.7101.hdf5,70005540,7101,1,0,1,0,20170515,163206,Final,0
aif151220g.7100.hdf5,70005541,7100,1,0,1,0,20170515,163207,Final,0
aif151220g.7101.hdf5,70005541,7101,1,0,1,0,20170515,163207,Final,0
aif150220g.7100.hdf5,70005542,7100,1,0,1,0,20170515,163201,Final,0
aif150220g.7101.hdf5,70005542,7101,1,0,1,0,20170515,163201,Final,0
aif150120g.7100.hdf5,70005543,7100,3,0,1,0,20170515,163205,Final,0
aif150120g.7101.hdf5,70005543,7101,3,0,1,0,20170515,163205,Final,0
aif150120g.07102.hdf5,70005543,7100,1,0,1,0,20170515,163205,Final,0
aif150120g07103.hdf5,70005543,7101,1,0,1,0,20170515,163205,Final,0
aif150620g.7100.hdf5,70005544,7100,1,0,1,0,20170515,163204,Final,0
aif150620g.7101.hdf5,70005544,7101,1,0,1,0,20170515,163204,Final,0
aif150320g.7100.hdf5,70005545,7100,1,0,1,0,20170515,163208,Final,0
aif150320g.7101.hdf5,70005545,7101,1,0,1,0,20170515,163208,Final,0
aif150520g.7100.hdf5,70005546,7100,3,0,1,0,20170515,163210,Final,0
aif150520g.7101.hdf5,70005546,7101,3,0,1,0,20170515,163210,Final,0
aif150520g.07102.hdf5,70005546,7100,1,0,1,0,20170515,163210,Final,0
aif150520g07103.hdf5,70005546,7101,1,0,1,0,20170515,163210,Final,0
aif151120g.7100.hdf5,70005547,7100,3,0,1,0,20170515,163201,Final,0
aif151120g.7101.hdf5,70005547,7101,3,0,1,0,20170515,163201,Final,0
aif151120g.07102.hdf5,70005547,7100,1,0,1,0,20170515,163201,Final,0
aif151120g07103.hdf5,70005547,7101,1,0,1,0,20170515,163201,Final,0
aif151020g.7100.hdf5,70005548,7100,1,0,1,0,20170515,163205,Final,0
aif151020g.7101.hdf5,70005548,7101,1,0,1,0,20170515,163205,Final,0
aif150920g.7100.hdf5,70005549,7100,1,0,1,0,20170515,163212,Final,0
aif150920g.7101.hdf5,70005549,7101,1,0,1,0,20170515,163212,Final,0
aif150421g.7100.hdf5,70005550,7100,3,0,1,0,20170515,163202,Final,0
aif150421g.7101.hdf5,70005550,7101,3,0,1,0,20170515,163202,Final,0
aif150421g.07102.hdf5,70005550,7100,1,0,1,0,20170515,163202,Final,0
aif150421g07103.hdf5,70005550,7101,1,0,1,0,20170515,163202,Final,0
aif151221g.7100.hdf5,70005551,7100,1,0,1,0,20170515,163205,Final,0
aif151221g.7101.hdf5,70005551,7101,1,0,1,0,20170515,163205,Final,0
aif150221g.7100.hdf5,70005552,7100,1,0,1,0,20170515,163201,Final,0
aif150221g.7101.hdf5,70005552,7101,1,0,1,0,20170515,163201,Final,0
aif150121g.7100.hdf5,70005553,7100,3,0,1,0,20170515,163202,Final,0
aif150121g.7101.hdf5,70005553,7101,3,0,1,0,20170515,163202,Final,0
aif150121g.07102.hdf5,70005553,7100,1,0,1,0,20170515,163202,Final,0
aif150121g07103.hdf5,70005553,7101,1,0,1,0,20170515,163202,Final,0
aif150321g.7100.hdf5,70005554,7100,3,0,1,0,20170515,163208,Final,0
aif150321g.7101.hdf5,70005554,7101,3,0,1,0,20170515,163208,Final,0
aif150321g.07102.hdf5,70005554,7100,1,0,1,0,20170515,163208,Final,0
aif150321g07103.hdf5,70005554,7101,1,0,1,0,20170515,163208,Final,0
aif150521g.7100.hdf5,70005555,7100,3,0,1,0,20170515,163212,Final,0
aif150521g.7101.hdf5,70005555,7101,3,0,1,0,20170515,163212,Final,0
aif150521g.07102.hdf5,70005555,7100,1,0,1,0,20170515,163212,Final,0
aif150521g07103.hdf5,70005555,7101,1,0,1,0,20170515,163212,Final,0
aif151121g.7100.hdf5,70005556,7100,1,0,1,0,20170515,163204,Final,0
aif151121g.7101.hdf5,70005556,7101,1,0,1,0,20170515,163204,Final,0
aif151021g.7100.hdf5,70005557,7100,1,0,1,0,20170515,163203,Final,0
aif151021g.7101.hdf5,70005557,7101,1,0,1,0,20170515,163203,Final,0
aif150921g.7100.hdf5,70005558,7100,1,0,1,0,20170515,163208,Final,0
aif150921g.7101.hdf5,70005558,7101,1,0,1,0,20170515,163209,Final,0
aif150422g.7100.hdf5,70005559,7100,1,0,1,0,20170515,163211,Final,0
aif150422g.7101.hdf5,70005559,7101,1,0,1,0,20170515,163211,Final,0
aif150821g.7100.hdf5,70005560,7100,1,0,1,0,20170515,163203,Final,0
aif150821g.7101.hdf5,70005560,7101,1,0,1,0,20170515,163203,Final,0
aif151222g.7100.hdf5,70005561,7100,1,0,1,0,20170515,163212,Final,0
aif151222g.7101.hdf5,70005561,7101,1,0,1,0,20170515,163212,Final,0
aif150222g.7100.hdf5,70005562,7100,1,0,1,0,20170515,163208,Final,0
aif150222g.7101.hdf5,70005562,7101,1,0,1,0,20170515,163208,Final,0
aif150721g.7100.hdf5,70005563,7100,1,0,1,0,20170515,163210,Final,0
aif150721g.7101.hdf5,70005563,7101,1,0,1,0,20170515,163210,Final,0
aif150322g.7100.hdf5,70005564,7100,3,0,1,0,20170515,163207,Final,0
aif150322g.7101.hdf5,70005564,7101,3,0,1,0,20170515,163207,Final,0
aif150322g.07102.hdf5,70005564,7100,1,0,1,0,20170515,163207,Final,0
aif150322g07103.hdf5,70005564,7101,1,0,1,0,20170515,163207,Final,0
aif150522g.7100.hdf5,70005565,7100,3,0,1,0,20170515,163204,Final,0
aif150522g.7101.hdf5,70005565,7101,3,0,1,0,20170515,163204,Final,0
aif150522g.07102.hdf5,70005565,7100,1,0,1,0,20170515,163204,Final,0
aif150522g07103.hdf5,70005565,7101,1,0,1,0,20170515,163204,Final,0
aif151122g.7100.hdf5,70005566,7100,1,0,1,0,20170515,163210,Final,0
aif151122g.7101.hdf5,70005566,7101,1,0,1,0,20170515,163210,Final,0
aif151022g.7100.hdf5,70005567,7100,1,0,1,0,20170515,163206,Final,0
aif151022g.7101.hdf5,70005567,7101,1,0,1,0,20170515,163206,Final,0
aif150922g.7100.hdf5,70005568,7100,1,0,1,0,20170515,163210,Final,0
aif150922g.7101.hdf5,70005568,7101,1,0,1,0,20170515,163210,Final,0
aif150423g.7100.hdf5,70005569,7100,3,0,1,0,20170515,163203,Final,0
aif150423g.7101.hdf5,70005569,7101,3,0,1,0,20170515,163203,Final,0
aif150423g.07102.hdf5,70005569,7100,1,0,1,0,20170515,163203,Final,0
aif150423g07103.hdf5,70005569,7101,1,0,1,0,20170515,163203,Final,0
aif150823g.7100.hdf5,70005570,7100,1,0,1,0,20170515,163203,Final,0
aif150823g.7101.hdf5,70005570,7101,1,0,1,0,20170515,163203,Final,0
aif151223g.7100.hdf5,70005571,7100,1,0,1,0,20170515,163212,Final,0
aif151223g.7101.hdf5,70005571,7101,1,0,1,0,20170515,163212,Final,0
aif150223g.7100.hdf5,70005572,7100,1,0,1,0,20170515,163205,Final,0
aif150223g.7101.hdf5,70005572,7101,1,0,1,0,20170515,163205,Final,0
aif150123g.7100.hdf5,70005573,7100,3,0,1,0,20170515,163208,Final,0
aif150123g.7101.hdf5,70005573,7101,3,0,1,0,20170515,163208,Final,0
aif150123g.07102.hdf5,70005573,7100,1,0,1,0,20170515,163208,Final,0
aif150123g07103.hdf5,70005573,7101,1,0,1,0,20170515,163208,Final,0
aif150722g.7100.hdf5,70005574,7100,1,0,1,0,20170515,163209,Final,0
aif150722g.7101.hdf5,70005574,7101,1,0,1,0,20170515,163209,Final,0
aif150723g.7100.hdf5,70005575,7100,1,0,1,0,20170515,163211,Final,0
aif150723g.7101.hdf5,70005575,7101,1,0,1,0,20170515,163211,Final,0
aif150623g.7100.hdf5,70005576,7100,1,0,1,0,20170515,163206,Final,0
aif150623g.7101.hdf5,70005576,7101,1,0,1,0,20170515,163206,Final,0
aif151123g.7100.hdf5,70005577,7100,3,0,1,0,20170515,163205,Final,0
aif151123g.7101.hdf5,70005577,7101,3,0,1,0,20170515,163205,Final,0
aif151123g.07102.hdf5,70005577,7100,1,0,1,0,20170515,163205,Final,0
aif151123g07103.hdf5,70005577,7101,1,0,1,0,20170515,163205,Final,0
aif151023g.7100.hdf5,70005578,7100,1,0,1,0,20170515,163202,Final,0
aif151023g.7101.hdf5,70005578,7101,1,0,1,0,20170515,163203,Final,0
aif150923g.7100.hdf5,70005579,7100,1,0,1,0,20170515,163207,Final,0
aif150923g.7101.hdf5,70005579,7101,1,0,1,0,20170515,163207,Final,0
aif150424g.7100.hdf5,70005580,7100,3,0,1,0,20170515,163206,Final,0
aif150424g.7101.hdf5,70005580,7101,3,0,1,0,20170515,163206,Final,0
aif150424g.07102.hdf5,70005580,7100,1,0,1,0,20170515,163206,Final,0
aif150424g07103.hdf5,70005580,7101,1,0,1,0,20170515,163206,Final,0
aif150824g.7100.hdf5,70005581,7100,1,0,1,0,20170515,163209,Final,0
aif150824g.7101.hdf5,70005581,7101,1,0,1,0,20170515,163209,Final,0
aif151224g.7100.hdf5,70005582,7100,1,0,1,0,20170515,163203,Final,0
aif151224g.7101.hdf5,70005582,7101,1,0,1,0,20170515,163203,Final,0
aif150224g.7100.hdf5,70005583,7100,1,0,1,0,20170515,163206,Final,0
aif150224g.7101.hdf5,70005583,7101,1,0,1,0,20170515,163206,Final,0
aif150124g.7100.hdf5,70005584,7100,1,0,1,0,20170515,163209,Final,0
aif150124g.7101.hdf5,70005584,7101,1,0,1,0,20170515,163209,Final,0
aif150624g.7100.hdf5,70005585,7100,1,0,1,0,20170515,163212,Final,0
aif150624g.7101.hdf5,70005585,7101,1,0,1,0,20170515,163212,Final,0
aif150523g.7100.hdf5,70005586,7100,3,0,1,0,20170515,163212,Final,0
aif150523g.7101.hdf5,70005586,7101,3,0,1,0,20170515,163212,Final,0
aif150523g.07102.hdf5,70005586,7100,1,0,1,0,20170515,163212,Final,0
aif150523g07103.hdf5,70005586,7101,1,0,1,0,20170515,163212,Final,0
aif150524g.7100.hdf5,70005587,7100,3,0,1,0,20170515,163206,Final,0
aif150524g.7101.hdf5,70005587,7101,3,0,1,0,20170515,163206,Final,0
aif150524g.07102.hdf5,70005587,7100,1,0,1,0,20170515,163206,Final,0
aif150524g07103.hdf5,70005587,7101,1,0,1,0,20170515,163206,Final,0
aif151124g.7100.hdf5,70005588,7100,1,0,1,0,20170515,163212,Final,0
aif151124g.7101.hdf5,70005588,7101,1,0,1,0,20170515,163212,Final,0
aif151024g.7100.hdf5,70005589,7100,1,0,1,0,20170515,163212,Final,0
aif151024g.7101.hdf5,70005589,7101,1,0,1,0,20170515,163212,Final,0
aif150924g.7100.hdf5,70005590,7100,1,0,1,0,20170515,163207,Final,0
aif150924g.7101.hdf5,70005590,7101,1,0,1,0,20170515,163207,Final,0
aif150425g.7100.hdf5,70005591,7100,3,0,1,0,20170515,163213,Final,0
aif150425g.7101.hdf5,70005591,7101,3,0,1,0,20170515,163213,Final,0
aif150425g.07102.hdf5,70005591,7100,1,0,1,0,20170515,163213,Final,0
aif150425g07103.hdf5,70005591,7101,1,0,1,0,20170515,163213,Final,0
aif150825g.7100.hdf5,70005592,7100,1,0,1,0,20170515,163201,Final,0
aif150825g.7101.hdf5,70005592,7101,1,0,1,0,20170515,163201,Final,0
aif151225g.7100.hdf5,70005593,7100,1,0,1,0,20170515,163205,Final,0
aif151225g.7101.hdf5,70005593,7101,1,0,1,0,20170515,163205,Final,0
aif150125g.7100.hdf5,70005594,7100,1,0,1,0,20170515,163203,Final,0
aif150125g.7101.hdf5,70005594,7101,1,0,1,0,20170515,163203,Final,0
aif150724g.7100.hdf5,70005595,7100,1,0,1,0,20170515,163204,Final,0
aif150724g.7101.hdf5,70005595,7101,1,0,1,0,20170515,163204,Final,0
aif150725g.7100.hdf5,70005596,7100,1,0,1,0,20170515,163212,Final,0
aif150725g.7101.hdf5,70005596,7101,1,0,1,0,20170515,163212,Final,0
aif150625g.7100.hdf5,70005597,7100,1,0,1,0,20170515,163206,Final,0
aif150625g.7101.hdf5,70005597,7101,1,0,1,0,20170515,163206,Final,0
aif150325g.7100.hdf5,70005598,7100,1,0,1,0,20170515,163206,Final,0
aif150325g.7101.hdf5,70005598,7101,1,0,1,0,20170515,163206,Final,0
aif150525g.7100.hdf5,70005599,7100,1,0,1,0,20170515,163209,Final,0
aif150525g.7101.hdf5,70005599,7101,1,0,1,0,20170515,163209,Final,0
aif151125g.7100.hdf5,70005600,7100,1,0,1,0,20170515,163205,Final,0
aif151125g.7101.hdf5,70005600,7101,1,0,1,0,20170515,163205,Final,0
aif150925g.7100.hdf5,70005601,7100,1,0,1,0,20170515,163209,Final,0
aif150925g.7101.hdf5,70005601,7101,1,0,1,0,20170515,163209,Final,0
aif150426g.7100.hdf5,70005602,7100,3,0,1,0,20170515,163204,Final,0
aif150426g.7101.hdf5,70005602,7101,3,0,1,0,20170515,163204,Final,0
aif150426g.07102.hdf5,70005602,7100,1,0,1,0,20170515,163204,Final,0
aif150426g07103.hdf5,70005602,7101,1,0,1,0,20170515,163204,Final,0
aif151226g.7100.hdf5,70005603,7100,1,0,1,0,20170515,163204,Final,0
aif151226g.7101.hdf5,70005603,7101,1,0,1,0,20170515,163204,Final,0
aif150225g.7100.hdf5,70005604,7100,1,0,1,0,20170515,163211,Final,0
aif150225g.7101.hdf5,70005604,7101,1,0,1,0,20170515,163211,Final,0
aif150226g.7100.hdf5,70005605,7100,3,0,1,0,20170515,163205,Final,0
aif150226g.7101.hdf5,70005605,7101,3,0,1,0,20170515,163205,Final,0
aif150226g.07102.hdf5,70005605,7100,1,0,1,0,20170515,163205,Final,0
aif150226g07103.hdf5,70005605,7101,1,0,1,0,20170515,163205,Final,0
aif150126g.7100.hdf5,70005606,7100,3,0,1,0,20170515,163210,Final,0
aif150126g.7101.hdf5,70005606,7101,3,0,1,0,20170515,163210,Final,0
aif150126g.07102.hdf5,70005606,7100,1,0,1,0,20170515,163210,Final,0
aif150126g07103.hdf5,70005606,7101,1,0,1,0,20170515,163210,Final,0
aif150626g.7100.hdf5,70005607,7100,1,0,1,0,20170515,163207,Final,0
aif150626g.7101.hdf5,70005607,7101,1,0,1,0,20170515,163207,Final,0
aif150326g.7100.hdf5,70005608,7100,3,0,1,0,20170515,163201,Final,0
aif150326g.7101.hdf5,70005608,7101,3,0,1,0,20170515,163201,Final,0
aif150326g.07102.hdf5,70005608,7100,1,0,1,0,20170515,163201,Final,0
aif150326g07103.hdf5,70005608,7101,1,0,1,0,20170515,163201,Final,0
aif150526g.7100.hdf5,70005609,7100,1,0,1,0,20170515,163202,Final,0
aif150526g.7101.hdf5,70005609,7101,1,0,1,0,20170515,163202,Final,0
aif151126g.7100.hdf5,70005610,7100,1,0,1,0,20170515,163208,Final,0
aif151126g.7101.hdf5,70005610,7101,1,0,1,0,20170515,163208,Final,0
aif151025g.7100.hdf5,70005611,7100,1,0,1,0,20170515,163202,Final,0
aif151025g.7101.hdf5,70005611,7101,1,0,1,0,20170515,163202,Final,0
aif151026g.7100.hdf5,70005612,7100,1,0,1,0,20170515,163209,Final,0
aif151026g.7101.hdf5,70005612,7101,1,0,1,0,20170515,163209,Final,0
aif150926g.7100.hdf5,70005613,7100,1,0,1,0,20170515,163208,Final,0
aif150926g.7101.hdf5,70005613,7101,1,0,1,0,20170515,163208,Final,0
aif150427g.7100.hdf5,70005614,7100,3,0,1,0,20170515,163212,Final,0
aif150427g.7101.hdf5,70005614,7101,3,0,1,0,20170515,163212,Final,0
aif150427g.07102.hdf5,70005614,7100,1,0,1,0,20170515,163212,Final,0
aif150427g07103.hdf5,70005614,7101,1,0,1,0,20170515,163212,Final,0
aif151227g.7100.hdf5,70005615,7100,1,0,1,0,20170515,163213,Final,0
aif151227g.7101.hdf5,70005615,7101,1,0,1,0,20170515,163213,Final,0
aif150227g.7100.hdf5,70005616,7100,3,0,1,0,20170515,163202,Final,0
aif150227g.7101.hdf5,70005616,7101,3,0,1,0,20170515,163202,Final,0
aif150227g.07102.hdf5,70005616,7100,1,0,1,0,20170515,163202,Final,0
aif150227g07103.hdf5,70005616,7101,1,0,1,0,20170515,163202,Final,0
aif150127g.7100.hdf5,70005617,7100,3,0,1,0,20170515,163208,Final,0
aif150127g.7101.hdf5,70005617,7101,3,0,1,0,20170515,163208,Final,0
aif150127g.07102.hdf5,70005617,7100,1,0,1,0,20170515,163208,Final,0
aif150127g07103.hdf5,70005617,7101,1,0,1,0,20170515,163208,Final,0
aif150726g.7100.hdf5,70005618,7100,1,0,1,0,20170515,163212,Final,0
aif150726g.7101.hdf5,70005618,7101,1,0,1,0,20170515,163212,Final,0
aif150727g.7100.hdf5,70005619,7100,1,0,1,0,20170515,163202,Final,0
aif150727g.7101.hdf5,70005619,7101,1,0,1,0,20170515,163202,Final,0
aif150327g.7100.hdf5,70005620,7100,3,0,1,0,20170515,163211,Final,0
aif150327g.7101.hdf5,70005620,7101,3,0,1,0,20170515,163211,Final,0
aif150327g.07102.hdf5,70005620,7100,1,0,1,0,20170515,163211,Final,0
aif150327g07103.hdf5,70005620,7101,1,0,1,0,20170515,163211,Final,0
aif150527g.7100.hdf5,70005621,7100,1,0,1,0,20170515,163211,Final,0
aif150527g.7101.hdf5,70005621,7101,1,0,1,0,20170515,163211,Final,0
aif151127g.7100.hdf5,70005622,7100,1,0,1,0,20170515,163209,Final,0
aif151127g.7101.hdf5,70005622,7101,1,0,1,0,20170515,163209,Final,0
aif151027g.7100.hdf5,70005623,7100,1,0,1,0,20170515,163207,Final,0
aif151027g.7101.hdf5,70005623,7101,1,0,1,0,20170515,163207,Final,0
aif150927g.7100.hdf5,70005624,7100,3,0,1,0,20170515,163208,Final,0
aif150927g.7101.hdf5,70005624,7101,3,0,1,0,20170515,163208,Final,0
aif150927g.07102.hdf5,70005624,7100,1,0,1,0,20170515,163208,Final,0
aif150927g07103.hdf5,70005624,7101,1,0,1,0,20170515,163208,Final,0
aif150428g.7100.hdf5,70005625,7100,3,0,1,0,20170515,163212,Final,0
aif150428g.7101.hdf5,70005625,7101,3,0,1,0,20170515,163212,Final,0
aif150428g.07102.hdf5,70005625,7100,1,0,1,0,20170515,163212,Final,0
aif150428g07103.hdf5,70005625,7101,1,0,1,0,20170515,163212,Final,0
aif150828g.7100.hdf5,70005626,7100,1,0,1,0,20170515,163205,Final,0
aif150828g.7101.hdf5,70005626,7101,1,0,1,0,20170515,163205,Final,0
aif151228g.7100.hdf5,70005627,7100,1,0,1,0,20170515,163211,Final,0
aif151228g.7101.hdf5,70005627,7101,1,0,1,0,20170515,163211,Final,0
aif150228g.7100.hdf5,70005628,7100,1,0,1,0,20170515,163206,Final,0
aif150228g.7101.hdf5,70005628,7101,1,0,1,0,20170515,163206,Final,0
aif150128g.7100.hdf5,70005629,7100,3,0,1,0,20170515,163201,Final,0
aif150128g.7101.hdf5,70005629,7101,3,0,1,0,20170515,163201,Final,0
aif150128g.07102.hdf5,70005629,7100,1,0,1,0,20170515,163201,Final,0
aif150128g07103.hdf5,70005629,7101,1,0,1,0,20170515,163201,Final,0
aif150628g.7100.hdf5,70005630,7100,1,0,1,0,20170515,163203,Final,0
aif150628g.7101.hdf5,70005630,7101,1,0,1,0,20170515,163203,Final,0
aif150328g.7100.hdf5,70005631,7100,1,0,1,0,20170515,163209,Final,0
aif150328g.7101.hdf5,70005631,7101,1,0,1,0,20170515,163209,Final,0
aif150528g.7100.hdf5,70005632,7100,1,0,1,0,20170515,163202,Final,0
aif150528g.7101.hdf5,70005632,7101,1,0,1,0,20170515,163202,Final,0
aif151128g.7100.hdf5,70005633,7100,1,0,1,0,20170515,163211,Final,0
aif151128g.7101.hdf5,70005633,7101,1,0,1,0,20170515,163211,Final,0
aif151028g.7100.hdf5,70005634,7100,1,0,1,0,20170515,163210,Final,0
aif151028g.7101.hdf5,70005634,7101,1,0,1,0,20170515,163210,Final,0
aif150928g.7100.hdf5,70005635,7100,3,0,1,0,20170515,163207,Final,0
aif150928g.7101.hdf5,70005635,7101,3,0,1,0,20170515,163207,Final,0
aif150928g.07102.hdf5,70005635,7100,1,0,1,0,20170515,163207,Final,0
aif150928g07103.hdf5,70005635,7101,1,0,1,0,20170515,163207,Final,0
aif150429g.7100.hdf5,70005636,7100,3,0,1,0,20170515,163208,Final,0
aif150429g.7101.hdf5,70005636,7101,3,0,1,0,20170515,163208,Final,0
aif150429g.07102.hdf5,70005636,7100,1,0,1,0,20170515,163208,Final,0
aif150429g07103.hdf5,70005636,7101,1,0,1,0,20170515,163208,Final,0
aif151229g.7100.hdf5,70005637,7100,1,0,1,0,20170515,163209,Final,0
aif151229g.7101.hdf5,70005637,7101,1,0,1,0,20170515,163209,Final,0
aif150129g.7100.hdf5,70005638,7100,1,0,1,0,20170515,163210,Final,0
aif150129g.7101.hdf5,70005638,7101,1,0,1,0,20170515,163210,Final,0
aif150728g.7100.hdf5,70005639,7100,1,0,1,0,20170515,163201,Final,0
aif150728g.7101.hdf5,70005639,7101,1,0,1,0,20170515,163201,Final,0
aif150729g.7100.hdf5,70005640,7100,1,0,1,0,20170515,163204,Final,0
aif150729g.7101.hdf5,70005640,7101,1,0,1,0,20170515,163204,Final,0
aif150629g.7100.hdf5,70005641,7100,1,0,1,0,20170515,163204,Final,0
aif150629g.7101.hdf5,70005641,7101,1,0,1,0,20170515,163204,Final,0
aif150329g.7100.hdf5,70005642,7100,3,0,1,0,20170515,163202,Final,0
aif150329g.7101.hdf5,70005642,7101,3,0,1,0,20170515,163201,Final,0
aif150329g.07102.hdf5,70005642,7100,1,0,1,0,20170515,163201,Final,0
aif150329g07103.hdf5,70005642,7101,1,0,1,0,20170515,163201,Final,0
aif150529g.7100.hdf5,70005643,7100,1,0,1,0,20170515,163206,Final,0
aif150529g.7101.hdf5,70005643,7101,1,0,1,0,20170515,163206,Final,0
aif151029g.7100.hdf5,70005644,7100,1,0,1,0,20170515,163202,Final,0
aif151029g.7101.hdf5,70005644,7101,1,0,1,0,20170515,163202,Final,0
aif150929g.7100.hdf5,70005645,7100,1,0,1,0,20170515,163211,Final,0
aif150929g.7101.hdf5,70005645,7101,1,0,1,0,20170515,163211,Final,0
aif150430g.7100.hdf5,70005646,7100,1,0,1,0,20170515,163204,Final,0
aif150430g.7101.hdf5,70005646,7101,1,0,1,0,20170515,163204,Final,0
aif150830g.7100.hdf5,70005647,7100,1,0,1,0,20170515,163210,Final,0
aif150830g.7101.hdf5,70005647,7101,1,0,1,0,20170515,163210,Final,0
aif151230g.7100.hdf5,70005648,7100,1,0,1,0,20170515,163212,Final,0
aif151230g.7101.hdf5,70005648,7101,1,0,1,0,20170515,163212,Final,0
aif150130g.7100.hdf5,70005649,7100,3,0,1,0,20170515,163211,Final,0
aif150130g.7101.hdf5,70005649,7101,3,0,1,0,20170515,163211,Final,0
aif150130g.07102.hdf5,70005649,7100,1,0,1,0,20170515,163211,Final,0
aif150130g07103.hdf5,70005649,7101,1,0,1,0,20170515,163211,Final,0
aif150730g.7100.hdf5,70005650,7100,1,0,1,0,20170515,163206,Final,0
aif150730g.7101.hdf5,70005650,7101,1,0,1,0,20170515,163207,Final,0
aif150630g.7100.hdf5,70005651,7100,1,0,1,0,20170515,163201,Final,0
aif150630g.7101.hdf5,70005651,7101,1,0,1,0,20170515,163201,Final,0
aif150330g.7100.hdf5,70005652,7100,3,0,1,0,20170515,163202,Final,0
aif150330g.7101.hdf5,70005652,7101,3,0,1,0,20170515,163202,Final,0
aif150330g.07102.hdf5,70005652,7100,1,0,1,0,20170515,163202,Final,0
aif150330g07103.hdf5,70005652,7101,1,0,1,0,20170515,163202,Final,0
aif151130g.7100.hdf5,70005653,7100,1,0,1,0,20170515,163206,Final,0
aif151130g.7101.hdf5,70005653,7101,1,0,1,0,20170515,163206,Final,0
aif151030g.7100.hdf5,70005654,7100,1,0,1,0,20170515,163211,Final,0
aif151030g.7101.hdf5,70005654,7101,1,0,1,0,20170515,163211,Final,0
aif150930g.7100.hdf5,70005655,7100,1,0,1,0,20170515,163203,Final,0
aif150930g.7101.hdf5,70005655,7101,1,0,1,0,20170515,163203,Final,0
aif151231g.7100.hdf5,70005656,7100,1,0,1,0,20170515,163205,Final,0
aif151231g.7101.hdf5,70005656,7101,1,0,1,0,20170515,163205,Final,0
aif150131g.7100.hdf5,70005657,7100,3,0,1,0,20170515,163204,Final,0
aif150131g.7101.hdf5,70005657,7101,3,0,1,0,20170515,163204,Final,0
aif150131g.07102.hdf5,70005657,7100,1,0,1,0,20170515,163204,Final,0
aif150131g07103.hdf5,70005657,7101,1,0,1,0,20170515,163204,Final,0
aif150731g.7100.hdf5,70005658,7100,1,0,1,0,20170515,163210,Final,0
aif150731g.7101.hdf5,70005658,7101,1,0,1,0,20170515,163210,Final,0
aif150331g.7100.hdf5,70005659,7100,1,0,1,0,20170515,163205,Final,0
aif150331g.7101.hdf5,70005659,7101,1,0,1,0,20170515,163205,Final,0
aif151031g.7100.hdf5,70005660,7100,1,0,1,0,20170515,163213,Final,0
aif151031g.7101.hdf5,70005660,7101,1,0,1,0,20170515,163213,Final,0
akl_k_K2015343.asc.hdf5,70005661,2002,1,0,1,0,20180110,041309,Final,0
akl_tn_K2015343.asc.hdf5,70005661,10002,1,0,1,0,20180110,041311,Final,0
akl_tn_K2015313.asc.hdf5,70005662,10002,1,0,1,0,20180110,044557,Final,0
akl_k_K2015313.asc.hdf5,70005662,2002,1,0,1,0,20180110,044655,Final,0
akl_tn_K2015344.asc.hdf5,70005663,10002,1,0,1,0,20180110,010829,Final,0
akl_k_K2015344.asc.hdf5,70005663,2002,1,0,1,0,20180110,010937,Final,0
akl_tn_K2015314.asc.hdf5,70005664,10002,1,0,1,0,20180110,012743,Final,0
akl_k_K2015314.asc.hdf5,70005664,2002,1,0,1,0,20180110,012828,Final,0
akl_k_K2015345.asc.hdf5,70005665,2002,1,0,1,0,20180110,041803,Final,0
akl_tn_K2015345.asc.hdf5,70005665,10002,1,0,1,0,20180110,041805,Final,0
akl_tn_K2015316.asc.hdf5,70005666,10002,1,0,1,0,20180110,020834,Final,0
akl_k_K2015316.asc.hdf5,70005666,2002,1,0,1,0,20180110,021004,Final,0
akl_tn_K2015318.asc.hdf5,70005667,10002,1,0,1,0,20180110,023924,Final,0
akl_k_K2015318.asc.hdf5,70005667,2002,1,0,1,0,20180110,024056,Final,0
aro20151209plg.001.hdf5,70005668,2041,3,0,1,0,20170515,163304,History,0
aro20151209plg.002.hdf5,70005668,2041,1,0,1,0,20180516,131624,Final_Improved,0
aro20151210plg.001.hdf5,70005669,2041,3,0,1,0,20170515,163340,History,0
aro20151210plg.002.hdf5,70005669,2041,1,0,1,0,20180516,152710,Final_Improved,0
aro20151211plg.001.hdf5,70005670,2041,1,0,1,0,20170515,163251,FINAL,0
aro20151212plg.001.hdf5,70005671,2041,1,0,1,0,20170515,163238,FINAL,0
aro20150317mrag.001.hdf5,70005672,2010,1,0,1,0,20170515,163350,Final,0
aro20150317clpg.001.hdf5,70005672,2020,1,0,1,0,20170515,163354,Final,0
aro20150318plg.001.hdf5,70005673,2040,1,0,1,0,20170515,163306,FINAL,0
aro20150119mrag.001.hdf5,70005674,2010,1,0,1,0,20170515,163442,Final,0
aro20150319plg.001.hdf5,70005675,2040,1,0,1,0,20170515,163329,FINAL,0
aro20150120plg.001.hdf5,70005676,2040,1,0,1,0,20170515,163321,FINAL,0
aro20150320mrag.001.hdf5,70005677,2010,1,0,1,0,20170515,163413,Final,0
aro20150121plg.001.hdf5,70005678,2040,1,0,1,0,20170515,163245,FINAL,0
aro20150321plg.001.hdf5,70005679,2040,1,0,1,0,20170515,163423,FINAL,0
aro20150122plg.001.hdf5,70005680,2040,1,0,1,0,20170515,163259,FINAL,0
aro20150322plg.001.hdf5,70005681,2040,1,0,1,0,20170515,163350,FINAL,0
aro20150123plg.001.hdf5,70005682,2040,1,0,1,0,20170515,163354,FINAL,0
aro20150323plg.001.hdf5,70005683,2040,1,0,1,0,20170515,163326,FINAL,0
aro20150124plg.001.hdf5,70005684,2040,1,0,1,0,20170515,163437,FINAL,0
aro20150125plg.001.hdf5,70005685,2040,1,0,1,0,20170515,163306,FINAL,0
one_ion_aro20150903topl.001.hdf5,70005686,2018,1,0,1,0,20170515,163614,Final,0
aro20151209clpl.000.hdf5,70005687,2020,1,0,1,0,20170515,163540,Preliminary,0
aro20151209pll.001.hdf5,70005687,2040,1,0,1,0,20170515,163540,FINAL,0
aro20151211pll.001.hdf5,70005688,2040,1,0,1,0,20170515,163536,FINAL,0
aro20151213pll.001.hdf5,70005689,2040,1,0,1,0,20170515,163553,FINAL,0
aro20151215pll.001.hdf5,70005690,2040,1,0,1,0,20170515,163553,FINAL,0
aro20150715clpl.000.hdf5,70005691,2020,1,0,1,0,20170515,163614,Preliminary,0
aro20150715pll.001.hdf5,70005691,2040,1,0,1,0,20170515,163614,FINAL,0
aro20150716pll.001.hdf5,70005692,2040,1,0,1,0,20170515,163549,FINAL,0
aro20151217pll.001.hdf5,70005693,2040,1,0,1,0,20170515,163558,FINAL,0
aro20150717pll.001.hdf5,70005694,2040,1,0,1,0,20170515,163623,FINAL,0
aro20150317mral.001.hdf5,70005695,2010,1,0,1,0,20170515,163602,Final,0
one_ion_aro20150317topl.000.hdf5,70005695,2018,3,0,1,0,20170515,163558,History,0
one_ion_aro20150317topl.001.hdf5,70005695,2018,1,0,1,0,20170515,163602,Final,0
aro20150119mral.001.hdf5,70005696,2010,1,0,1,0,20170515,163628,Final,0
aro20150320mral.001.hdf5,70005697,2010,1,0,1,0,20170515,163602,Final,0
aro20150721clpl.000.hdf5,70005698,2020,1,0,1,0,20170515,163614,Uncalibrated,0
asl20151209.001.hdf5,70005699,7150,1,0,1,0,20180110,025123,Preliminary,0
asl20151210.001.hdf5,70005700,7150,1,0,1,0,20180110,025150,Preliminary,0
asl20151109.001.hdf5,70005701,7150,1,0,1,0,20180110,044547,Preliminary,0
asl20151211.001.hdf5,70005702,7150,1,0,1,0,20180110,053243,Preliminary,0
asl20151110.001.hdf5,70005703,7150,1,0,1,0,20180110,045615,Preliminary,0
asl20151112.001.hdf5,70005704,7150,1,0,1,0,20180110,040444,Preliminary,0
asl20151111.001.hdf5,70005705,7150,1,0,1,0,20180110,040412,Preliminary,0
asl20151114.001.hdf5,70005706,7150,1,0,1,0,20180110,045053,Preliminary,0
asl20151113.001.hdf5,70005707,7150,1,0,1,0,20180110,052809,Preliminary,0
asl20150619.001.hdf5,70005708,7150,1,0,1,0,20180110,021404,Preliminary,0
aai20160401.00001.hdf5,70005709,20,1,0,1,0,20170515,161123,Final,0
aai20160801.00001.hdf5,70005710,20,1,0,1,0,20170515,161123,Final,0
aai20160201.00001.hdf5,70005711,20,1,0,1,0,20170515,161120,Final,0
aai20160101.00001.hdf5,70005712,20,1,0,1,0,20170515,161123,Final,0
aai20160701.00001.hdf5,70005713,20,1,0,1,0,20170515,161120,Final,0
aai20160301.00001.hdf5,70005714,20,1,0,1,0,20170515,161123,Final,0
aai20160501.00001.hdf5,70005715,20,1,0,1,0,20170515,161122,Final,0
aai20161101.00001.hdf5,70005716,20,1,0,1,0,20170515,161122,Final,0
aai20161001.00001.hdf5,70005717,20,1,0,1,0,20170515,161120,Final,0
aai20160402.00001.hdf5,70005718,20,1,0,1,0,20170515,161122,Final,0
aai20160802.00001.hdf5,70005719,20,1,0,1,0,20170515,161122,Final,0
aai20160202.00001.hdf5,70005720,20,1,0,1,0,20170515,161120,Final,0
aai20160102.00001.hdf5,70005721,20,1,0,1,0,20170515,161123,Final,0
aai20160702.00001.hdf5,70005722,20,1,0,1,0,20170515,161123,Final,0
aai20160302.00001.hdf5,70005723,20,1,0,1,0,20170515,161120,Final,0
aai20160502.00001.hdf5,70005724,20,1,0,1,0,20170515,161121,Final,0
aai20161102.00001.hdf5,70005725,20,1,0,1,0,20170515,161122,Final,0
aai20161002.00001.hdf5,70005726,20,1,0,1,0,20170515,161120,Final,0
aai20160403.00001.hdf5,70005727,20,1,0,1,0,20170515,161123,Final,0
aai20160803.00001.hdf5,70005728,20,1,0,1,0,20170515,161123,Final,0
aai20160203.00001.hdf5,70005729,20,1,0,1,0,20170515,161120,Final,0
aai20160103.00001.hdf5,70005730,20,1,0,1,0,20170515,161122,Final,0
aai20160703.00001.hdf5,70005731,20,1,0,1,0,20170515,161121,Final,0
aai20160303.00001.hdf5,70005732,20,1,0,1,0,20170515,161123,Final,0
aai20160503.00001.hdf5,70005733,20,1,0,1,0,20170515,161120,Final,0
aai20161103.00001.hdf5,70005734,20,1,0,1,0,20170515,161120,Final,0
aai20160404.00001.hdf5,70005735,20,1,0,1,0,20170515,161120,Final,0
aai20160804.00001.hdf5,70005736,20,1,0,1,0,20170515,161120,Final,0
aai20160204.00001.hdf5,70005737,20,1,0,1,0,20170515,161124,Final,0
aai20160104.00001.hdf5,70005738,20,1,0,1,0,20170515,161121,Final,0
aai20160704.00001.hdf5,70005739,20,1,0,1,0,20170515,161119,Final,0
aai20160304.00001.hdf5,70005740,20,1,0,1,0,20170515,161123,Final,0
aai20160504.00001.hdf5,70005741,20,1,0,1,0,20170515,161122,Final,0
aai20161104.00001.hdf5,70005742,20,1,0,1,0,20170515,161121,Final,0
aai20160405.00001.hdf5,70005743,20,1,0,1,0,20170515,161122,Final,0
aai20160805.00001.hdf5,70005744,20,1,0,1,0,20170515,161121,Final,0
aai20160205.00001.hdf5,70005745,20,1,0,1,0,20170515,161121,Final,0
aai20160105.00001.hdf5,70005746,20,1,0,1,0,20170515,161121,Final,0
aai20160705.00001.hdf5,70005747,20,1,0,1,0,20170515,161123,Final,0
aai20160605.00001.hdf5,70005748,20,1,0,1,0,20170515,161121,Final,0
aai20160305.00001.hdf5,70005749,20,1,0,1,0,20170515,161122,Final,0
aai20160505.00001.hdf5,70005750,20,1,0,1,0,20170515,161120,Final,0
aai20161105.00001.hdf5,70005751,20,1,0,1,0,20170515,161120,Final,0
aai20161005.00001.hdf5,70005752,20,1,0,1,0,20170515,161121,Final,0
aai20160406.00001.hdf5,70005753,20,1,0,1,0,20170515,161121,Final,0
aai20160206.00001.hdf5,70005754,20,1,0,1,0,20170515,161122,Final,0
aai20160106.00001.hdf5,70005755,20,1,0,1,0,20170515,161123,Final,0
aai20160706.00001.hdf5,70005756,20,1,0,1,0,20170515,161120,Final,0
aai20160606.00001.hdf5,70005757,20,1,0,1,0,20170515,161122,Final,0
aai20160306.00001.hdf5,70005758,20,1,0,1,0,20170515,161120,Final,0
aai20160506.00001.hdf5,70005759,20,1,0,1,0,20170515,161120,Final,0
aai20161106.00001.hdf5,70005760,20,1,0,1,0,20170515,161122,Final,0
aai20161006.00001.hdf5,70005761,20,1,0,1,0,20170515,161120,Final,0
aai20160407.00001.hdf5,70005762,20,1,0,1,0,20170515,161121,Final,0
aai20160807.00001.hdf5,70005763,20,1,0,1,0,20170515,161123,Final,0
aai20160207.00001.hdf5,70005764,20,1,0,1,0,20170515,161120,Final,0
aai20160107.00001.hdf5,70005765,20,1,0,1,0,20170515,161119,Final,0
aai20160707.00001.hdf5,70005766,20,1,0,1,0,20170515,161121,Final,0
aai20160607.00001.hdf5,70005767,20,1,0,1,0,20170515,161121,Final,0
aai20160307.00001.hdf5,70005768,20,1,0,1,0,20170515,161121,Final,0
aai20160507.00001.hdf5,70005769,20,1,0,1,0,20170515,161122,Final,0
aai20161107.00001.hdf5,70005770,20,1,0,1,0,20170515,161120,Final,0
aai20161007.00001.hdf5,70005771,20,1,0,1,0,20170515,161121,Final,0
aai20160408.00001.hdf5,70005772,20,1,0,1,0,20170515,161122,Final,0
aai20160808.00001.hdf5,70005773,20,1,0,1,0,20170515,161123,Final,0
aai20160208.00001.hdf5,70005774,20,1,0,1,0,20170515,161123,Final,0
aai20160108.00001.hdf5,70005775,20,1,0,1,0,20170515,161123,Final,0
aai20160708.00001.hdf5,70005776,20,1,0,1,0,20170515,161121,Final,0
aai20160608.00001.hdf5,70005777,20,1,0,1,0,20170515,161123,Final,0
aai20160308.00001.hdf5,70005778,20,1,0,1,0,20170515,161120,Final,0
aai20160508.00001.hdf5,70005779,20,1,0,1,0,20170515,161123,Final,0
aai20161108.00001.hdf5,70005780,20,1,0,1,0,20170515,161120,Final,0
aai20161008.00001.hdf5,70005781,20,1,0,1,0,20170515,161121,Final,0
aai20160908.00001.hdf5,70005782,20,1,0,1,0,20170515,161120,Final,0
aai20160409.00001.hdf5,70005783,20,1,0,1,0,20170515,161122,Final,0
aai20160209.00001.hdf5,70005784,20,1,0,1,0,20170515,161122,Final,0
aai20160109.00001.hdf5,70005785,20,1,0,1,0,20170515,161123,Final,0
aai20160709.00001.hdf5,70005786,20,1,0,1,0,20170515,161124,Final,0
aai20160609.00001.hdf5,70005787,20,1,0,1,0,20170515,161120,Final,0
aai20160309.00001.hdf5,70005788,20,1,0,1,0,20170515,161120,Final,0
aai20160509.00001.hdf5,70005789,20,1,0,1,0,20170515,161122,Final,0
aai20161109.00001.hdf5,70005790,20,1,0,1,0,20170515,161120,Final,0
aai20161009.00001.hdf5,70005791,20,1,0,1,0,20170515,161119,Final,0
aai20160410.00001.hdf5,70005792,20,1,0,1,0,20170515,161123,Final,0
aai20160810.00001.hdf5,70005793,20,1,0,1,0,20170515,161121,Final,0
aai20160210.00001.hdf5,70005794,20,1,0,1,0,20170515,161123,Final,0
aai20160110.00001.hdf5,70005795,20,1,0,1,0,20170515,161122,Final,0
aai20160710.00001.hdf5,70005796,20,1,0,1,0,20170515,161123,Final,0
aai20160610.00001.hdf5,70005797,20,1,0,1,0,20170515,161122,Final,0
aai20160310.00001.hdf5,70005798,20,1,0,1,0,20170515,161121,Final,0
aai20160510.00001.hdf5,70005799,20,1,0,1,0,20170515,161121,Final,0
aai20161110.00001.hdf5,70005800,20,1,0,1,0,20170515,161123,Final,0
aai20161010.00001.hdf5,70005801,20,1,0,1,0,20170515,161123,Final,0
aai20160411.00001.hdf5,70005802,20,1,0,1,0,20170515,161122,Final,0
aai20160211.00001.hdf5,70005803,20,1,0,1,0,20170515,161123,Final,0
aai20160111.00001.hdf5,70005804,20,1,0,1,0,20170515,161120,Final,0
aai20160711.00001.hdf5,70005805,20,1,0,1,0,20170515,161122,Final,0
aai20160611.00001.hdf5,70005806,20,1,0,1,0,20170515,161123,Final,0
aai20160311.00001.hdf5,70005807,20,1,0,1,0,20170515,161122,Final,0
aai20160511.00001.hdf5,70005808,20,1,0,1,0,20170515,161120,Final,0
aai20161111.00001.hdf5,70005809,20,1,0,1,0,20170515,161123,Final,0
aai20161011.00001.hdf5,70005810,20,1,0,1,0,20170515,161122,Final,0
aai20160412.00001.hdf5,70005811,20,1,0,1,0,20170515,161122,Final,0
aai20160212.00001.hdf5,70005812,20,1,0,1,0,20170515,161121,Final,0
aai20160112.00001.hdf5,70005813,20,1,0,1,0,20170515,161120,Final,0
aai20160712.00001.hdf5,70005814,20,1,0,1,0,20170515,161119,Final,0
aai20160612.00001.hdf5,70005815,20,1,0,1,0,20170515,161122,Final,0
aai20160312.00001.hdf5,70005816,20,1,0,1,0,20170515,161123,Final,0
aai20160512.00001.hdf5,70005817,20,1,0,1,0,20170515,161120,Final,0
aai20161112.00001.hdf5,70005818,20,1,0,1,0,20170515,161120,Final,0
aai20161012.00001.hdf5,70005819,20,1,0,1,0,20170515,161122,Final,0
aai20160413.00001.hdf5,70005820,20,1,0,1,0,20170515,161121,Final,0
aai20160213.00001.hdf5,70005821,20,1,0,1,0,20170515,161120,Final,0
aai20160113.00001.hdf5,70005822,20,1,0,1,0,20170515,161123,Final,0
aai20160713.00001.hdf5,70005823,20,1,0,1,0,20170515,161121,Final,0
aai20160613.00001.hdf5,70005824,20,1,0,1,0,20170515,161121,Final,0
aai20160313.00001.hdf5,70005825,20,1,0,1,0,20170515,161121,Final,0
aai20160513.00001.hdf5,70005826,20,1,0,1,0,20170515,161120,Final,0
aai20161113.00001.hdf5,70005827,20,1,0,1,0,20170515,161121,Final,0
aai20161013.00001.hdf5,70005828,20,1,0,1,0,20170515,161122,Final,0
aai20160414.00001.hdf5,70005829,20,1,0,1,0,20170515,161121,Final,0
aai20160214.00001.hdf5,70005830,20,1,0,1,0,20170515,161121,Final,0
aai20160114.00001.hdf5,70005831,20,1,0,1,0,20170515,161120,Final,0
aai20160714.00001.hdf5,70005832,20,1,0,1,0,20170515,161123,Final,0
aai20160614.00001.hdf5,70005833,20,1,0,1,0,20170515,161122,Final,0
aai20160314.00001.hdf5,70005834,20,1,0,1,0,20170515,161121,Final,0
aai20160514.00001.hdf5,70005835,20,1,0,1,0,20170515,161121,Final,0
aai20161014.00001.hdf5,70005836,20,1,0,1,0,20170515,161123,Final,0
aai20160415.00001.hdf5,70005837,20,1,0,1,0,20170515,161120,Final,0
aai20160215.00001.hdf5,70005838,20,1,0,1,0,20170515,161122,Final,0
aai20160115.00001.hdf5,70005839,20,1,0,1,0,20170515,161122,Final,0
aai20160715.00001.hdf5,70005840,20,1,0,1,0,20170515,161120,Final,0
aai20160615.00001.hdf5,70005841,20,1,0,1,0,20170515,161120,Final,0
aai20160315.00001.hdf5,70005842,20,1,0,1,0,20170515,161122,Final,0
aai20160515.00001.hdf5,70005843,20,1,0,1,0,20170515,161121,Final,0
aai20161115.00001.hdf5,70005844,20,1,0,1,0,20170515,161120,Final,0
aai20160416.00001.hdf5,70005845,20,1,0,1,0,20170515,161122,Final,0
aai20160216.00001.hdf5,70005846,20,1,0,1,0,20170515,161122,Final,0
aai20160116.00001.hdf5,70005847,20,1,0,1,0,20170515,161122,Final,0
aai20160716.00001.hdf5,70005848,20,1,0,1,0,20170515,161124,Final,0
aai20160616.00001.hdf5,70005849,20,1,0,1,0,20170515,161120,Final,0
aai20160316.00001.hdf5,70005850,20,1,0,1,0,20170515,161119,Final,0
aai20160516.00001.hdf5,70005851,20,1,0,1,0,20170515,161120,Final,0
aai20161116.00001.hdf5,70005852,20,1,0,1,0,20170515,161120,Final,0
aai20160417.00001.hdf5,70005853,20,1,0,1,0,20170515,161120,Final,0
aai20160217.00001.hdf5,70005854,20,1,0,1,0,20170515,161121,Final,0
aai20160117.00001.hdf5,70005855,20,1,0,1,0,20170515,161123,Final,0
aai20160717.00001.hdf5,70005856,20,1,0,1,0,20170515,161123,Final,0
aai20160617.00001.hdf5,70005857,20,1,0,1,0,20170515,161121,Final,0
aai20160317.00001.hdf5,70005858,20,1,0,1,0,20170515,161123,Final,0
aai20160517.00001.hdf5,70005859,20,1,0,1,0,20170515,161121,Final,0
aai20161117.00001.hdf5,70005860,20,1,0,1,0,20170515,161121,Final,0
aai20160418.00001.hdf5,70005861,20,1,0,1,0,20170515,161121,Final,0
aai20160218.00001.hdf5,70005862,20,1,0,1,0,20170515,161123,Final,0
aai20160118.00001.hdf5,70005863,20,1,0,1,0,20170515,161121,Final,0
aai20160718.00001.hdf5,70005864,20,1,0,1,0,20170515,161124,Final,0
aai20160618.00001.hdf5,70005865,20,1,0,1,0,20170515,161120,Final,0
aai20160318.00001.hdf5,70005866,20,1,0,1,0,20170515,161120,Final,0
aai20160518.00001.hdf5,70005867,20,1,0,1,0,20170515,161123,Final,0
aai20161118.00001.hdf5,70005868,20,1,0,1,0,20170515,161123,Final,0
aai20160419.00001.hdf5,70005869,20,1,0,1,0,20170515,161122,Final,0
aai20160219.00001.hdf5,70005870,20,1,0,1,0,20170515,161120,Final,0
aai20160119.00001.hdf5,70005871,20,1,0,1,0,20170515,161121,Final,0
aai20160319.00001.hdf5,70005872,20,1,0,1,0,20170515,161122,Final,0
aai20160519.00001.hdf5,70005873,20,1,0,1,0,20170515,161123,Final,0
aai20161119.00001.hdf5,70005874,20,1,0,1,0,20170515,161123,Final,0
aai20160420.00001.hdf5,70005875,20,1,0,1,0,20170515,161123,Final,0
aai20160220.00001.hdf5,70005876,20,1,0,1,0,20170515,161120,Final,0
aai20160120.00001.hdf5,70005877,20,1,0,1,0,20170515,161122,Final,0
aai20160320.00001.hdf5,70005878,20,1,0,1,0,20170515,161121,Final,0
aai20161120.00001.hdf5,70005879,20,1,0,1,0,20170515,161120,Final,0
aai20160221.00001.hdf5,70005880,20,1,0,1,0,20170515,161121,Final,0
aai20160121.00001.hdf5,70005881,20,1,0,1,0,20170515,161121,Final,0
aai20160721.00001.hdf5,70005882,20,1,0,1,0,20170515,161121,Final,0
aai20160621.00001.hdf5,70005883,20,1,0,1,0,20170515,161122,Final,0
aai20160321.00001.hdf5,70005884,20,1,0,1,0,20170515,161123,Final,0
aai20161121.00001.hdf5,70005885,20,1,0,1,0,20170515,161123,Final,0
aai20160122.00001.hdf5,70005886,20,1,0,1,0,20170515,161120,Final,0
aai20160722.00001.hdf5,70005887,20,1,0,1,0,20170515,161121,Final,0
aai20160622.00001.hdf5,70005888,20,1,0,1,0,20170515,161120,Final,0
aai20161122.00001.hdf5,70005889,20,1,0,1,0,20170515,161123,Final,0
aai20160423.00001.hdf5,70005890,20,1,0,1,0,20170515,161121,Final,0
aai20160723.00001.hdf5,70005891,20,1,0,1,0,20170515,161122,Final,0
aai20160623.00001.hdf5,70005892,20,1,0,1,0,20170515,161123,Final,0
aai20160523.00001.hdf5,70005893,20,1,0,1,0,20170515,161121,Final,0
aai20161123.00001.hdf5,70005894,20,1,0,1,0,20170515,161121,Final,0
aai20160424.00001.hdf5,70005895,20,1,0,1,0,20170515,161123,Final,0
aai20160824.00001.hdf5,70005896,20,1,0,1,0,20170515,161121,Final,0
aai20160224.00001.hdf5,70005897,20,1,0,1,0,20170515,161121,Final,0
aai20160724.00001.hdf5,70005898,20,1,0,1,0,20170515,161122,Final,0
aai20160624.00001.hdf5,70005899,20,1,0,1,0,20170515,161123,Final,0
aai20160524.00001.hdf5,70005900,20,1,0,1,0,20170515,161122,Final,0
aai20160425.00001.hdf5,70005901,20,1,0,1,0,20170515,161121,Final,0
aai20160225.00001.hdf5,70005902,20,1,0,1,0,20170515,161120,Final,0
aai20160125.00001.hdf5,70005903,20,1,0,1,0,20170515,161120,Final,0
aai20160725.00001.hdf5,70005904,20,1,0,1,0,20170515,161120,Final,0
aai20160625.00001.hdf5,70005905,20,1,0,1,0,20170515,161120,Final,0
aai20160325.00001.hdf5,70005906,20,1,0,1,0,20170515,161120,Final,0
aai20160525.00001.hdf5,70005907,20,1,0,1,0,20170515,161121,Final,0
aai20160426.00001.hdf5,70005908,20,1,0,1,0,20170515,161121,Final,0
aai20160226.00001.hdf5,70005909,20,1,0,1,0,20170515,161120,Final,0
aai20160126.00001.hdf5,70005910,20,1,0,1,0,20170515,161121,Final,0
aai20160726.00001.hdf5,70005911,20,1,0,1,0,20170515,161123,Final,0
aai20160626.00001.hdf5,70005912,20,1,0,1,0,20170515,161123,Final,0
aai20160326.00001.hdf5,70005913,20,1,0,1,0,20170515,161120,Final,0
aai20160526.00001.hdf5,70005914,20,1,0,1,0,20170515,161122,Final,0
aai20160427.00001.hdf5,70005915,20,1,0,1,0,20170515,161121,Final,0
aai20160227.00001.hdf5,70005916,20,1,0,1,0,20170515,161123,Final,0
aai20160127.00001.hdf5,70005917,20,1,0,1,0,20170515,161123,Final,0
aai20160727.00001.hdf5,70005918,20,1,0,1,0,20170515,161124,Final,0
aai20160627.00001.hdf5,70005919,20,1,0,1,0,20170515,161121,Final,0
aai20160327.00001.hdf5,70005920,20,1,0,1,0,20170515,161123,Final,0
aai20160428.00001.hdf5,70005921,20,1,0,1,0,20170515,161123,Final,0
aai20160228.00001.hdf5,70005922,20,1,0,1,0,20170515,161122,Final,0
aai20160128.00001.hdf5,70005923,20,1,0,1,0,20170515,161122,Final,0
aai20160728.00001.hdf5,70005924,20,1,0,1,0,20170515,161123,Final,0
aai20160628.00001.hdf5,70005925,20,1,0,1,0,20170515,161120,Final,0
aai20160328.00001.hdf5,70005926,20,1,0,1,0,20170515,161121,Final,0
aai20160429.00001.hdf5,70005927,20,1,0,1,0,20170515,161122,Final,0
aai20160229.00001.hdf5,70005928,20,1,0,1,0,20170515,161122,Final,0
aai20160129.00001.hdf5,70005929,20,1,0,1,0,20170515,161122,Final,0
aai20160729.00001.hdf5,70005930,20,1,0,1,0,20170515,161121,Final,0
aai20160629.00001.hdf5,70005931,20,1,0,1,0,20170515,161123,Final,0
aai20160329.00001.hdf5,70005932,20,1,0,1,0,20170515,161121,Final,0
aai20160929.00001.hdf5,70005933,20,1,0,1,0,20170515,161123,Final,0
aai20160430.00001.hdf5,70005934,20,1,0,1,0,20170515,161122,Final,0
aai20160130.00001.hdf5,70005935,20,1,0,1,0,20170515,161122,Final,0
aai20160730.00001.hdf5,70005936,20,1,0,1,0,20170515,161122,Final,0
aai20160630.00001.hdf5,70005937,20,1,0,1,0,20170515,161120,Final,0
aai20160330.00001.hdf5,70005938,20,1,0,1,0,20170515,161123,Final,0
aai20160930.00001.hdf5,70005939,20,1,0,1,0,20170515,161119,Final,0
aai20160131.00001.hdf5,70005940,20,1,0,1,0,20170515,161123,Final,0
aai20160731.00001.hdf5,70005941,20,1,0,1,0,20170515,161122,Final,0
aai20160331.00001.hdf5,70005942,20,1,0,1,0,20170515,161122,Final,0
aif160401g.7100.hdf5,70005943,7100,3,0,1,0,20170515,160220,Final,0
aif160401g.7101.hdf5,70005943,7101,3,0,1,0,20170515,160220,Final,0
aif160401g.07102.hdf5,70005943,7100,1,0,1,0,20170515,160220,Final,0
aif160401g07103.hdf5,70005943,7101,1,0,1,0,20170515,160220,Final,0
aif161201g.7100.hdf5,70005944,7100,1,0,1,0,20170515,160218,Final,0
aif161201g.7101.hdf5,70005944,7101,1,0,1,0,20170515,160218,Final,0
aif160201g.7100.hdf5,70005945,7100,1,0,1,0,20170515,160212,Final,0
aif160201g.7101.hdf5,70005945,7101,1,0,1,0,20170515,160212,Final,0
aif160101g.7100.hdf5,70005946,7100,1,0,1,0,20170515,160220,Final,0
aif160101g.7101.hdf5,70005946,7101,1,0,1,0,20170515,160220,Final,0
aif160601g.7100.hdf5,70005947,7100,1,0,1,0,20170515,160219,Final,0
aif160601g.7101.hdf5,70005947,7101,1,0,1,0,20170515,160219,Final,0
aif160501g.7100.hdf5,70005948,7100,1,0,1,0,20170515,160217,Final,0
aif160501g.7101.hdf5,70005948,7101,1,0,1,0,20170515,160217,Final,0
aif161101g.7100.hdf5,70005949,7100,1,0,1,0,20170515,160216,Final,0
aif161101g.7101.hdf5,70005949,7101,1,0,1,0,20170515,160216,Final,0
aif160831g.7100.hdf5,70005950,7100,1,0,1,0,20170515,160219,Final,0
aif160831g.7101.hdf5,70005950,7101,1,0,1,0,20170515,160219,Final,0
aif160901g.7100.hdf5,70005951,7100,1,0,1,0,20170515,160215,Final,0
aif160901g.7101.hdf5,70005951,7101,1,0,1,0,20170515,160215,Final,0
aif160402g.7100.hdf5,70005952,7100,1,0,1,0,20170515,160217,Final,0
aif160402g.7101.hdf5,70005952,7101,1,0,1,0,20170515,160217,Final,0
aif160801g.7100.hdf5,70005953,7100,1,0,1,0,20170515,160219,Final,0
aif160801g.7101.hdf5,70005953,7101,1,0,1,0,20170515,160219,Final,0
aif160802g.7100.hdf5,70005954,7100,1,0,1,0,20170515,160218,Final,0
aif160802g.7101.hdf5,70005954,7101,1,0,1,0,20170515,160218,Final,0
aif161202g.7100.hdf5,70005955,7100,1,0,1,0,20170515,160213,Final,0
aif161202g.7101.hdf5,70005955,7101,1,0,1,0,20170515,160213,Final,0
aif160202g.7100.hdf5,70005956,7100,1,0,1,0,20170515,160212,Final,0
aif160202g.7101.hdf5,70005956,7101,1,0,1,0,20170515,160212,Final,0
aif160102g.7100.hdf5,70005957,7100,1,0,1,0,20170515,160219,Final,0
aif160102g.7101.hdf5,70005957,7101,1,0,1,0,20170515,160219,Final,0
aif160701g.7100.hdf5,70005958,7100,1,0,1,0,20170515,160220,Final,0
aif160701g.7101.hdf5,70005958,7101,1,0,1,0,20170515,160220,Final,0
aif160602g.7100.hdf5,70005959,7100,1,0,1,0,20170515,160216,Final,0
aif160602g.7101.hdf5,70005959,7101,1,0,1,0,20170515,160216,Final,0
aif160302g.7100.hdf5,70005960,7100,1,0,1,0,20170515,160211,Final,0
aif160302g.7101.hdf5,70005960,7101,1,0,1,0,20170515,160211,Final,0
aif160502g.7100.hdf5,70005961,7100,1,0,1,0,20170515,160215,Final,0
aif160502g.7101.hdf5,70005961,7101,1,0,1,0,20170515,160215,Final,0
aif161102g.7100.hdf5,70005962,7100,1,0,1,0,20170515,160218,Final,0
aif161102g.7101.hdf5,70005962,7101,1,0,1,0,20170515,160218,Final,0
aif161001g.7100.hdf5,70005963,7100,1,0,1,0,20170515,160211,Final,0
aif161001g.7101.hdf5,70005963,7101,1,0,1,0,20170515,160211,Final,0
aif161002g.7100.hdf5,70005964,7100,1,0,1,0,20170515,160214,Final,0
aif161002g.7101.hdf5,70005964,7101,1,0,1,0,20170515,160214,Final,0
aif160902g.7100.hdf5,70005965,7100,1,0,1,0,20170515,160213,Final,0
aif160902g.7101.hdf5,70005965,7101,1,0,1,0,20170515,160213,Final,0
aif160403g.7100.hdf5,70005966,7100,1,0,1,0,20170515,160220,Final,0
aif160403g.7101.hdf5,70005966,7101,1,0,1,0,20170515,160220,Final,0
aif160803g.7100.hdf5,70005967,7100,1,0,1,0,20170515,160220,Final,0
aif160803g.7101.hdf5,70005967,7101,1,0,1,0,20170515,160220,Final,0
aif160203g.7100.hdf5,70005968,7100,1,0,1,0,20170515,160211,Final,0
aif160203g.7101.hdf5,70005968,7101,1,0,1,0,20170515,160211,Final,0
aif160103g.7100.hdf5,70005969,7100,1,0,1,0,20170515,160217,Final,0
aif160103g.7101.hdf5,70005969,7101,1,0,1,0,20170515,160217,Final,0
aif160702g.7100.hdf5,70005970,7100,1,0,1,0,20170515,160215,Final,0
aif160702g.7101.hdf5,70005970,7101,1,0,1,0,20170515,160215,Final,0
aif160303g.7100.hdf5,70005971,7100,1,0,1,0,20170515,160219,Final,0
aif160303g.7101.hdf5,70005971,7101,1,0,1,0,20170515,160219,Final,0
aif160503g.7100.hdf5,70005972,7100,1,0,1,0,20170515,160211,Final,0
aif160503g.7101.hdf5,70005972,7101,1,0,1,0,20170515,160211,Final,0
aif161103g.7100.hdf5,70005973,7100,1,0,1,0,20170515,160212,Final,0
aif161103g.7101.hdf5,70005973,7101,1,0,1,0,20170515,160212,Final,0
aif160903g.7100.hdf5,70005974,7100,1,0,1,0,20170515,160215,Final,0
aif160903g.7101.hdf5,70005974,7101,1,0,1,0,20170515,160215,Final,0
aif160404g.7100.hdf5,70005975,7100,1,0,1,0,20170515,160211,Final,0
aif160404g.7101.hdf5,70005975,7101,1,0,1,0,20170515,160211,Final,0
aif161204g.7100.hdf5,70005976,7100,1,0,1,0,20170515,160216,Final,0
aif161204g.7101.hdf5,70005976,7101,1,0,1,0,20170515,160216,Final,0
aif160104g.7100.hdf5,70005977,7100,1,0,1,0,20170515,160214,Final,0
aif160104g.7101.hdf5,70005977,7101,1,0,1,0,20170515,160214,Final,0
aif160703g.7100.hdf5,70005978,7100,1,0,1,0,20170515,160211,Final,0
aif160703g.7101.hdf5,70005978,7101,1,0,1,0,20170515,160211,Final,0
aif160304g.7100.hdf5,70005979,7100,1,0,1,0,20170515,160220,Final,0
aif160304g.7101.hdf5,70005979,7101,1,0,1,0,20170515,160220,Final,0
aif161104g.7100.hdf5,70005980,7100,1,0,1,0,20170515,160215,Final,0
aif161104g.7101.hdf5,70005980,7101,1,0,1,0,20170515,160215,Final,0
aif161004g.7100.hdf5,70005981,7100,1,0,1,0,20170515,160220,Final,0
aif161004g.7101.hdf5,70005981,7101,1,0,1,0,20170515,160220,Final,0
aif160405g.7100.hdf5,70005982,7100,1,0,1,0,20170515,160218,Final,0
aif160405g.7101.hdf5,70005982,7101,1,0,1,0,20170515,160218,Final,0
aif160804g.7100.hdf5,70005983,7100,1,0,1,0,20170515,160215,Final,0
aif160804g.7101.hdf5,70005983,7101,1,0,1,0,20170515,160215,Final,0
aif160805g.7100.hdf5,70005984,7100,1,0,1,0,20170515,160215,Final,0
aif160805g.7101.hdf5,70005984,7101,1,0,1,0,20170515,160215,Final,0
aif161205g.7100.hdf5,70005985,7100,1,0,1,0,20170531,145203,Final,0
aif161205g.7101.hdf5,70005985,7101,1,0,1,0,20170531,145203,Final,0
aif160204g.7100.hdf5,70005986,7100,1,0,1,0,20170515,160215,Final,0
aif160204g.7101.hdf5,70005986,7101,1,0,1,0,20170515,160215,Final,0
aif160205g.7100.hdf5,70005987,7100,1,0,1,0,20170515,160214,Final,0
aif160205g.7101.hdf5,70005987,7101,1,0,1,0,20170515,160214,Final,0
aif160105g.7100.hdf5,70005988,7100,1,0,1,0,20170515,160214,Final,0
aif160105g.7101.hdf5,70005988,7101,1,0,1,0,20170515,160214,Final,0
aif160705g.7100.hdf5,70005989,7100,1,0,1,0,20170515,160219,Final,0
aif160705g.7101.hdf5,70005989,7101,1,0,1,0,20170515,160219,Final,0
aif160305g.7100.hdf5,70005990,7100,1,0,1,0,20170515,160218,Final,0
aif160305g.7101.hdf5,70005990,7101,1,0,1,0,20170515,160218,Final,0
aif160504g.7100.hdf5,70005991,7100,1,0,1,0,20170515,160212,Final,0
aif160504g.7101.hdf5,70005991,7101,1,0,1,0,20170515,160212,Final,0
aif160505g.7100.hdf5,70005992,7100,1,0,1,0,20170515,160220,Final,0
aif160505g.7101.hdf5,70005992,7101,1,0,1,0,20170515,160220,Final,0
aif161105g.7100.hdf5,70005993,7100,1,0,1,0,20170515,160212,Final,0
aif161105g.7101.hdf5,70005993,7101,1,0,1,0,20170515,160212,Final,0
aif160904g.7100.hdf5,70005994,7100,1,0,1,0,20170515,160218,Final,0
aif160904g.7101.hdf5,70005994,7101,1,0,1,0,20170515,160218,Final,0
aif160905g.7100.hdf5,70005995,7100,1,0,1,0,20170515,160217,Final,0
aif160905g.7101.hdf5,70005995,7101,1,0,1,0,20170515,160217,Final,0
aif160406g.7100.hdf5,70005996,7100,1,0,1,0,20170515,160216,Final,0
aif160406g.7101.hdf5,70005996,7101,1,0,1,0,20170515,160216,Final,0
aif161206g.7100.hdf5,70005997,7100,1,0,1,0,20170515,160218,Final,0
aif161206g.7101.hdf5,70005997,7101,1,0,1,0,20170515,160218,Final,0
aif160106g.7100.hdf5,70005998,7100,1,0,1,0,20170515,160219,Final,0
aif160106g.7101.hdf5,70005998,7101,1,0,1,0,20170515,160219,Final,0
aif160706g.7100.hdf5,70005999,7100,1,0,1,0,20170515,160212,Final,0
aif160706g.7101.hdf5,70005999,7101,1,0,1,0,20170515,160212,Final,0
aif160606g.7100.hdf5,70006000,7100,1,0,1,0,20170515,160216,Final,0
aif160606g.7101.hdf5,70006000,7101,1,0,1,0,20170515,160216,Final,0
aif160306g.7100.hdf5,70006001,7100,1,0,1,0,20170515,160213,Final,0
aif160306g.7101.hdf5,70006001,7101,1,0,1,0,20170515,160213,Final,0
aif160506g.7100.hdf5,70006002,7100,1,0,1,0,20170515,160213,Final,0
aif160506g.7101.hdf5,70006002,7101,1,0,1,0,20170515,160213,Final,0
aif161006g.7100.hdf5,70006003,7100,1,0,1,0,20170515,160212,Final,0
aif161006g.7101.hdf5,70006003,7101,1,0,1,0,20170515,160212,Final,0
aif160906g.7100.hdf5,70006004,7100,1,0,1,0,20170515,160215,Final,0
aif160906g.7101.hdf5,70006004,7101,1,0,1,0,20170515,160215,Final,0
aif160407g.7100.hdf5,70006005,7100,1,0,1,0,20170515,160215,Final,0
aif160407g.7101.hdf5,70006005,7101,1,0,1,0,20170515,160215,Final,0
aif160806g.7100.hdf5,70006006,7100,1,0,1,0,20170515,160221,Final,0
aif160806g.7101.hdf5,70006006,7101,1,0,1,0,20170515,160221,Final,0
aif160807g.7100.hdf5,70006007,7100,1,0,1,0,20170515,160216,Final,0
aif160807g.7101.hdf5,70006007,7101,1,0,1,0,20170515,160216,Final,0
aif161207g.7100.hdf5,70006008,7100,1,0,1,0,20170515,160218,Final,0
aif161207g.7101.hdf5,70006008,7101,1,0,1,0,20170515,160218,Final,0
aif160207g.7100.hdf5,70006009,7100,1,0,1,0,20170515,160212,Final,0
aif160207g.7101.hdf5,70006009,7101,1,0,1,0,20170515,160212,Final,0
aif160206g.7100.hdf5,70006010,7100,1,0,1,0,20170515,160214,Final,0
aif160206g.7101.hdf5,70006010,7101,1,0,1,0,20170515,160214,Final,0
aif160107g.7100.hdf5,70006011,7100,1,0,1,0,20170515,160211,Final,0
aif160107g.7101.hdf5,70006011,7101,1,0,1,0,20170515,160211,Final,0
aif160707g.7100.hdf5,70006012,7100,1,0,1,0,20170515,160214,Final,0
aif160707g.7101.hdf5,70006012,7101,1,0,1,0,20170515,160214,Final,0
aif160607g.7100.hdf5,70006013,7100,1,0,1,0,20170515,160215,Final,0
aif160607g.7101.hdf5,70006013,7101,1,0,1,0,20170515,160215,Final,0
aif160307g.7100.hdf5,70006014,7100,1,0,1,0,20170515,160215,Final,0
aif160307g.7101.hdf5,70006014,7101,1,0,1,0,20170515,160215,Final,0
aif161007g.7100.hdf5,70006015,7100,1,0,1,0,20170515,160216,Final,0
aif161007g.7101.hdf5,70006015,7101,1,0,1,0,20170515,160216,Final,0
aif160907g.7100.hdf5,70006016,7100,1,0,1,0,20170515,160214,Final,0
aif160907g.7101.hdf5,70006016,7101,1,0,1,0,20170515,160214,Final,0
aif160408g.7100.hdf5,70006017,7100,1,0,1,0,20170515,160217,Final,0
aif160408g.7101.hdf5,70006017,7101,1,0,1,0,20170515,160217,Final,0
aif160808g.7100.hdf5,70006018,7100,1,0,1,0,20170515,160220,Final,0
aif160808g.7101.hdf5,70006018,7101,1,0,1,0,20170515,160220,Final,0
aif161208g.7100.hdf5,70006019,7100,1,0,1,0,20170515,160211,Final,0
aif161208g.7101.hdf5,70006019,7101,1,0,1,0,20170515,160211,Final,0
aif160208g.7100.hdf5,70006020,7100,1,0,1,0,20170515,160219,Final,0
aif160208g.7101.hdf5,70006020,7101,1,0,1,0,20170515,160219,Final,0
aif160108g.7100.hdf5,70006021,7100,1,0,1,0,20170515,160221,Final,0
aif160108g.7101.hdf5,70006021,7101,1,0,1,0,20170515,160221,Final,0
aif160708g.7100.hdf5,70006022,7100,1,0,1,0,20170515,160215,Final,0
aif160708g.7101.hdf5,70006022,7101,1,0,1,0,20170515,160215,Final,0
aif160608g.7100.hdf5,70006023,7100,1,0,1,0,20170515,160221,Final,0
aif160608g.7101.hdf5,70006023,7101,1,0,1,0,20170515,160221,Final,0
aif160308g.7100.hdf5,70006024,7100,1,0,1,0,20170515,160213,Final,0
aif160308g.7101.hdf5,70006024,7101,1,0,1,0,20170515,160213,Final,0
aif160508g.7100.hdf5,70006025,7100,1,0,1,0,20170515,160221,Final,0
aif160508g.7101.hdf5,70006025,7101,1,0,1,0,20170515,160221,Final,0
aif160507g.7100.hdf5,70006026,7100,1,0,1,0,20170515,160214,Final,0
aif160507g.7101.hdf5,70006026,7101,1,0,1,0,20170515,160214,Final,0
aif161008g.7100.hdf5,70006027,7100,1,0,1,0,20170515,160216,Final,0
aif161008g.7101.hdf5,70006027,7101,1,0,1,0,20170515,160216,Final,0
aif160908g.7100.hdf5,70006028,7100,1,0,1,0,20170515,160212,Final,0
aif160908g.7101.hdf5,70006028,7101,1,0,1,0,20170515,160212,Final,0
aif160409g.7100.hdf5,70006029,7100,1,0,1,0,20170515,160218,Final,0
aif160409g.7101.hdf5,70006029,7101,1,0,1,0,20170515,160218,Final,0
aif161209g.7100.hdf5,70006030,7100,1,0,1,0,20170515,160217,Final,0
aif161209g.7101.hdf5,70006030,7101,1,0,1,0,20170515,160217,Final,0
aif160209g.7100.hdf5,70006031,7100,1,0,1,0,20170515,160218,Final,0
aif160209g.7101.hdf5,70006031,7101,1,0,1,0,20170515,160218,Final,0
aif160109g.7100.hdf5,70006032,7100,1,0,1,0,20170515,160219,Final,0
aif160109g.7101.hdf5,70006032,7101,1,0,1,0,20170515,160219,Final,0
aif160709g.7100.hdf5,70006033,7100,1,0,1,0,20170515,160221,Final,0
aif160709g.7101.hdf5,70006033,7101,1,0,1,0,20170515,160221,Final,0
aif160309g.7100.hdf5,70006034,7100,1,0,1,0,20170515,160213,Final,0
aif160309g.7101.hdf5,70006034,7101,1,0,1,0,20170515,160213,Final,0
aif160509g.7100.hdf5,70006035,7100,1,0,1,0,20170515,160218,Final,0
aif160509g.7101.hdf5,70006035,7101,1,0,1,0,20170515,160218,Final,0
aif161009g.7100.hdf5,70006036,7100,1,0,1,0,20170515,160211,Final,0
aif161009g.7101.hdf5,70006036,7101,1,0,1,0,20170515,160211,Final,0
aif160909g.7100.hdf5,70006037,7100,1,0,1,0,20170515,160221,Final,0
aif160909g.7101.hdf5,70006037,7101,1,0,1,0,20170515,160221,Final,0
aif160410g.7100.hdf5,70006038,7100,1,0,1,0,20170515,160221,Final,0
aif160410g.7101.hdf5,70006038,7101,1,0,1,0,20170515,160221,Final,0
aif160809g.7100.hdf5,70006039,7100,1,0,1,0,20170515,160215,Final,0
aif160809g.7101.hdf5,70006039,7101,1,0,1,0,20170515,160215,Final,0
aif160810g.7100.hdf5,70006040,7100,1,0,1,0,20170515,160214,Final,0
aif160810g.7101.hdf5,70006040,7101,1,0,1,0,20170515,160214,Final,0
aif161210g.7100.hdf5,70006041,7100,1,0,1,0,20170515,160215,Final,0
aif161210g.7101.hdf5,70006041,7101,1,0,1,0,20170515,160215,Final,0
aif160210g.7100.hdf5,70006042,7100,1,0,1,0,20170515,160220,Final,0
aif160210g.7101.hdf5,70006042,7101,1,0,1,0,20170515,160220,Final,0
aif160110g.7100.hdf5,70006043,7100,1,0,1,0,20170515,160218,Final,0
aif160110g.7101.hdf5,70006043,7101,1,0,1,0,20170515,160218,Final,0
aif160710g.7100.hdf5,70006044,7100,1,0,1,0,20170515,160221,Final,0
aif160710g.7101.hdf5,70006044,7101,1,0,1,0,20170515,160221,Final,0
aif160609g.7100.hdf5,70006045,7100,1,0,1,0,20170515,160218,Final,0
aif160609g.7101.hdf5,70006045,7101,1,0,1,0,20170515,160218,Final,0
aif160610g.7100.hdf5,70006046,7100,1,0,1,0,20170515,160216,Final,0
aif160610g.7101.hdf5,70006046,7101,1,0,1,0,20170515,160216,Final,0
aif160310g.7100.hdf5,70006047,7100,1,0,1,0,20170515,160216,Final,0
aif160310g.7101.hdf5,70006047,7101,1,0,1,0,20170515,160216,Final,0
aif160510g.7100.hdf5,70006048,7100,1,0,1,0,20170515,160214,Final,0
aif160510g.7101.hdf5,70006048,7101,1,0,1,0,20170515,160214,Final,0
aif161010g.7100.hdf5,70006049,7100,1,0,1,0,20170515,160221,Final,0
aif161010g.7101.hdf5,70006049,7101,1,0,1,0,20170515,160221,Final,0
aif160910g.7100.hdf5,70006050,7100,1,0,1,0,20170515,160211,Final,0
aif160910g.7101.hdf5,70006050,7101,1,0,1,0,20170515,160211,Final,0
aif160411g.7100.hdf5,70006051,7100,1,0,1,0,20170515,160217,Final,0
aif160411g.7101.hdf5,70006051,7101,1,0,1,0,20170515,160217,Final,0
aif160811g.7100.hdf5,70006052,7100,1,0,1,0,20170515,160217,Final,0
aif160811g.7101.hdf5,70006052,7101,1,0,1,0,20170515,160217,Final,0
aif161211g.7100.hdf5,70006053,7100,1,0,1,0,20170515,160217,Final,0
aif161211g.7101.hdf5,70006053,7101,1,0,1,0,20170515,160217,Final,0
aif160211g.7100.hdf5,70006054,7100,1,0,1,0,20170515,160219,Final,0
aif160211g.7101.hdf5,70006054,7101,1,0,1,0,20170515,160219,Final,0
aif160611g.7100.hdf5,70006055,7100,1,0,1,0,20170515,160221,Final,0
aif160611g.7101.hdf5,70006055,7101,1,0,1,0,20170515,160221,Final,0
aif160311g.7100.hdf5,70006056,7100,3,0,1,0,20170515,160217,Final,0
aif160311g.7101.hdf5,70006056,7101,3,0,1,0,20170515,160217,Final,0
aif160311g.07102.hdf5,70006056,7100,1,0,1,0,20170515,160217,Final,0
aif160311g07103.hdf5,70006056,7101,1,0,1,0,20170515,160217,Final,0
aif160511g.7100.hdf5,70006057,7100,1,0,1,0,20170515,160213,Final,0
aif160511g.7101.hdf5,70006057,7101,1,0,1,0,20170515,160213,Final,0
aif161111g.7100.hdf5,70006058,7100,1,0,1,0,20170515,160219,Final,0
aif161111g.7101.hdf5,70006058,7101,1,0,1,0,20170515,160219,Final,0
aif161011g.7100.hdf5,70006059,7100,1,0,1,0,20170515,160217,Final,0
aif161011g.7101.hdf5,70006059,7101,1,0,1,0,20170515,160217,Final,0
aif160911g.7100.hdf5,70006060,7100,1,0,1,0,20170515,160221,Final,0
aif160911g.7101.hdf5,70006060,7101,1,0,1,0,20170515,160221,Final,0
aif160412g.7100.hdf5,70006061,7100,1,0,1,0,20170515,160217,Final,0
aif160412g.7101.hdf5,70006061,7101,1,0,1,0,20170515,160217,Final,0
aif161212g.7100.hdf5,70006062,7100,1,0,1,0,20170515,160218,Final,0
aif161212g.7101.hdf5,70006062,7101,1,0,1,0,20170515,160218,Final,0
aif160212g.7100.hdf5,70006063,7100,1,0,1,0,20170515,160215,Final,0
aif160212g.7101.hdf5,70006063,7101,1,0,1,0,20170515,160215,Final,0
aif160112g.7100.hdf5,70006064,7100,1,0,1,0,20170515,160212,Final,0
aif160112g.7101.hdf5,70006064,7101,1,0,1,0,20170515,160212,Final,0
aif160712g.7100.hdf5,70006065,7100,1,0,1,0,20170515,160211,Final,0
aif160712g.7101.hdf5,70006065,7101,1,0,1,0,20170515,160211,Final,0
aif160612g.7100.hdf5,70006066,7100,1,0,1,0,20170515,160216,Final,0
aif160612g.7101.hdf5,70006066,7101,1,0,1,0,20170515,160216,Final,0
aif160312g.7100.hdf5,70006067,7100,1,0,1,0,20170515,160221,Final,0
aif160312g.7101.hdf5,70006067,7101,1,0,1,0,20170515,160221,Final,0
aif161112g.7100.hdf5,70006068,7100,1,0,1,0,20170515,160212,Final,0
aif161112g.7101.hdf5,70006068,7101,1,0,1,0,20170515,160212,Final,0
aif161012g.7100.hdf5,70006069,7100,1,0,1,0,20170515,160217,Final,0
aif161012g.7101.hdf5,70006069,7101,1,0,1,0,20170515,160217,Final,0
aif160912g.7100.hdf5,70006070,7100,1,0,1,0,20170515,160220,Final,0
aif160912g.7101.hdf5,70006070,7101,1,0,1,0,20170515,160220,Final,0
aif160413g.7100.hdf5,70006071,7100,1,0,1,0,20170515,160214,Final,0
aif160413g.7101.hdf5,70006071,7101,1,0,1,0,20170515,160214,Final,0
aif161213g.7100.hdf5,70006072,7100,1,0,1,0,20170515,160213,Final,0
aif161213g.7101.hdf5,70006072,7101,1,0,1,0,20170515,160213,Final,0
aif160213g.7100.hdf5,70006073,7100,1,0,1,0,20170515,160213,Final,0
aif160213g.7101.hdf5,70006073,7101,1,0,1,0,20170515,160213,Final,0
aif160113g.7100.hdf5,70006074,7100,1,0,1,0,20170515,160221,Final,0
aif160113g.7101.hdf5,70006074,7101,1,0,1,0,20170515,160221,Final,0
aif160613g.7100.hdf5,70006075,7100,1,0,1,0,20170515,160214,Final,0
aif160613g.7101.hdf5,70006075,7101,1,0,1,0,20170515,160214,Final,0
aif160313g.7100.hdf5,70006076,7100,1,0,1,0,20170515,160215,Final,0
aif160313g.7101.hdf5,70006076,7101,1,0,1,0,20170515,160215,Final,0
aif160513g.7100.hdf5,70006077,7100,1,0,1,0,20170515,160212,Final,0
aif160513g.7101.hdf5,70006077,7101,1,0,1,0,20170515,160212,Final,0
aif160512g.7100.hdf5,70006078,7100,1,0,1,0,20170515,160216,Final,0
aif160512g.7101.hdf5,70006078,7101,1,0,1,0,20170515,160216,Final,0
aif161113g.7100.hdf5,70006079,7100,1,0,1,0,20170515,160214,Final,0
aif161113g.7101.hdf5,70006079,7101,1,0,1,0,20170515,160214,Final,0
aif161013g.7100.hdf5,70006080,7100,1,0,1,0,20170515,160216,Final,0
aif161013g.7101.hdf5,70006080,7101,1,0,1,0,20170515,160216,Final,0
aif160913g.7100.hdf5,70006081,7100,1,0,1,0,20170515,160213,Final,0
aif160913g.7101.hdf5,70006081,7101,1,0,1,0,20170515,160213,Final,0
aif160414g.7100.hdf5,70006082,7100,1,0,1,0,20170515,160214,Final,0
aif160414g.7101.hdf5,70006082,7101,1,0,1,0,20170515,160214,Final,0
aif160814g.7100.hdf5,70006083,7100,1,0,1,0,20170515,160211,Final,0
aif160814g.7101.hdf5,70006083,7101,1,0,1,0,20170515,160211,Final,0
aif161214g.7100.hdf5,70006084,7100,1,0,1,0,20170515,160219,Final,0
aif161214g.7101.hdf5,70006084,7101,1,0,1,0,20170515,160219,Final,0
aif160214g.7100.hdf5,70006085,7100,1,0,1,0,20170515,160214,Final,0
aif160214g.7101.hdf5,70006085,7101,1,0,1,0,20170515,160214,Final,0
aif160114g.7100.hdf5,70006086,7100,1,0,1,0,20170515,160212,Final,0
aif160114g.7101.hdf5,70006086,7101,1,0,1,0,20170515,160213,Final,0
aif160713g.7100.hdf5,70006087,7100,1,0,1,0,20170515,160220,Final,0
aif160713g.7101.hdf5,70006087,7101,1,0,1,0,20170515,160220,Final,0
aif160614g.7100.hdf5,70006088,7100,1,0,1,0,20170515,160217,Final,0
aif160614g.7101.hdf5,70006088,7101,1,0,1,0,20170515,160217,Final,0
aif160314g.7100.hdf5,70006089,7100,1,0,1,0,20170515,160214,Final,0
aif160314g.7101.hdf5,70006089,7101,1,0,1,0,20170515,160214,Final,0
aif160514g.7100.hdf5,70006090,7100,1,0,1,0,20170515,160216,Final,0
aif160514g.7101.hdf5,70006090,7101,1,0,1,0,20170515,160216,Final,0
aif161114g.7100.hdf5,70006091,7100,1,0,1,0,20170515,160217,Final,0
aif161114g.7101.hdf5,70006091,7101,1,0,1,0,20170515,160217,Final,0
aif161014g.7100.hdf5,70006092,7100,1,0,1,0,20170515,160221,Final,0
aif161014g.7101.hdf5,70006092,7101,1,0,1,0,20170515,160221,Final,0
aif160914g.7100.hdf5,70006093,7100,1,0,1,0,20170515,160220,Final,0
aif160914g.7101.hdf5,70006093,7101,1,0,1,0,20170515,160220,Final,0
aif160815g.7100.hdf5,70006094,7100,1,0,1,0,20170515,160215,Final,0
aif160815g.7101.hdf5,70006094,7101,1,0,1,0,20170515,160215,Final,0
aif161215g.7100.hdf5,70006095,7100,1,0,1,0,20170515,160216,Final,0
aif161215g.7101.hdf5,70006095,7101,1,0,1,0,20170515,160216,Final,0
aif160215g.7100.hdf5,70006096,7100,1,0,1,0,20170515,160219,Final,0
aif160215g.7101.hdf5,70006096,7101,1,0,1,0,20170515,160219,Final,0
aif160115g.7100.hdf5,70006097,7100,1,0,1,0,20170515,160217,Final,0
aif160115g.7101.hdf5,70006097,7101,1,0,1,0,20170515,160217,Final,0
aif160715g.7100.hdf5,70006098,7100,1,0,1,0,20170515,160212,Final,0
aif160715g.7101.hdf5,70006098,7101,1,0,1,0,20170515,160212,Final,0
aif160615g.7100.hdf5,70006099,7100,1,0,1,0,20170515,160213,Final,0
aif160615g.7101.hdf5,70006099,7101,1,0,1,0,20170515,160213,Final,0
aif160315g.7100.hdf5,70006100,7100,1,0,1,0,20170515,160216,Final,0
aif160315g.7101.hdf5,70006100,7101,1,0,1,0,20170515,160216,Final,0
aif160515g.7100.hdf5,70006101,7100,1,0,1,0,20170515,160214,Final,0
aif160515g.7101.hdf5,70006101,7101,1,0,1,0,20170515,160214,Final,0
aif161115g.7100.hdf5,70006102,7100,1,0,1,0,20170515,160212,Final,0
aif161115g.7101.hdf5,70006102,7101,1,0,1,0,20170515,160212,Final,0
aif161015g.7100.hdf5,70006103,7100,1,0,1,0,20170515,160211,Final,0
aif161015g.7101.hdf5,70006103,7101,1,0,1,0,20170515,160211,Final,0
aif160816g.7100.hdf5,70006104,7100,1,0,1,0,20170515,160213,Final,0
aif160816g.7101.hdf5,70006104,7101,1,0,1,0,20170515,160213,Final,0
aif161216g.7100.hdf5,70006105,7100,1,0,1,0,20170515,160213,Final,0
aif161216g.7101.hdf5,70006105,7101,1,0,1,0,20170515,160213,Final,0
aif160116g.7100.hdf5,70006106,7100,1,0,1,0,20170515,160217,Final,0
aif160116g.7101.hdf5,70006106,7101,1,0,1,0,20170515,160217,Final,0
aif160716g.7100.hdf5,70006107,7100,1,0,1,0,20170515,160221,Final,0
aif160716g.7101.hdf5,70006107,7101,1,0,1,0,20170515,160221,Final,0
aif160616g.7100.hdf5,70006108,7100,1,0,1,0,20170515,160211,Final,0
aif160616g.7101.hdf5,70006108,7101,1,0,1,0,20170515,160211,Final,0
aif160316g.7100.hdf5,70006109,7100,1,0,1,0,20170515,160211,Final,0
aif160316g.7101.hdf5,70006109,7101,1,0,1,0,20170515,160211,Final,0
aif160516g.7100.hdf5,70006110,7100,1,0,1,0,20170515,160213,Final,0
aif160516g.7101.hdf5,70006110,7101,1,0,1,0,20170515,160213,Final,0
aif161116g.7100.hdf5,70006111,7100,1,0,1,0,20170515,160212,Final,0
aif161116g.7101.hdf5,70006111,7101,1,0,1,0,20170515,160212,Final,0
aif161016g.7100.hdf5,70006112,7100,1,0,1,0,20170515,160221,Final,0
aif161016g.7101.hdf5,70006112,7101,1,0,1,0,20170515,160221,Final,0
aif161217g.7100.hdf5,70006113,7100,1,0,1,0,20170515,160219,Final,0
aif161217g.7101.hdf5,70006113,7101,1,0,1,0,20170515,160219,Final,0
aif160216g.7100.hdf5,70006114,7100,1,0,1,0,20170515,160215,Final,0
aif160216g.7101.hdf5,70006114,7101,1,0,1,0,20170515,160215,Final,0
aif160217g.7100.hdf5,70006115,7100,1,0,1,0,20170515,160221,Final,0
aif160217g.7101.hdf5,70006115,7101,1,0,1,0,20170515,160221,Final,0
aif160117g.7100.hdf5,70006116,7100,1,0,1,0,20170515,160219,Final,0
aif160117g.7101.hdf5,70006116,7101,1,0,1,0,20170515,160219,Final,0
aif160717g.7100.hdf5,70006117,7100,1,0,1,0,20170515,160219,Final,0
aif160717g.7101.hdf5,70006117,7101,1,0,1,0,20170515,160219,Final,0
aif160617g.7100.hdf5,70006118,7100,1,0,1,0,20170515,160214,Final,0
aif160617g.7101.hdf5,70006118,7101,1,0,1,0,20170515,160214,Final,0
aif160317g.7100.hdf5,70006119,7100,1,0,1,0,20170515,160221,Final,0
aif160317g.7101.hdf5,70006119,7101,1,0,1,0,20170515,160221,Final,0
aif160517g.7100.hdf5,70006120,7100,1,0,1,0,20170515,160213,Final,0
aif160517g.7101.hdf5,70006120,7101,1,0,1,0,20170515,160214,Final,0
aif160917g.7100.hdf5,70006121,7100,1,0,1,0,20170515,160214,Final,0
aif160917g.7101.hdf5,70006121,7101,1,0,1,0,20170515,160214,Final,0
aif160418g.7100.hdf5,70006122,7100,1,0,1,0,20170515,160214,Final,0
aif160418g.7101.hdf5,70006122,7101,1,0,1,0,20170515,160214,Final,0
aif160818g.7100.hdf5,70006123,7100,1,0,1,0,20170515,160214,Final,0
aif160818g.7101.hdf5,70006123,7101,1,0,1,0,20170515,160214,Final,0
aif161218g.7100.hdf5,70006124,7100,1,0,1,0,20170531,145202,Final,0
aif161218g.7101.hdf5,70006124,7101,1,0,1,0,20170531,145202,Final,0
aif160218g.7100.hdf5,70006125,7100,1,0,1,0,20170515,160220,Final,0
aif160218g.7101.hdf5,70006125,7101,1,0,1,0,20170515,160220,Final,0
aif160118g.7100.hdf5,70006126,7100,1,0,1,0,20170515,160215,Final,0
aif160118g.7101.hdf5,70006126,7101,1,0,1,0,20170515,160215,Final,0
aif160718g.7100.hdf5,70006127,7100,1,0,1,0,20170515,160221,Final,0
aif160718g.7101.hdf5,70006127,7101,1,0,1,0,20170515,160221,Final,0
aif160618g.7100.hdf5,70006128,7100,1,0,1,0,20170515,160213,Final,0
aif160618g.7101.hdf5,70006128,7101,1,0,1,0,20170515,160213,Final,0
aif160318g.7100.hdf5,70006129,7100,1,0,1,0,20170515,160213,Final,0
aif160318g.7101.hdf5,70006129,7101,1,0,1,0,20170515,160213,Final,0
aif160518g.7100.hdf5,70006130,7100,1,0,1,0,20170515,160220,Final,0
aif160518g.7101.hdf5,70006130,7101,1,0,1,0,20170515,160220,Final,0
aif161118g.7100.hdf5,70006131,7100,1,0,1,0,20170515,160221,Final,0
aif161118g.7101.hdf5,70006131,7101,1,0,1,0,20170515,160221,Final,0
aif160918g.7100.hdf5,70006132,7100,1,0,1,0,20170515,160216,Final,0
aif160918g.7101.hdf5,70006132,7101,1,0,1,0,20170515,160216,Final,0
aif160419g.7100.hdf5,70006133,7100,1,0,1,0,20170515,160218,Final,0
aif160419g.7101.hdf5,70006133,7101,1,0,1,0,20170515,160218,Final,0
aif160819g.7100.hdf5,70006134,7100,1,0,1,0,20170515,160218,Final,0
aif160819g.7101.hdf5,70006134,7101,1,0,1,0,20170515,160218,Final,0
aif161219g.7100.hdf5,70006135,7100,1,0,1,0,20170531,145203,Final,0
aif161219g.7101.hdf5,70006135,7101,1,0,1,0,20170531,145203,Final,0
aif160219g.7100.hdf5,70006136,7100,1,0,1,0,20170515,160212,Final,0
aif160219g.7101.hdf5,70006136,7101,1,0,1,0,20170515,160212,Final,0
aif160119g.7100.hdf5,70006137,7100,1,0,1,0,20170515,160215,Final,0
aif160119g.7101.hdf5,70006137,7101,1,0,1,0,20170515,160215,Final,0
aif160619g.7100.hdf5,70006138,7100,1,0,1,0,20170515,160222,Final,0
aif160619g.7101.hdf5,70006138,7101,1,0,1,0,20170515,160222,Final,0
aif160319g.7100.hdf5,70006139,7100,1,0,1,0,20170515,160216,Final,0
aif160319g.7101.hdf5,70006139,7101,1,0,1,0,20170515,160216,Final,0
aif160519g.7100.hdf5,70006140,7100,1,0,1,0,20170515,160219,Final,0
aif160519g.7101.hdf5,70006140,7101,1,0,1,0,20170515,160219,Final,0
aif161019g.7100.hdf5,70006141,7100,1,0,1,0,20170515,160220,Final,0
aif161019g.7101.hdf5,70006141,7101,1,0,1,0,20170515,160220,Final,0
aif160919g.7100.hdf5,70006142,7100,1,0,1,0,20170515,160215,Final,0
aif160919g.7101.hdf5,70006142,7101,1,0,1,0,20170515,160215,Final,0
aif160420g.7100.hdf5,70006143,7100,1,0,1,0,20170515,160221,Final,0
aif160420g.7101.hdf5,70006143,7101,1,0,1,0,20170515,160221,Final,0
aif160220g.7100.hdf5,70006144,7100,3,0,1,0,20170515,160212,Final,0
aif160220g.7101.hdf5,70006144,7101,3,0,1,0,20170515,160212,Final,0
aif160220g.07102.hdf5,70006144,7100,1,0,1,0,20170515,160212,Final,0
aif160220g07103.hdf5,70006144,7101,1,0,1,0,20170515,160212,Final,0
aif160120g.7100.hdf5,70006145,7100,1,0,1,0,20170515,160218,Final,0
aif160120g.7101.hdf5,70006145,7101,1,0,1,0,20170515,160218,Final,0
aif160720g.7100.hdf5,70006146,7100,1,0,1,0,20170515,160221,Final,0
aif160720g.7101.hdf5,70006146,7101,1,0,1,0,20170515,160221,Final,0
aif160620g.7100.hdf5,70006147,7100,1,0,1,0,20170515,160215,Final,0
aif160620g.7101.hdf5,70006147,7101,1,0,1,0,20170515,160215,Final,0
aif160520g.7100.hdf5,70006148,7100,1,0,1,0,20170515,160212,Final,0
aif160520g.7101.hdf5,70006148,7101,1,0,1,0,20170515,160212,Final,0
aif161020g.7100.hdf5,70006149,7100,1,0,1,0,20170515,160216,Final,0
aif161020g.7101.hdf5,70006149,7101,1,0,1,0,20170515,160216,Final,0
aif160920g.7100.hdf5,70006150,7100,1,0,1,0,20170515,160212,Final,0
aif160920g.7101.hdf5,70006150,7101,1,0,1,0,20170515,160212,Final,0
aif160421g.7100.hdf5,70006151,7100,1,0,1,0,20170515,160221,Final,0
aif160421g.7101.hdf5,70006151,7101,1,0,1,0,20170515,160221,Final,0
aif161221g.7100.hdf5,70006152,7100,1,0,1,0,20170531,145202,Final,0
aif161221g.7101.hdf5,70006152,7101,1,0,1,0,20170531,145202,Final,0
aif160121g.7100.hdf5,70006153,7100,1,0,1,0,20170515,160215,Final,0
aif160121g.7101.hdf5,70006153,7101,1,0,1,0,20170515,160215,Final,0
aif160721g.7100.hdf5,70006154,7100,1,0,1,0,20170515,160214,Final,0
aif160721g.7101.hdf5,70006154,7101,1,0,1,0,20170515,160214,Final,0
aif160621g.7100.hdf5,70006155,7100,1,0,1,0,20170515,160217,Final,0
aif160621g.7101.hdf5,70006155,7101,1,0,1,0,20170515,160217,Final,0
aif160521g.7100.hdf5,70006156,7100,1,0,1,0,20170515,160217,Final,0
aif160521g.7101.hdf5,70006156,7101,1,0,1,0,20170515,160217,Final,0
aif161021g.7100.hdf5,70006157,7100,1,0,1,0,20170515,160213,Final,0
aif161021g.7101.hdf5,70006157,7101,1,0,1,0,20170515,160213,Final,0
aif160921g.7100.hdf5,70006158,7100,3,0,1,0,20170515,160217,Final,0
aif160921g.07102.hdf5,70006158,7100,1,0,1,0,20170515,160218,Final,0
aif160921g.7101.hdf5,70006158,7101,3,0,1,0,20170515,160218,Final,0
aif160921g07103.hdf5,70006158,7101,1,0,1,0,20170515,160218,Final,0
aif160422g.7100.hdf5,70006159,7100,1,0,1,0,20170515,160213,Final,0
aif160422g.7101.hdf5,70006159,7101,1,0,1,0,20170515,160213,Final,0
aif160821g.7100.hdf5,70006160,7100,1,0,1,0,20170515,160220,Final,0
aif160821g.7101.hdf5,70006160,7101,1,0,1,0,20170515,160220,Final,0
aif160822g.7100.hdf5,70006161,7100,1,0,1,0,20170515,160213,Final,0
aif160822g.7101.hdf5,70006161,7101,1,0,1,0,20170515,160213,Final,0
aif161222g.7100.hdf5,70006162,7100,1,0,1,0,20170531,145203,Final,0
aif161222g.7101.hdf5,70006162,7101,1,0,1,0,20170531,145203,Final,0
aif160122g.7100.hdf5,70006163,7100,1,0,1,0,20170515,160212,Final,0
aif160122g.7101.hdf5,70006163,7101,1,0,1,0,20170515,160212,Final,0
aif160722g.7100.hdf5,70006164,7100,1,0,1,0,20170515,160215,Final,0
aif160722g.7101.hdf5,70006164,7101,1,0,1,0,20170515,160215,Final,0
aif161022g.7100.hdf5,70006165,7100,1,0,1,0,20170515,160219,Final,0
aif161022g.7101.hdf5,70006165,7101,1,0,1,0,20170515,160219,Final,0
aif160922g.7100.hdf5,70006166,7100,3,0,1,0,20170515,160215,Final,0
aif160922g.07102.hdf5,70006166,7100,1,0,1,0,20170515,160215,Final,0
aif160922g.7101.hdf5,70006166,7101,3,0,1,0,20170515,160215,Final,0
aif160922g07103.hdf5,70006166,7101,1,0,1,0,20170515,160215,Final,0
aif160423g.7100.hdf5,70006167,7100,1,0,1,0,20170515,160216,Final,0
aif160423g.7101.hdf5,70006167,7101,1,0,1,0,20170515,160216,Final,0
aif160823g.7100.hdf5,70006168,7100,1,0,1,0,20170515,160213,Final,0
aif160823g.7101.hdf5,70006168,7101,1,0,1,0,20170515,160213,Final,0
aif161223g.7100.hdf5,70006169,7100,1,0,1,0,20170531,145203,Final,0
aif161223g.7101.hdf5,70006169,7101,1,0,1,0,20170531,145203,Final,0
aif160223g.7100.hdf5,70006170,7100,1,0,1,0,20170515,160217,Final,0
aif160223g.7101.hdf5,70006170,7101,1,0,1,0,20170515,160217,Final,0
aif160123g.7100.hdf5,70006171,7100,1,0,1,0,20170515,160211,Final,0
aif160123g.7101.hdf5,70006171,7101,1,0,1,0,20170515,160211,Final,0
aif160723g.7100.hdf5,70006172,7100,1,0,1,0,20170515,160217,Final,0
aif160723g.7101.hdf5,70006172,7101,1,0,1,0,20170515,160217,Final,0
aif160622g.7100.hdf5,70006173,7100,1,0,1,0,20170515,160220,Final,0
aif160622g.7101.hdf5,70006173,7101,1,0,1,0,20170515,160220,Final,0
aif160623g.7100.hdf5,70006174,7100,1,0,1,0,20170515,160220,Final,0
aif160623g.7101.hdf5,70006174,7101,1,0,1,0,20170515,160220,Final,0
aif160323g.7100.hdf5,70006175,7100,1,0,1,0,20170515,160220,Final,0
aif160323g.7101.hdf5,70006175,7101,1,0,1,0,20170515,160220,Final,0
aif160522g.7100.hdf5,70006176,7100,1,0,1,0,20170515,160214,Final,0
aif160522g.7101.hdf5,70006176,7101,1,0,1,0,20170515,160214,Final,0
aif160523g.7100.hdf5,70006177,7100,1,0,1,0,20170515,160211,Final,0
aif160523g.7101.hdf5,70006177,7101,1,0,1,0,20170515,160211,Final,0
aif161023g.7100.hdf5,70006178,7100,1,0,1,0,20170515,160211,Final,0
aif161023g.7101.hdf5,70006178,7101,1,0,1,0,20170515,160211,Final,0
aif160923g.7100.hdf5,70006179,7100,3,0,1,0,20170515,160218,Final,0
aif160923g.07102.hdf5,70006179,7100,1,0,1,0,20170515,160218,Final,0
aif160923g.7101.hdf5,70006179,7101,3,0,1,0,20170515,160218,Final,0
aif160923g07103.hdf5,70006179,7101,1,0,1,0,20170515,160218,Final,0
aif160624g.7100.hdf5,70006180,7100,1,0,1,0,20170515,160220,Final,0
aif160624g.7101.hdf5,70006180,7101,1,0,1,0,20170515,160220,Final,0
aif160324g.7100.hdf5,70006181,7100,1,0,1,0,20170515,160219,Final,0
aif160324g.7101.hdf5,70006181,7101,1,0,1,0,20170515,160219,Final,0
aif160524g.7100.hdf5,70006182,7100,1,0,1,0,20170515,160218,Final,0
aif160524g.7101.hdf5,70006182,7101,1,0,1,0,20170515,160218,Final,0
aif160924g.7100.hdf5,70006183,7100,1,0,1,0,20170515,160216,Final,0
aif160924g.7101.hdf5,70006183,7101,1,0,1,0,20170515,160216,Final,0
aif160424g.7100.hdf5,70006184,7100,1,0,1,0,20170515,160216,Final,0
aif160424g.7101.hdf5,70006184,7101,1,0,1,0,20170515,160216,Final,0
aif160425g.7100.hdf5,70006185,7100,1,0,1,0,20170515,160215,Final,0
aif160425g.7101.hdf5,70006185,7101,1,0,1,0,20170515,160215,Final,0
aif160824g.7100.hdf5,70006186,7100,1,0,1,0,20170515,160218,Final,0
aif160824g.7101.hdf5,70006186,7101,1,0,1,0,20170515,160218,Final,0
aif160825g.7100.hdf5,70006187,7100,1,0,1,0,20170515,160214,Final,0
aif160825g.7101.hdf5,70006187,7101,1,0,1,0,20170515,160214,Final,0
aif161225g.7100.hdf5,70006188,7100,1,0,1,0,20170531,145203,Final,0
aif161225g.7101.hdf5,70006188,7101,1,0,1,0,20170531,145203,Final,0
aif160225g.7100.hdf5,70006189,7100,1,0,1,0,20170515,160213,Final,0
aif160225g.7101.hdf5,70006189,7101,1,0,1,0,20170515,160213,Final,0
aif160125g.7100.hdf5,70006190,7100,1,0,1,0,20170515,160212,Final,0
aif160125g.7101.hdf5,70006190,7101,1,0,1,0,20170515,160212,Final,0
aif160724g.7100.hdf5,70006191,7100,1,0,1,0,20170515,160212,Final,0
aif160724g.7101.hdf5,70006191,7101,1,0,1,0,20170515,160212,Final,0
aif160725g.7100.hdf5,70006192,7100,1,0,1,0,20170515,160222,Final,0
aif160725g.7101.hdf5,70006192,7101,1,0,1,0,20170515,160222,Final,0
aif160625g.7100.hdf5,70006193,7100,1,0,1,0,20170515,160213,Final,0
aif160625g.7101.hdf5,70006193,7101,1,0,1,0,20170515,160213,Final,0
aif160325g.7100.hdf5,70006194,7100,1,0,1,0,20170515,160212,Final,0
aif160325g.7101.hdf5,70006194,7101,1,0,1,0,20170515,160212,Final,0
aif160525g.7100.hdf5,70006195,7100,1,0,1,0,20170515,160215,Final,0
aif160525g.7101.hdf5,70006195,7101,1,0,1,0,20170515,160215,Final,0
aif161125g.7100.hdf5,70006196,7100,1,0,1,0,20170515,160220,Final,0
aif161125g.7101.hdf5,70006196,7101,1,0,1,0,20170515,160220,Final,0
aif161025g.7100.hdf5,70006197,7100,1,0,1,0,20170515,160212,Final,0
aif161025g.7101.hdf5,70006197,7101,1,0,1,0,20170515,160212,Final,0
aif160925g.7100.hdf5,70006198,7100,1,0,1,0,20170515,160212,Final,0
aif160925g.7101.hdf5,70006198,7101,1,0,1,0,20170515,160212,Final,0
aif160426g.7100.hdf5,70006199,7100,1,0,1,0,20170515,160216,Final,0
aif160426g.7101.hdf5,70006199,7101,1,0,1,0,20170515,160216,Final,0
aif160826g.7100.hdf5,70006200,7100,1,0,1,0,20170515,160221,Final,0
aif160826g.7101.hdf5,70006200,7101,1,0,1,0,20170515,160221,Final,0
aif160126g.7100.hdf5,70006201,7100,1,0,1,0,20170515,160216,Final,0
aif160126g.7101.hdf5,70006201,7101,1,0,1,0,20170515,160216,Final,0
aif160326g.7100.hdf5,70006202,7100,1,0,1,0,20170515,160213,Final,0
aif160326g.7101.hdf5,70006202,7101,1,0,1,0,20170515,160213,Final,0
aif160526g.7100.hdf5,70006203,7100,1,0,1,0,20170515,160218,Final,0
aif160526g.7101.hdf5,70006203,7101,1,0,1,0,20170515,160218,Final,0
aif161026g.7100.hdf5,70006204,7100,1,0,1,0,20170515,160216,Final,0
aif161026g.7101.hdf5,70006204,7101,1,0,1,0,20170515,160216,Final,0
aif160926g.7100.hdf5,70006205,7100,1,0,1,0,20170515,160213,Final,0
aif160926g.7101.hdf5,70006205,7101,1,0,1,0,20170515,160213,Final,0
aif160427g.7100.hdf5,70006206,7100,1,0,1,0,20170515,160214,Final,0
aif160427g.7101.hdf5,70006206,7101,1,0,1,0,20170515,160214,Final,0
aif161227g.7100.hdf5,70006207,7100,1,0,1,0,20170531,145202,Final,0
aif161227g.7101.hdf5,70006207,7101,1,0,1,0,20170531,145202,Final,0
aif160127g.7100.hdf5,70006208,7100,1,0,1,0,20170515,160220,Final,0
aif160127g.7101.hdf5,70006208,7101,1,0,1,0,20170515,160220,Final,0
aif160726g.7100.hdf5,70006209,7100,1,0,1,0,20170515,160221,Final,0
aif160726g.7101.hdf5,70006209,7101,1,0,1,0,20170515,160221,Final,0
aif160727g.7100.hdf5,70006210,7100,1,0,1,0,20170515,160216,Final,0
aif160727g.7101.hdf5,70006210,7101,1,0,1,0,20170515,160216,Final,0
aif160627g.7100.hdf5,70006211,7100,1,0,1,0,20170515,160214,Final,0
aif160627g.7101.hdf5,70006211,7101,1,0,1,0,20170515,160214,Final,0
aif160327g.7100.hdf5,70006212,7100,1,0,1,0,20170515,160221,Final,0
aif160327g.7101.hdf5,70006212,7101,1,0,1,0,20170515,160221,Final,0
aif161027g.7100.hdf5,70006213,7100,3,0,1,0,20170515,160211,Final,0
aif161027g.7101.hdf5,70006213,7101,3,0,1,0,20170515,160211,Final,0
aif161027g.07102.hdf5,70006213,7100,1,0,1,0,20170515,160211,Final,0
aif161027g07103.hdf5,70006213,7101,1,0,1,0,20170515,160211,Final,0
aif160927g.7100.hdf5,70006214,7100,1,0,1,0,20170515,160213,Final,0
aif160927g.7101.hdf5,70006214,7101,1,0,1,0,20170515,160213,Final,0
aif160428g.7100.hdf5,70006215,7100,1,0,1,0,20170515,160219,Final,0
aif160428g.7101.hdf5,70006215,7101,1,0,1,0,20170515,160219,Final,0
aif160827g.7100.hdf5,70006216,7100,1,0,1,0,20170515,160218,Final,0
aif160827g.7101.hdf5,70006216,7101,1,0,1,0,20170515,160218,Final,0
aif161228g.7100.hdf5,70006217,7100,1,0,1,0,20170531,145203,Final,0
aif161228g.7101.hdf5,70006217,7101,1,0,1,0,20170531,145203,Final,0
aif160228g.7100.hdf5,70006218,7100,1,0,1,0,20170515,160218,Final,0
aif160228g.7101.hdf5,70006218,7101,1,0,1,0,20170515,160218,Final,0
aif160728g.7100.hdf5,70006219,7100,1,0,1,0,20170515,160221,Final,0
aif160728g.7101.hdf5,70006219,7101,1,0,1,0,20170515,160221,Final,0
aif160628g.7100.hdf5,70006220,7100,1,0,1,0,20170515,160213,Final,0
aif160628g.7101.hdf5,70006220,7101,1,0,1,0,20170515,160213,Final,0
aif160528g.7100.hdf5,70006221,7100,1,0,1,0,20170515,160218,Final,0
aif160528g.7101.hdf5,70006221,7101,1,0,1,0,20170515,160218,Final,0
aif160527g.7100.hdf5,70006222,7100,1,0,1,0,20170515,160216,Final,0
aif160527g.7101.hdf5,70006222,7101,1,0,1,0,20170515,160216,Final,0
aif161028g.7100.hdf5,70006223,7100,1,0,1,0,20170515,160211,Final,0
aif161028g.7101.hdf5,70006223,7101,1,0,1,0,20170515,160211,Final,0
aif160928g.7100.hdf5,70006224,7100,1,0,1,0,20170515,160217,Final,0
aif160928g.7101.hdf5,70006224,7101,1,0,1,0,20170515,160217,Final,0
aif160429g.7100.hdf5,70006225,7100,1,0,1,0,20170515,160216,Final,0
aif160429g.7101.hdf5,70006225,7101,1,0,1,0,20170515,160216,Final,0
aif160828g.7100.hdf5,70006226,7100,1,0,1,0,20170515,160217,Final,0
aif160828g.7101.hdf5,70006226,7101,1,0,1,0,20170515,160217,Final,0
aif161229g.7100.hdf5,70006227,7100,1,0,1,0,20170531,145202,Final,0
aif161229g.7101.hdf5,70006227,7101,1,0,1,0,20170531,145202,Final,0
aif160229g.7100.hdf5,70006228,7100,3,0,1,0,20170515,160218,Final,0
aif160229g.7101.hdf5,70006228,7101,3,0,1,0,20170515,160218,Final,0
aif160229g.07102.hdf5,70006228,7100,1,0,1,0,20170515,160218,Final,0
aif160229g07103.hdf5,70006228,7101,1,0,1,0,20170515,160218,Final,0
aif160128g.7100.hdf5,70006229,7100,1,0,1,0,20170515,160217,Final,0
aif160128g.7101.hdf5,70006229,7101,1,0,1,0,20170515,160217,Final,0
aif160729g.7100.hdf5,70006230,7100,1,0,1,0,20170515,160214,Final,0
aif160729g.7101.hdf5,70006230,7101,1,0,1,0,20170515,160214,Final,0
aif160629g.7100.hdf5,70006231,7100,1,0,1,0,20170515,160220,Final,0
aif160629g.7101.hdf5,70006231,7101,1,0,1,0,20170515,160220,Final,0
aif160529g.7100.hdf5,70006232,7100,1,0,1,0,20170515,160217,Final,0
aif160529g.7101.hdf5,70006232,7101,1,0,1,0,20170515,160217,Final,0
aif161129g.7100.hdf5,70006233,7100,1,0,1,0,20170515,160217,Final,0
aif161129g.7101.hdf5,70006233,7101,1,0,1,0,20170515,160217,Final,0
aif161029g.7100.hdf5,70006234,7100,1,0,1,0,20170515,160213,Final,0
aif161029g.7101.hdf5,70006234,7101,1,0,1,0,20170515,160213,Final,0
aif160929g.7100.hdf5,70006235,7100,1,0,1,0,20170515,160219,Final,0
aif160929g.7101.hdf5,70006235,7101,1,0,1,0,20170515,160219,Final,0
aif160430g.7100.hdf5,70006236,7100,1,0,1,0,20170515,160218,Final,0
aif160430g.7101.hdf5,70006236,7101,1,0,1,0,20170515,160218,Final,0
aif160829g.7100.hdf5,70006237,7100,1,0,1,0,20170515,160213,Final,0
aif160829g.7101.hdf5,70006237,7101,1,0,1,0,20170515,160213,Final,0
aif161230g.7100.hdf5,70006238,7100,1,0,1,0,20170531,145203,Final,0
aif161230g.7101.hdf5,70006238,7101,1,0,1,0,20170531,145203,Final,0
aif160129g.7100.hdf5,70006239,7100,1,0,1,0,20170515,160217,Final,0
aif160129g.7101.hdf5,70006239,7101,1,0,1,0,20170515,160217,Final,0
aif160130g.7100.hdf5,70006240,7100,1,0,1,0,20170515,160212,Final,0
aif160130g.7101.hdf5,70006240,7101,1,0,1,0,20170515,160212,Final,0
aif160730g.7100.hdf5,70006241,7100,1,0,1,0,20170515,160216,Final,0
aif160730g.7101.hdf5,70006241,7101,1,0,1,0,20170515,160216,Final,0
aif160630g.7100.hdf5,70006242,7100,1,0,1,0,20170515,160212,Final,0
aif160630g.7101.hdf5,70006242,7101,1,0,1,0,20170515,160212,Final,0
aif160329g.7100.hdf5,70006243,7100,1,0,1,0,20170515,160219,Final,0
aif160329g.7101.hdf5,70006243,7101,1,0,1,0,20170515,160219,Final,0
aif160330g.7100.hdf5,70006244,7100,1,0,1,0,20170515,160217,Final,0
aif160330g.7101.hdf5,70006244,7101,1,0,1,0,20170515,160217,Final,0
aif161130g.7100.hdf5,70006245,7100,1,0,1,1,20180518,140253,Final,0
aif161130g.7101.hdf5,70006245,7101,1,0,1,0,20180518,140300,Final,0
aif161030g.7100.hdf5,70006246,7100,1,0,1,0,20170515,160221,Final,0
aif161030g.7101.hdf5,70006246,7101,1,0,1,0,20170515,160221,Final,0
aif160930g.7100.hdf5,70006247,7100,1,0,1,0,20170515,160211,Final,0
aif160930g.7101.hdf5,70006247,7101,1,0,1,0,20170515,160211,Final,0
aif160830g.7100.hdf5,70006248,7100,1,0,1,0,20170515,160219,Final,0
aif160830g.7101.hdf5,70006248,7101,1,0,1,0,20170515,160219,Final,0
aif161231g.7100.hdf5,70006249,7100,1,0,1,0,20171229,013217,Final,0
aif161231g.7101.hdf5,70006249,7101,1,0,1,0,20171229,013217,Final,0
aif160131g.7100.hdf5,70006250,7100,1,0,1,0,20170515,160221,Final,0
aif160131g.7101.hdf5,70006250,7101,1,0,1,0,20170515,160221,Final,0
aif160731g.7100.hdf5,70006251,7100,1,0,1,0,20170515,160218,Final,0
aif160731g.7101.hdf5,70006251,7101,1,0,1,0,20170515,160218,Final,0
aif160331g.7100.hdf5,70006252,7100,1,0,1,0,20170515,160216,Final,0
aif160331g.7101.hdf5,70006252,7101,1,0,1,0,20170515,160216,Final,0
aif160530g.7100.hdf5,70006253,7100,1,0,1,0,20170515,160221,Final,0
aif160530g.7101.hdf5,70006253,7101,1,0,1,0,20170515,160221,Final,0
aif160531g.7100.hdf5,70006254,7100,1,0,1,0,20170515,160215,Final,0
aif160531g.7101.hdf5,70006254,7101,1,0,1,0,20170515,160215,Final,0
aif161031g.7100.hdf5,70006255,7100,1,0,1,0,20170515,160219,Final,0
aif161031g.7101.hdf5,70006255,7101,1,0,1,0,20170515,160219,Final,0
akl_k_K2016336.asc.hdf5,70006256,2002,1,0,1,0,20171228,031459,Final,0
akl_tn_K2016336.asc.hdf5,70006256,10002,1,0,1,0,20171228,031501,Final,0
akl_tn_K2016337.asc.hdf5,70006257,10002,1,0,1,0,20171227,191325,Final,0
akl_k_K2016337.asc.hdf5,70006257,2002,1,0,1,0,20171227,191404,Final,0
akl_k_K2016308.asc.hdf5,70006258,2002,1,0,1,0,20171228,005757,Final,0
akl_tn_K2016308.asc.hdf5,70006258,10002,1,0,1,0,20171228,005759,Final,0
akl_k_K2016004.asc.hdf5,70006259,2002,1,0,1,0,20171227,221335,Final,0
akl_tn_K2016004.asc.hdf5,70006259,10002,1,0,1,0,20171227,221337,Final,0
akl_tn_K2016156.asc.hdf5,70006260,10002,1,0,1,0,20171227,203736,Final,0
akl_k_K2016156.asc.hdf5,70006260,2002,1,0,1,0,20171227,203845,Final,0
akl_tn_K2016036.asc.hdf5,70006261,10002,1,0,1,0,20171228,004916,Final,0
akl_k_K2016036.asc.hdf5,70006261,2002,1,0,1,0,20171228,005021,Final,0
akl_tn_K2016005.asc.hdf5,70006262,10002,1,0,1,0,20171228,014237,Final,0
akl_k_K2016005.asc.hdf5,70006262,2002,1,0,1,0,20171228,014336,Final,0
akl_tn_K2016157.asc.hdf5,70006263,10002,1,0,1,0,20171228,024134,Final,0
akl_k_K2016157.asc.hdf5,70006263,2002,1,0,1,0,20171228,024234,Final,0
akl_tn_K2016158.asc.hdf5,70006264,10002,1,0,1,0,20171228,013641,Final,0
akl_k_K2016158.asc.hdf5,70006264,2002,1,0,1,0,20171228,013801,Final,0
akl_k_K2016038.asc.hdf5,70006265,2002,1,0,1,0,20171227,210333,Final,0
akl_tn_K2016038.asc.hdf5,70006265,10002,1,0,1,0,20171227,210334,Final,0
akl_k_K2016007.asc.hdf5,70006266,2002,1,0,1,0,20171228,013132,Final,0
akl_tn_K2016007.asc.hdf5,70006266,10002,1,0,1,0,20171228,013134,Final,0
akl_k_K2016159.asc.hdf5,70006267,2002,1,0,1,0,20171227,185614,Final,0
akl_tn_K2016159.asc.hdf5,70006267,10002,1,0,1,0,20171227,185615,Final,0
akl_k_K2016039.asc.hdf5,70006268,2002,1,0,1,0,20171227,202040,Final,0
akl_tn_K2016039.asc.hdf5,70006268,10002,1,0,1,0,20171227,202041,Final,0
akl_tn_K2016008.asc.hdf5,70006269,10002,1,0,1,0,20171227,182214,Final,0
akl_k_K2016008.asc.hdf5,70006269,2002,1,0,1,0,20171227,182358,Final,0
akl_k_K2016040.asc.hdf5,70006270,2002,1,0,1,0,20171227,172421,Final,0
akl_tn_K2016040.asc.hdf5,70006270,10002,1,0,1,0,20171227,172422,Final,0
akl_tn_K2016010.asc.hdf5,70006271,10002,1,0,1,0,20171227,173314,Final,0
akl_k_K2016010.asc.hdf5,70006271,2002,1,0,1,0,20171227,173404,Final,0
akl_k_K2016011.asc.hdf5,70006272,2002,1,0,1,0,20171227,204651,Final,0
akl_tn_K2016011.asc.hdf5,70006272,10002,1,0,1,0,20171227,204653,Final,0
akl_tn_K2016362.asc.hdf5,70006273,10002,1,0,1,0,20171228,032051,Final,0
akl_k_K2016362.asc.hdf5,70006273,2002,1,0,1,0,20171228,032137,Final,0
akl_k_K2016363.asc.hdf5,70006274,2002,1,0,1,0,20171227,185937,Final,0
akl_tn_K2016363.asc.hdf5,70006274,10002,1,0,1,0,20171227,185938,Final,0
akl_k_K2016028.asc.hdf5,70006275,2002,1,0,1,0,20171227,200211,Final,0
akl_tn_K2016028.asc.hdf5,70006275,10002,1,0,1,0,20171227,200212,Final,0
akl_tn_K2016334.asc.hdf5,70006276,10002,1,0,1,0,20171228,022945,Final,0
akl_k_K2016334.asc.hdf5,70006276,2002,1,0,1,0,20171228,023116,Final,0
akl_k_K2016335.asc.hdf5,70006277,2002,1,0,1,0,20171228,011725,Final,0
akl_tn_K2016335.asc.hdf5,70006277,10002,1,0,1,0,20171228,011727,Final,0
aro20160801plg.001.hdf5,70006278,2040,1,0,1,0,20170515,160708,FINAL,0
aro20161201plg.001.hdf5,70006279,2041,1,0,1,0,20170531,145308,Final,0
aro20161201clpg.000.hdf5,70006279,2020,1,0,1,0,20170531,192932,Preliminary,0
aro20160802plg.001.hdf5,70006280,2040,1,0,1,0,20170515,160523,FINAL,0
aro20161202plg.001.hdf5,70006281,2041,1,0,1,0,20170531,145251,Final,0
aro20161202clpg.000.hdf5,70006281,2020,1,0,1,0,20170531,193317,Preliminary,0
aro20160803plg.001.hdf5,70006282,2040,1,0,1,0,20170515,160631,FINAL,0
aro20161203plg.001.hdf5,70006283,2041,1,0,1,0,20170531,145214,Final,0
aro20161203clpg.000.hdf5,70006283,2020,1,0,1,0,20170531,193437,Preliminary,0
aro20160804plg.001.hdf5,70006284,2040,1,0,1,0,20170515,160302,FINAL,0
aro20160805plg.001.hdf5,70006285,2040,1,0,1,0,20170515,160417,FINAL,0
aro20160205clpg.000.hdf5,70006286,2020,3,0,1,0,20170515,160412,History,0
aro20160205clpg.001.hdf5,70006286,2020,1,0,1,0,20170515,160412,Preliminary,0
aro20160205plg.001.hdf5,70006286,2040,1,0,1,0,20170515,160412,FINAL,0
aro20160205plg.002.hdf5,70006286,2041,1,0,1,0,20180509,121009,Final_Improved,0
aro20160105clpg.000.hdf5,70006287,2020,1,0,1,0,20170515,160402,Preliminary,0
aro20160105plg.001.hdf5,70006287,2040,1,0,1,0,20170515,160355,FINAL,0
aro20160206plg.001.hdf5,70006288,2041,3,0,1,0,20170515,160436,History,0
aro20160206plg.002.hdf5,70006288,2041,1,0,1,0,20180509,144720,Final_Improved,0
aro20160106plg.001.hdf5,70006289,2040,1,0,1,0,20170515,160542,FINAL,0
aro20160207plg.001.hdf5,70006290,2041,3,0,1,0,20170515,160330,History,0
aro20160207plg.002.hdf5,70006290,2041,1,0,1,0,20180509,181632,Final_Improved,0
aro20160107plg.001.hdf5,70006291,2040,1,0,1,0,20170515,160255,FINAL,0
aro20160208plg.001.hdf5,70006292,2041,3,0,1,0,20170515,160542,History,0
aro20160208plg.002.hdf5,70006292,2041,1,0,1,0,20180509,214448,Final_Improved,0
aro20160108plg.001.hdf5,70006293,2040,1,0,1,0,20170515,160701,FINAL,0
aro20160209plg.001.hdf5,70006294,2041,3,0,1,0,20170515,160509,History,0
aro20160209plg.002.hdf5,70006294,2041,1,0,1,0,20180510,010213,Final_Improved,0
aro20160109plg.001.hdf5,70006295,2040,1,0,1,0,20170515,160625,FINAL,0
aro20160210plg.001.hdf5,70006296,2041,3,0,1,0,20170515,160631,History,0
aro20160210plg.002.hdf5,70006296,2041,1,0,1,0,20180510,040741,Final_Improved,0
aro20160110plg.001.hdf5,70006297,2040,1,0,1,0,20170515,160458,FINAL,0
aro20160111plg.001.hdf5,70006298,2040,1,0,1,0,20170515,160355,FINAL,0
aro20160112plg.001.hdf5,70006299,2040,1,0,1,0,20170515,160318,FINAL,0
aro20160923plg.001.hdf5,70006300,2040,1,0,1,0,20170515,160523,Final,0
aro20160924plg.001.hdf5,70006301,2040,1,0,1,0,20170515,160423,Final,0
aro20160925plg.001.hdf5,70006302,2040,1,0,1,0,20170515,160308,Final,0
aro20160926plg.001.hdf5,70006303,2040,1,0,1,0,20170515,160334,Final,0
aro20160728plg.001.hdf5,70006304,2040,1,0,1,0,20170515,160709,FINAL,0
aro20161128plg.001.hdf5,70006305,2041,1,0,1,0,20170531,145307,Final,0
aro20161128clpg.000.hdf5,70006305,2020,1,0,1,0,20170601,043105,Preliminary,0
aro20160729plg.001.hdf5,70006306,2040,1,0,1,0,20170515,160405,FINAL,0
aro20161129plg.001.hdf5,70006307,2041,1,0,1,0,20170531,145221,Final,0
aro20161129clpg.000.hdf5,70006307,2020,1,0,1,0,20170531,192651,Preliminary,0
aro20160730plg.001.hdf5,70006308,2040,1,0,1,0,20170515,160440,FINAL,0
aro20161130plg.001.hdf5,70006309,2041,1,0,1,0,20170531,145235,Final,0
aro20161130clpg.000.hdf5,70006309,2020,1,0,1,0,20170531,192912,Preliminary,0
aro20160731plg.001.hdf5,70006310,2040,1,0,1,0,20170515,160522,FINAL,0
aro20161201pll.001.hdf5,70006311,2040,1,0,1,0,20170515,160940,Final,0
one_ion_aro20161201topl.000.hdf5,70006311,2018,1,0,1,0,20170515,160940,Final,0
aro20161201clpl.000.hdf5,70006311,2020,1,0,1,0,20170515,160940,Final,0
aro20161001pll.001.hdf5,70006312,2041,1,0,1,0,20170515,160810,Final,0
aro20160802pll.001.hdf5,70006313,2041,1,0,1,0,20170515,161002,FINAL,0
aro20161202pll.001.hdf5,70006314,2040,1,0,1,0,20170515,160851,Final,0
one_ion_aro20161202topl.000.hdf5,70006314,2018,1,0,1,0,20170515,160851,Final,0
aro20161202clpl.000.hdf5,70006314,2020,1,0,1,0,20170515,160851,Final,0
aro20161002pll.001.hdf5,70006315,2041,1,0,1,0,20170515,160809,Final,0
aro20160803pll.001.hdf5,70006316,2041,1,0,1,0,20170515,161045,FINAL,0
aro20161203pll.001.hdf5,70006317,2040,1,0,1,0,20170515,160845,Final,0
one_ion_aro20161203topl.000.hdf5,70006317,2018,1,0,1,0,20170515,160845,Final,0
aro20161203clpl.000.hdf5,70006317,2020,1,0,1,0,20170515,160845,Final,0
aro20160804pll.001.hdf5,70006318,2041,1,0,1,0,20170515,160810,FINAL,0
aro20160805pll.001.hdf5,70006319,2041,1,0,1,0,20170515,160905,FINAL,0
aro20160205clpl.000.hdf5,70006320,2020,3,0,1,0,20170515,160900,History,0
aro20160205clpl.001.hdf5,70006320,2020,1,0,1,0,20170515,160900,Preliminary,0
aro20160205pll.001.hdf5,70006320,2040,1,0,1,0,20170515,160900,FINAL,0
aro20160206pll.001.hdf5,70006321,2040,1,0,1,0,20170515,160910,FINAL,0
aro20160106pll.001.hdf5,70006322,2040,1,0,1,0,20170515,161024,FINAL,0
aro20160106pll.002.hdf5,70006322,2041,1,0,1,0,20180516,181239,Final_Improved,0
aro20160207pll.001.hdf5,70006323,2040,1,0,1,0,20170515,160839,FINAL,0
aro20160107pll.001.hdf5,70006324,2041,3,0,1,0,20170515,160807,History,0
aro20160107pll.002.hdf5,70006324,2041,1,0,1,0,20180516,204013,Final_Improved,0
aro20160208pll.001.hdf5,70006325,2040,1,0,1,0,20170515,161023,FINAL,0
aro20160108pll.001.hdf5,70006326,2041,3,0,1,0,20170515,161104,History,0
aro20160108pll.002.hdf5,70006326,2041,1,0,1,0,20180516,230101,Final_Improved,0
aro20160209pll.001.hdf5,70006327,2040,1,0,1,0,20170515,160940,FINAL,0
aro20160109pll.001.hdf5,70006328,2041,3,0,1,0,20170515,161042,History,0
aro20160109pll.002.hdf5,70006328,2041,1,0,1,0,20180517,012911,Final_Improved,0
aro20160210pll.001.hdf5,70006329,2040,1,0,1,0,20170515,161056,FINAL,0
aro20160923pll.001.hdf5,70006330,2041,1,0,1,0,20170515,161000,Final,0
aro20160924pll.001.hdf5,70006331,2041,1,0,1,0,20170515,160910,Final,0
aro20160925pll.001.hdf5,70006332,2041,1,0,1,0,20170515,160818,Final,0
aro20160726pll.001.hdf5,70006333,2040,1,0,1,0,20170515,161107,FINAL,0
aro20160926pll.001.hdf5,70006334,2041,1,0,1,0,20170515,160844,Final,0
aro20160927pll.001.hdf5,70006335,2041,1,0,1,0,20170515,160841,Final,0
aro20160728pll.001.hdf5,70006336,2041,1,0,1,0,20170515,161108,FINAL,0
aro20161128pll.001.hdf5,70006337,2040,1,0,1,0,20170515,161045,Final,0
one_ion_aro20161128topl.000.hdf5,70006337,2018,1,0,1,0,20170515,161045,Final,0
aro20161128clpl.000.hdf5,70006337,2020,1,0,1,0,20170515,161045,Final,0
aro20160928pll.001.hdf5,70006338,2041,1,0,1,0,20170515,160937,Final,0
aro20160729pll.001.hdf5,70006339,2041,1,0,1,0,20170515,160854,FINAL,0
aro20161129pll.001.hdf5,70006340,2040,1,0,1,0,20170515,160936,Final,0
one_ion_aro20161129topl.000.hdf5,70006340,2018,1,0,1,0,20170515,160936,Final,0
aro20161129clpl.000.hdf5,70006340,2020,1,0,1,0,20170515,160936,Final,0
aro20160929pll.001.hdf5,70006341,2041,1,0,1,0,20170515,161024,Final,0
aro20160730pll.001.hdf5,70006342,2041,1,0,1,0,20170515,160933,FINAL,0
aro20161130pll.001.hdf5,70006343,2040,1,0,1,0,20170515,160848,Final,0
one_ion_aro20161130topl.000.hdf5,70006343,2018,1,0,1,0,20170515,160848,Final,0
aro20161130clpl.000.hdf5,70006343,2020,1,0,1,0,20170515,160848,Final,0
aro20160930pll.001.hdf5,70006344,2041,1,0,1,0,20170515,160800,Final,0
asl20160801.001.hdf5,70006345,7150,1,0,1,0,20180102,151832,Preliminary,0
asl20161201.001.hdf5,70006346,7150,1,0,1,0,20180102,155018,Preliminary,0
asl20161130.001.hdf5,70006347,7150,1,0,1,0,20180102,154851,Preliminary,0
asl20160831.001.hdf5,70006348,7150,1,0,1,0,20180102,152409,Preliminary,0
asl20160802.001.hdf5,70006349,7150,1,0,1,0,20180102,152010,Preliminary,0
asl20161202.001.hdf5,70006350,7150,1,0,1,0,20180102,155123,Preliminary,0
asl20160901.001.hdf5,70006351,7150,1,0,1,0,20180102,152516,Preliminary,0
asl20160803.001.hdf5,70006352,7150,1,0,1,0,20180102,152147,Preliminary,0
asl20161103.001.hdf5,70006353,7150,1,0,1,0,20180102,153724,Preliminary,0
asl20160104.001.hdf5,70006354,7150,1,0,1,0,20180102,150537,Preliminary,0
asl20161104.001.hdf5,70006355,7150,1,0,1,0,20180102,154343,Preliminary,0
asl20160904.001.hdf5,70006356,7150,1,0,1,0,20180102,152654,Preliminary,0
asl20160605.001.hdf5,70006357,7150,1,0,1,0,20180102,151636,Preliminary,0
asl20160604.001.hdf5,70006358,7150,1,0,1,0,20180102,151459,Preliminary,0
asl20160105.001.hdf5,70006359,7150,1,0,1,0,20180102,150651,Preliminary,0
asl20160107.001.hdf5,70006360,7150,1,0,1,0,20180102,150847,Preliminary,0
asl20160108.001.hdf5,70006361,7150,1,0,1,0,20180102,151040,Preliminary,0
asl20160111.001.hdf5,70006362,7150,1,0,1,0,20180102,151338,Preliminary,0
asl20160110.001.hdf5,70006363,7150,1,0,1,0,20180102,151145,Preliminary,0
asl20161214.001.hdf5,70006364,7150,1,0,1,0,20180102,155149,Preliminary,0
asl20161215.001.hdf5,70006365,7150,1,0,1,0,20180102,155211,Preliminary,0
asl20161227.001.hdf5,70006366,7150,1,0,1,0,20180102,155248,Preliminary,0
asl20161128.001.hdf5,70006367,7150,1,0,1,0,20180102,154533,Preliminary,0
asl20161027.001.hdf5,70006368,7150,1,0,1,0,20180102,152753,Preliminary,0
asl20160829.001.hdf5,70006369,7150,1,0,1,0,20180102,152218,Preliminary,0
asl20161228.001.hdf5,70006370,7150,1,0,1,0,20180102,155420,Preliminary,0
asl20161129.001.hdf5,70006371,7150,1,0,1,0,20180102,154720,Preliminary,0
asl20160830.001.hdf5,70006372,7150,1,0,1,0,20180102,152240,Preliminary,0
asl20160730.001.hdf5,70006373,7150,1,0,1,0,20180102,151654,Preliminary,0
aif170401g.7100.hdf5,70006374,7100,1,0,1,0,20171222,115809,Final,0
aif170401g.7101.hdf5,70006374,7101,1,0,1,0,20171222,115823,Final,0
aif170801g.7100.hdf5,70006375,7100,1,0,1,0,20171223,213128,Final,0
aif170801g.7101.hdf5,70006375,7101,1,0,1,0,20171223,213142,Final,0
aif171201g.7100.hdf5,70006376,7100,1,0,1,1,20171202,150416,Final,0
aif171201g.7101.hdf5,70006376,7101,1,0,1,0,20171202,150423,Final,0
aif170201g.7100.hdf5,70006377,7100,1,0,1,0,20171222,000415,Final,0
aif170201g.7101.hdf5,70006377,7101,1,0,1,0,20171222,000429,Final,0
aif170101g.7100.hdf5,70006378,7100,1,0,1,0,20171221,153110,Final,0
aif170101g.7101.hdf5,70006378,7101,1,0,1,0,20171221,153122,Final,0
aif170701g.7100.hdf5,70006379,7100,1,0,1,0,20171223,154024,Final,0
aif170701g.7101.hdf5,70006379,7101,1,0,1,0,20171223,154037,Final,0
aif170531g.7100.hdf5,70006380,7100,1,0,1,0,20171223,062214,Final,0
aif170531g.7101.hdf5,70006380,7101,1,0,1,0,20171223,062227,Final,0
aif170901g.7100.hdf5,70006381,7100,1,0,1,0,20171224,022124,Final,0
aif170901g.7101.hdf5,70006381,7101,1,0,1,0,20171224,022137,Final,0
aif170402g.7100.hdf5,70006382,7100,1,0,1,0,20171222,115837,Final,0
aif170402g.7101.hdf5,70006382,7101,1,0,1,0,20171222,115851,Final,0
aif170802g.7100.hdf5,70006383,7100,1,0,1,0,20171223,221337,Final,0
aif170802g.7101.hdf5,70006383,7101,1,0,1,0,20171223,221350,Final,0
aif171202g.7100.hdf5,70006384,7100,1,0,1,1,20171203,150357,Final,0
aif171202g.7101.hdf5,70006384,7101,1,0,1,0,20171203,150403,Final,0
aif170202g.7100.hdf5,70006385,7100,1,0,1,0,20171222,000840,Final,0
aif170202g.7101.hdf5,70006385,7101,1,0,1,0,20171222,000854,Final,0
aif170702g.7100.hdf5,70006386,7100,1,0,1,0,20171223,154100,Final,0
aif170702g.7101.hdf5,70006386,7101,1,0,1,0,20171223,154114,Final,0
aif170601g.7100.hdf5,70006387,7100,1,0,1,0,20171223,070426,Final,0
aif170601g.7101.hdf5,70006387,7101,1,0,1,0,20171223,070439,Final,0
aif170602g.7100.hdf5,70006388,7100,1,0,1,0,20171223,070453,Final,0
aif170602g.7101.hdf5,70006388,7101,1,0,1,0,20171223,070506,Final,0
aif170302g.7100.hdf5,70006389,7100,1,0,1,0,20171222,065625,Final,0
aif170302g.7101.hdf5,70006389,7101,1,0,1,0,20171222,065637,Final,0
aif170502g.7100.hdf5,70006390,7100,1,0,1,0,20171222,211219,Final,0
aif170502g.7101.hdf5,70006390,7101,1,0,1,0,20171222,211232,Final,0
aif170902g.7100.hdf5,70006391,7100,1,0,1,0,20171224,022152,Final,0
aif170902g.7101.hdf5,70006391,7101,1,0,1,0,20171224,022206,Final,0
aif170403g.7100.hdf5,70006392,7100,1,0,1,0,20171222,115906,Final,0
aif170403g.7101.hdf5,70006392,7101,1,0,1,0,20171222,115919,Final,0
aif170803g.7100.hdf5,70006393,7100,1,0,1,0,20171223,225549,Final,0
aif170803g.7101.hdf5,70006393,7101,1,0,1,0,20171223,225603,Final,0
aif171203g.7100.hdf5,70006394,7100,1,0,1,1,20171204,150347,Final,0
aif171203g.7101.hdf5,70006394,7101,1,0,1,0,20171204,150354,Final,0
aif170203g.7100.hdf5,70006395,7100,1,0,1,0,20171222,001242,Final,0
aif170203g.7101.hdf5,70006395,7101,1,0,1,0,20171222,001255,Final,0
aif170103g.7100.hdf5,70006396,7100,1,0,1,0,20171221,161156,Final,0
aif170103g.7101.hdf5,70006396,7101,1,0,1,0,20171221,161210,Final,0
aif170603g.7100.hdf5,70006397,7100,1,0,1,0,20171223,070519,Final,0
aif170603g.7101.hdf5,70006397,7101,1,0,1,0,20171223,070533,Final,0
aif170303g.7100.hdf5,70006398,7100,1,0,1,0,20171222,065653,Final,0
aif170303g.7101.hdf5,70006398,7101,1,0,1,0,20171222,065705,Final,0
aif170503g.7100.hdf5,70006399,7100,1,0,1,0,20171222,215441,Final,0
aif170503g.7101.hdf5,70006399,7101,1,0,1,0,20171222,215454,Final,0
aif170903g.7100.hdf5,70006400,7100,1,0,1,0,20171224,024340,Final,0
aif170903g.7101.hdf5,70006400,7101,1,0,1,0,20171224,024353,Final,0
aif170404g.7100.hdf5,70006401,7100,1,0,1,0,20171222,115933,Final,0
aif170404g.7101.hdf5,70006401,7101,1,0,1,0,20171222,115947,Final,0
aif170804g.7100.hdf5,70006402,7100,1,0,1,0,20171223,233755,Final,0
aif170804g.7101.hdf5,70006402,7101,1,0,1,0,20171223,233808,Final,0
aif171204g.7100.hdf5,70006403,7100,1,0,1,1,20171205,150122,Final,0
aif171204g.7101.hdf5,70006403,7101,1,0,1,0,20171205,150128,Final,0
aif170204g.7100.hdf5,70006404,7100,1,0,1,0,20171222,001311,Final,0
aif170204g.7101.hdf5,70006404,7101,1,0,1,0,20171222,001324,Final,0
aif170104g.7100.hdf5,70006405,7100,1,0,1,0,20171221,165203,Final,0
aif170104g.7101.hdf5,70006405,7101,1,0,1,0,20171221,165217,Final,0
aif170704g.7100.hdf5,70006406,7100,1,0,1,0,20171223,154130,Final,0
aif170704g.7101.hdf5,70006406,7101,1,0,1,0,20171223,154143,Final,0
aif170604g.7100.hdf5,70006407,7100,1,0,1,0,20171223,074731,Final,0
aif170604g.7101.hdf5,70006407,7101,1,0,1,0,20171223,074745,Final,0
aif170304g.7100.hdf5,70006408,7100,1,0,1,0,20171222,065720,Final,0
aif170304g.7101.hdf5,70006408,7101,1,0,1,0,20171222,065733,Final,0
aif170504g.7100.hdf5,70006409,7100,1,0,1,0,20171222,223635,Final,0
aif170504g.7101.hdf5,70006409,7101,1,0,1,0,20171222,223649,Final,0
aif171104g.7100.hdf5,70006410,7100,1,0,1,1,20171105,150248,Final,0
aif171104g.7101.hdf5,70006410,7101,1,0,1,0,20171105,150254,Final,0
aif170904g.7100.hdf5,70006411,7100,1,0,1,0,20171224,024408,Final,0
aif170904g.7101.hdf5,70006411,7101,1,0,1,0,20171224,024421,Final,0
aif170405g.7100.hdf5,70006412,7100,1,0,1,0,20171222,120003,Final,0
aif170405g.7101.hdf5,70006412,7101,1,0,1,0,20171222,120017,Final,0
aif170805g.7100.hdf5,70006413,7100,1,0,1,0,20171223,233824,Final,0
aif170805g.7101.hdf5,70006413,7101,1,0,1,0,20171223,233837,Final,0
aif171205g.7100.hdf5,70006414,7100,1,0,1,1,20171206,150241,Final,0
aif171205g.7101.hdf5,70006414,7101,1,0,1,0,20171206,150248,Final,0
aif170205g.7100.hdf5,70006415,7100,1,0,1,0,20171222,001340,Final,0
aif170205g.7101.hdf5,70006415,7101,1,0,1,0,20171222,001354,Final,0
aif170105g.7100.hdf5,70006416,7100,1,0,1,0,20171221,165232,Final,0
aif170105g.7101.hdf5,70006416,7101,1,0,1,0,20171221,165245,Final,0
aif170705g.7100.hdf5,70006417,7100,1,0,1,0,20171223,154207,Final,0
aif170705g.7101.hdf5,70006417,7101,1,0,1,0,20171223,154220,Final,0
aif170605g.7100.hdf5,70006418,7100,1,0,1,0,20171223,082915,Final,0
aif170605g.7101.hdf5,70006418,7101,1,0,1,0,20171223,082928,Final,0
aif170305g.7100.hdf5,70006419,7100,1,0,1,0,20171222,065747,Final,0
aif170305g.7101.hdf5,70006419,7101,1,0,1,0,20171222,065759,Final,0
aif170505g.7100.hdf5,70006420,7100,1,0,1,0,20171222,223706,Final,0
aif170505g.7101.hdf5,70006420,7101,1,0,1,0,20171222,223718,Final,0
aif171105g.7100.hdf5,70006421,7100,1,0,1,1,20171129,150617,Final,0
aif171105g.7101.hdf5,70006421,7101,1,0,1,0,20171129,150623,Final,0
aif170406g.7100.hdf5,70006422,7100,1,0,1,0,20171222,120031,Final,0
aif170406g.7101.hdf5,70006422,7101,1,0,1,0,20171222,120044,Final,0
aif170806g.7100.hdf5,70006423,7100,1,0,1,0,20171223,233854,Final,0
aif170806g.7101.hdf5,70006423,7101,1,0,1,0,20171223,233907,Final,0
aif171206g.7100.hdf5,70006424,7100,1,0,1,1,20171207,150413,Final,0
aif171206g.7101.hdf5,70006424,7101,1,0,1,0,20171207,150420,Final,0
aif170206g.7100.hdf5,70006425,7100,1,0,1,0,20171222,001408,Final,0
aif170206g.7101.hdf5,70006425,7101,1,0,1,0,20171222,001422,Final,0
aif170106g.7100.hdf5,70006426,7100,1,0,1,0,20171221,173159,Final,0
aif170106g.7101.hdf5,70006426,7101,1,0,1,0,20171221,173212,Final,0
aif170706g.7100.hdf5,70006427,7100,1,0,1,0,20171223,154247,Final,0
aif170706g.7101.hdf5,70006427,7101,1,0,1,0,20171223,154300,Final,0
aif170606g.7100.hdf5,70006428,7100,1,0,1,0,20171223,091135,Final,0
aif170606g.7101.hdf5,70006428,7101,1,0,1,0,20171223,091148,Final,0
aif170306g.7100.hdf5,70006429,7100,1,0,1,0,20171222,074017,Final,0
aif170306g.7101.hdf5,70006429,7101,1,0,1,0,20171222,074030,Final,0
aif170506g.7100.hdf5,70006430,7100,1,0,1,0,20171222,223733,Final,0
aif170506g.7101.hdf5,70006430,7101,1,0,1,0,20171222,223748,Final,0
aif171106g.7100.hdf5,70006431,7100,1,0,1,1,20171129,150525,Final,0
aif171106g.7101.hdf5,70006431,7101,1,0,1,0,20171129,150531,Final,0
aif170407g.7100.hdf5,70006432,7100,1,0,1,0,20171222,124239,Final,0
aif170407g.7101.hdf5,70006432,7101,1,0,1,0,20171222,124251,Final,0
aif171207g.7100.hdf5,70006433,7100,1,0,1,1,20171208,150355,Final,0
aif171207g.7101.hdf5,70006433,7101,1,0,1,0,20171208,150401,Final,0
aif170207g.7100.hdf5,70006434,7100,1,0,1,0,20171222,001437,Final,0
aif170207g.7101.hdf5,70006434,7101,1,0,1,0,20171222,001451,Final,0
aif170107g.7100.hdf5,70006435,7100,1,0,1,0,20171221,173226,Final,0
aif170107g.7101.hdf5,70006435,7101,1,0,1,0,20171221,173239,Final,0
aif170707g.7100.hdf5,70006436,7100,1,0,1,0,20171223,154314,Final,0
aif170707g.7101.hdf5,70006436,7101,1,0,1,0,20171223,154327,Final,0
aif170607g.7100.hdf5,70006437,7100,1,0,1,0,20171223,095339,Final,0
aif170607g.7101.hdf5,70006437,7101,1,0,1,0,20171223,095353,Final,0
aif170307g.7100.hdf5,70006438,7100,1,0,1,0,20171222,074044,Final,0
aif170307g.7101.hdf5,70006438,7101,1,0,1,0,20171222,074056,Final,0
aif171107g.7100.hdf5,70006439,7100,1,0,1,1,20171129,150435,Final,0
aif171107g.7101.hdf5,70006439,7101,1,0,1,0,20171129,150441,Final,0
aif170408g.7100.hdf5,70006440,7100,1,0,1,0,20171222,132354,Final,0
aif170408g.7101.hdf5,70006440,7101,1,0,1,0,20171222,132405,Final,0
aif171208g.7100.hdf5,70006441,7100,1,0,1,1,20171209,150300,Final,0
aif171208g.7101.hdf5,70006441,7101,1,0,1,0,20171209,150306,Final,0
aif170208g.7100.hdf5,70006442,7100,1,0,1,0,20171222,005512,Final,0
aif170208g.7101.hdf5,70006442,7101,1,0,1,0,20171222,005526,Final,0
aif170108g.7100.hdf5,70006443,7100,1,0,1,0,20171221,181238,Final,0
aif170108g.7101.hdf5,70006443,7101,1,0,1,0,20171221,181251,Final,0
aif170708g.7100.hdf5,70006444,7100,1,0,1,0,20171223,162558,Final,0
aif170708g.7101.hdf5,70006444,7101,1,0,1,0,20171223,162611,Final,0
aif170608g.7100.hdf5,70006445,7100,1,0,1,0,20171223,095407,Final,0
aif170608g.7101.hdf5,70006445,7101,1,0,1,0,20171223,095420,Final,0
aif170308g.7100.hdf5,70006446,7100,1,0,1,0,20171222,074111,Final,0
aif170308g.7101.hdf5,70006446,7101,1,0,1,0,20171222,074124,Final,0
aif170507g.7100.hdf5,70006447,7100,1,0,1,0,20171223,000155,Final,0
aif170507g.7101.hdf5,70006447,7101,1,0,1,0,20171223,000208,Final,0
aif170508g.7100.hdf5,70006448,7100,1,0,1,0,20171223,000222,Final,0
aif170508g.7101.hdf5,70006448,7101,1,0,1,0,20171223,000235,Final,0
aif171108g.7100.hdf5,70006449,7100,1,0,1,1,20171109,150347,Final,0
aif171108g.7101.hdf5,70006449,7101,1,0,1,0,20171109,150354,Final,0
aif170409g.7100.hdf5,70006450,7100,1,0,1,0,20171222,140555,Final,0
aif170409g.7101.hdf5,70006450,7101,1,0,1,0,20171222,140609,Final,0
aif170809g.7100.hdf5,70006451,7100,1,0,1,0,20171224,002204,Final,0
aif170809g.7101.hdf5,70006451,7101,1,0,1,0,20171224,002217,Final,0
aif171209g.7100.hdf5,70006452,7100,1,0,1,1,20171210,150225,Final,0
aif171209g.7101.hdf5,70006452,7101,1,0,1,0,20171210,150232,Final,0
aif170209g.7100.hdf5,70006453,7100,1,0,1,0,20171222,005541,Final,0
aif170209g.7101.hdf5,70006453,7101,1,0,1,0,20171222,005554,Final,0
aif170109g.7100.hdf5,70006454,7100,1,0,1,0,20171221,181305,Final,0
aif170109g.7101.hdf5,70006454,7101,1,0,1,0,20171221,181318,Final,0
aif170709g.7100.hdf5,70006455,7100,1,0,1,0,20171223,162651,Final,0
aif170709g.7101.hdf5,70006455,7101,1,0,1,0,20171223,162705,Final,0
aif170609g.7100.hdf5,70006456,7100,1,0,1,0,20171223,103615,Final,0
aif170609g.7101.hdf5,70006456,7101,1,0,1,0,20171223,103628,Final,0
aif170309g.7100.hdf5,70006457,7100,1,0,1,0,20171222,074139,Final,0
aif170309g.7101.hdf5,70006457,7101,1,0,1,0,20171222,074153,Final,0
aif170509g.7100.hdf5,70006458,7100,1,0,1,0,20171223,000251,Final,0
aif170509g.7101.hdf5,70006458,7101,1,0,1,0,20171223,000305,Final,0
aif170410g.7100.hdf5,70006459,7100,1,0,1,0,20171222,144728,Final,0
aif170410g.7101.hdf5,70006459,7101,1,0,1,0,20171222,144741,Final,0
aif170810g.7100.hdf5,70006460,7100,1,0,1,0,20171224,002232,Final,0
aif170810g.7101.hdf5,70006460,7101,1,0,1,0,20171224,002244,Final,0
aif171210g.7100.hdf5,70006461,7100,1,0,1,1,20171211,150342,Final,0
aif171210g.7101.hdf5,70006461,7101,1,0,1,0,20171211,150348,Final,0
aif170610g.7100.hdf5,70006462,7100,1,0,1,0,20171223,111800,Final,0
aif170610g.7101.hdf5,70006462,7101,1,0,1,0,20171223,111813,Final,0
aif170310g.7100.hdf5,70006463,7100,1,0,1,0,20171222,074207,Final,0
aif170310g.7101.hdf5,70006463,7101,1,0,1,0,20171222,074220,Final,0
aif170510g.7100.hdf5,70006464,7100,1,0,1,0,20171223,000320,Final,0
aif170510g.7101.hdf5,70006464,7101,1,0,1,0,20171223,000333,Final,0
aif170411g.7100.hdf5,70006465,7100,1,0,1,0,20171222,144755,Final,0
aif170411g.7101.hdf5,70006465,7101,1,0,1,0,20171222,144810,Final,0
aif171211g.7100.hdf5,70006466,7100,1,0,1,1,20171215,150358,Final,0
aif171211g.7101.hdf5,70006466,7101,1,0,1,0,20171215,150404,Final,0
aif170110g.7100.hdf5,70006467,7100,1,0,1,0,20171221,185358,Final,0
aif170110g.7101.hdf5,70006467,7101,1,0,1,0,20171221,185411,Final,0
aif170111g.7100.hdf5,70006468,7100,1,0,1,0,20171221,185424,Final,0
aif170111g.7101.hdf5,70006468,7101,1,0,1,0,20171221,185438,Final,0
aif170711g.7100.hdf5,70006469,7100,1,0,1,0,20171223,162721,Final,0
aif170711g.7101.hdf5,70006469,7101,1,0,1,0,20171223,162734,Final,0
aif170611g.7100.hdf5,70006470,7100,1,0,1,0,20171223,120028,Final,0
aif170611g.7101.hdf5,70006470,7101,1,0,1,0,20171223,120041,Final,0
aif170311g.7100.hdf5,70006471,7100,1,0,1,0,20171222,074234,Final,0
aif170311g.7101.hdf5,70006471,7101,1,0,1,0,20171222,074248,Final,0
aif170412g.7100.hdf5,70006472,7100,1,0,1,0,20171222,144825,Final,0
aif170412g.7101.hdf5,70006472,7101,1,0,1,0,20171222,144837,Final,0
aif170811g.7100.hdf5,70006473,7100,1,0,1,0,20171224,002259,Final,0
aif170811g.7101.hdf5,70006473,7101,1,0,1,0,20171224,002312,Final,0
aif170812g.7100.hdf5,70006474,7100,1,0,1,0,20171224,002327,Final,0
aif170812g.7101.hdf5,70006474,7101,1,0,1,0,20171224,002340,Final,0
aif171212g.7100.hdf5,70006475,7100,1,0,1,1,20171215,150504,Final,0
aif171212g.7101.hdf5,70006475,7101,1,0,1,0,20171215,150511,Final,0
aif170112g.7100.hdf5,70006476,7100,1,0,1,0,20171221,193502,Final,0
aif170112g.7101.hdf5,70006476,7101,1,0,1,0,20171221,193515,Final,0
aif170712g.7100.hdf5,70006477,7100,1,0,1,0,20171223,162804,Final,0
aif170712g.7101.hdf5,70006477,7101,1,0,1,0,20171223,162818,Final,0
aif170312g.7100.hdf5,70006478,7100,1,0,1,0,20171222,074303,Final,0
aif170312g.7101.hdf5,70006478,7101,1,0,1,0,20171222,074317,Final,0
aif170511g.7100.hdf5,70006479,7100,1,0,1,0,20171223,004334,Final,0
aif170511g.7101.hdf5,70006479,7101,1,0,1,0,20171223,004348,Final,0
aif170512g.7100.hdf5,70006480,7100,1,0,1,0,20171223,004401,Final,0
aif170512g.7101.hdf5,70006480,7101,1,0,1,0,20171223,004415,Final,0
aif170413g.7100.hdf5,70006481,7100,1,0,1,0,20171222,144854,Final,0
aif170413g.7101.hdf5,70006481,7101,1,0,1,0,20171222,144908,Final,0
aif170813g.7100.hdf5,70006482,7100,1,0,1,0,20171224,002356,Final,0
aif170813g.7101.hdf5,70006482,7101,1,0,1,0,20171224,002410,Final,0
aif170213g.7100.hdf5,70006483,7100,1,0,1,0,20171222,013745,Final,0
aif170213g.7101.hdf5,70006483,7101,1,0,1,0,20171222,013759,Final,0
aif170113g.7100.hdf5,70006484,7100,1,0,1,0,20171221,193530,Final,0
aif170113g.7101.hdf5,70006484,7101,1,0,1,0,20171221,193543,Final,0
aif170713g.7100.hdf5,70006485,7100,1,0,1,0,20171223,164913,Final,0
aif170713g.7101.hdf5,70006485,7101,1,0,1,0,20171223,164927,Final,0
aif170613g.7100.hdf5,70006486,7100,1,0,1,0,20171223,120123,Final,0
aif170613g.7101.hdf5,70006486,7101,1,0,1,0,20171223,120138,Final,0
aif170313g.7100.hdf5,70006487,7100,1,0,1,0,20171222,082423,Final,0
aif170313g.7101.hdf5,70006487,7101,1,0,1,0,20171222,082435,Final,0
aif170513g.7100.hdf5,70006488,7100,1,0,1,0,20171223,012551,Final,0
aif170513g.7101.hdf5,70006488,7101,1,0,1,0,20171223,012604,Final,0
aif171112g.7100.hdf5,70006489,7100,1,0,1,1,20171113,150329,Final,0
aif171112g.7101.hdf5,70006489,7101,1,0,1,0,20171113,150334,Final,0
aif171113g.7100.hdf5,70006490,7100,1,0,1,1,20171114,150319,Final,0
aif171113g.7101.hdf5,70006490,7101,1,0,1,0,20171114,150325,Final,0
aif170913g.7100.hdf5,70006491,7100,1,0,1,0,20171224,043150,Final,0
aif170913g.7101.hdf5,70006491,7101,1,0,1,0,20171224,043204,Final,0
aif170414g.7100.hdf5,70006492,7100,1,0,1,0,20171222,144923,Final,0
aif170414g.7101.hdf5,70006492,7101,1,0,1,0,20171222,144936,Final,0
aif170814g.7100.hdf5,70006493,7100,1,0,1,0,20171224,002425,Final,0
aif170814g.7101.hdf5,70006493,7101,1,0,1,0,20171224,002440,Final,0
aif170214g.7100.hdf5,70006494,7100,1,0,1,0,20171222,013813,Final,0
aif170214g.7101.hdf5,70006494,7101,1,0,1,0,20171222,013826,Final,0
aif170114g.7100.hdf5,70006495,7100,1,0,1,0,20171221,193558,Final,0
aif170114g.7101.hdf5,70006495,7101,1,0,1,0,20171221,193611,Final,0
aif170714g.7100.hdf5,70006496,7100,1,0,1,0,20171223,164943,Final,0
aif170714g.7101.hdf5,70006496,7101,1,0,1,0,20171223,164958,Final,0
aif170314g.7100.hdf5,70006497,7100,1,0,1,0,20171222,082450,Final,0
aif170314g.7101.hdf5,70006497,7101,1,0,1,0,20171222,082503,Final,0
aif170514g.7100.hdf5,70006498,7100,1,0,1,0,20171223,012619,Final,0
aif170514g.7101.hdf5,70006498,7101,1,0,1,0,20171223,012633,Final,0
aif170415g.7100.hdf5,70006499,7100,1,0,1,0,20171222,153118,Final,0
aif170415g.7101.hdf5,70006499,7101,1,0,1,0,20171222,153133,Final,0
aif170815g.7100.hdf5,70006500,7100,1,0,1,0,20171224,002455,Final,0
aif170815g.7101.hdf5,70006500,7101,1,0,1,0,20171224,002509,Final,0
aif170215g.7100.hdf5,70006501,7100,1,0,1,0,20171222,013841,Final,0
aif170215g.7101.hdf5,70006501,7101,1,0,1,0,20171222,013855,Final,0
aif170715g.7100.hdf5,70006502,7100,1,0,1,0,20171223,171106,Final,0
aif170715g.7101.hdf5,70006502,7101,1,0,1,0,20171223,171121,Final,0
aif170614g.7100.hdf5,70006503,7100,1,0,1,0,20171223,120154,Final,0
aif170614g.7101.hdf5,70006503,7101,1,0,1,0,20171223,120208,Final,0
aif170615g.7100.hdf5,70006504,7100,1,0,1,0,20171223,120225,Final,0
aif170615g.7101.hdf5,70006504,7101,1,0,1,0,20171223,120238,Final,0
aif170315g.7100.hdf5,70006505,7100,1,0,1,0,20171222,090639,Final,0
aif170315g.7101.hdf5,70006505,7101,1,0,1,0,20171222,090653,Final,0
aif170515g.7100.hdf5,70006506,7100,1,0,1,0,20171223,012649,Final,0
aif170515g.7101.hdf5,70006506,7101,1,0,1,0,20171223,012703,Final,0
aif170915g.7100.hdf5,70006507,7100,1,0,1,1,20170920,154703,Final,0
aif170915g.7101.hdf5,70006507,7101,1,0,1,0,20170920,154710,Final,0
aif170416g.7100.hdf5,70006508,7100,1,0,1,0,20171222,153147,Final,0
aif170416g.7101.hdf5,70006508,7101,1,0,1,0,20171222,153200,Final,0
aif170816g.7100.hdf5,70006509,7100,1,0,1,0,20171224,002523,Final,0
aif170816g.7101.hdf5,70006509,7101,1,0,1,0,20171224,002536,Final,0
aif170216g.7100.hdf5,70006510,7100,1,0,1,0,20171222,022020,Final,0
aif170216g.7101.hdf5,70006510,7101,1,0,1,0,20171222,022033,Final,0
aif170116g.7100.hdf5,70006511,7100,1,0,1,0,20171221,193626,Final,0
aif170116g.7101.hdf5,70006511,7101,1,0,1,0,20171221,193640,Final,0
aif170716g.7100.hdf5,70006512,7100,1,0,1,0,20171223,171155,Final,0
aif170716g.7101.hdf5,70006512,7101,1,0,1,0,20171223,171209,Final,0
aif170616g.7100.hdf5,70006513,7100,1,0,1,0,20171223,124320,Final,0
aif170616g.7101.hdf5,70006513,7101,1,0,1,0,20171223,124333,Final,0
aif170516g.7100.hdf5,70006514,7100,1,0,1,0,20171223,012719,Final,0
aif170516g.7101.hdf5,70006514,7101,1,0,1,0,20171223,012733,Final,0
aif171116g.7100.hdf5,70006515,7100,1,0,1,1,20171117,150334,Final,0
aif171116g.7101.hdf5,70006515,7101,1,0,1,0,20171117,150342,Final,0
aif170916g.7100.hdf5,70006516,7100,1,0,1,1,20170920,154805,Final,0
aif170916g.7101.hdf5,70006516,7101,1,0,1,0,20170920,154812,Final,0
aif170417g.7100.hdf5,70006517,7100,1,0,1,0,20171222,161336,Final,0
aif170417g.7101.hdf5,70006517,7101,1,0,1,0,20171222,161350,Final,0
aif170817g.7100.hdf5,70006518,7100,1,0,1,0,20171224,010847,Final,0
aif170817g.7101.hdf5,70006518,7101,1,0,1,0,20171224,010859,Final,0
aif170217g.7100.hdf5,70006519,7100,1,0,1,0,20171222,022049,Final,0
aif170217g.7101.hdf5,70006519,7101,1,0,1,0,20171222,022103,Final,0
aif170117g.7100.hdf5,70006520,7100,1,0,1,0,20171221,193655,Final,0
aif170117g.7101.hdf5,70006520,7101,1,0,1,0,20171221,193708,Final,0
aif170617g.7100.hdf5,70006521,7100,1,0,1,0,20171223,124358,Final,0
aif170617g.7101.hdf5,70006521,7101,1,0,1,0,20171223,124411,Final,0
aif170317g.7100.hdf5,70006522,7100,1,0,1,0,20171222,090707,Final,0
aif170317g.7101.hdf5,70006522,7101,1,0,1,0,20171222,090720,Final,0
aif170517g.7100.hdf5,70006523,7100,1,0,1,0,20171223,012749,Final,0
aif170517g.7101.hdf5,70006523,7101,1,0,1,0,20171223,012802,Final,0
aif170917g.7100.hdf5,70006524,7100,1,0,1,1,20170920,154854,Final,0
aif170917g.7101.hdf5,70006524,7101,1,0,1,0,20170920,154900,Final,0
aif170418g.7100.hdf5,70006525,7100,1,0,1,0,20171222,161406,Final,0
aif170418g.7101.hdf5,70006525,7101,1,0,1,0,20171222,161419,Final,0
aif170218g.7100.hdf5,70006526,7100,1,0,1,0,20171222,022118,Final,0
aif170218g.7101.hdf5,70006526,7101,1,0,1,0,20171222,022132,Final,0
aif170118g.7100.hdf5,70006527,7100,1,0,1,0,20171221,193723,Final,0
aif170118g.7101.hdf5,70006527,7101,1,0,1,0,20171221,193736,Final,0
aif170618g.7100.hdf5,70006528,7100,1,0,1,0,20171223,132641,Final,0
aif170618g.7101.hdf5,70006528,7101,1,0,1,0,20171223,132654,Final,0
aif170318g.7100.hdf5,70006529,7100,1,0,1,0,20171222,090734,Final,0
aif170318g.7101.hdf5,70006529,7101,1,0,1,0,20171222,090748,Final,0
aif170518g.7100.hdf5,70006530,7100,1,0,1,0,20171223,021007,Final,0
aif170518g.7101.hdf5,70006530,7101,1,0,1,0,20171223,021021,Final,0
aif171118g.7100.hdf5,70006531,7100,3,0,1,1,20171129,150713,Final,0
aif171118g.7101.hdf5,70006531,7101,3,0,1,0,20171129,150719,Final,0
aif171118g.7100.00000.hdf5,70006531,7100,1,0,1,0,20190112,151014,Final,0
aif171118g.7101.00001.hdf5,70006531,7101,1,0,1,0,20190112,151021,Final,0
aif170419g.7100.hdf5,70006532,7100,1,0,1,0,20171222,165644,Final,0
aif170419g.7101.hdf5,70006532,7101,1,0,1,0,20171222,165657,Final,0
aif170818g.7100.hdf5,70006533,7100,1,0,1,0,20171224,010914,Final,0
aif170818g.7101.hdf5,70006533,7101,1,0,1,0,20171224,010928,Final,0
aif170819g.7100.hdf5,70006534,7100,1,0,1,0,20171224,010943,Final,0
aif170819g.7101.hdf5,70006534,7101,1,0,1,0,20171224,010958,Final,0
aif171219g.7100.hdf5,70006535,7100,1,0,1,1,20171220,150319,Final,0
aif170219g.7100.hdf5,70006536,7100,1,0,1,0,20171222,022147,Final,0
aif170219g.7101.hdf5,70006536,7101,1,0,1,0,20171222,022200,Final,0
aif170119g.7100.hdf5,70006537,7100,1,0,1,0,20171221,195811,Final,0
aif170119g.7101.hdf5,70006537,7101,1,0,1,0,20171221,195825,Final,0
aif170619g.7100.hdf5,70006538,7100,1,0,1,0,20171223,132724,Final,0
aif170619g.7101.hdf5,70006538,7101,1,0,1,0,20171223,132738,Final,0
aif170319g.7100.hdf5,70006539,7100,1,0,1,0,20171222,090803,Final,0
aif170319g.7101.hdf5,70006539,7101,1,0,1,0,20171222,090817,Final,0
aif170519g.7100.hdf5,70006540,7100,1,0,1,0,20171223,025153,Final,0
aif170519g.7101.hdf5,70006540,7101,1,0,1,0,20171223,025206,Final,0
aif171119g.7100.hdf5,70006541,7100,1,0,1,1,20171129,150341,Final,0
aif171119g.7101.hdf5,70006541,7101,1,0,1,0,20171129,150347,Final,0
aif170420g.7100.hdf5,70006542,7100,1,0,1,0,20171222,165713,Final,0
aif170420g.7101.hdf5,70006542,7101,1,0,1,0,20171222,165727,Final,0
aif170820g.7100.hdf5,70006543,7100,1,0,1,0,20171224,011148,Final,0
aif170820g.7101.hdf5,70006543,7101,1,0,1,0,20171224,011200,Final,0
aif171220g.7100.hdf5,70006544,7100,1,0,1,1,20171221,150359,Final,0
aif170220g.7100.hdf5,70006545,7100,1,0,1,0,20171222,022215,Final,0
aif170220g.7101.hdf5,70006545,7101,1,0,1,0,20171222,022228,Final,0
aif170120g.7100.hdf5,70006546,7100,1,0,1,0,20171221,195840,Final,0
aif170120g.7101.hdf5,70006546,7101,1,0,1,0,20171221,195853,Final,0
aif170620g.7100.hdf5,70006547,7100,1,0,1,0,20171223,132755,Final,0
aif170620g.7101.hdf5,70006547,7101,1,0,1,0,20171223,132808,Final,0
aif170320g.7100.hdf5,70006548,7100,1,0,1,0,20171222,090831,Final,0
aif170320g.7101.hdf5,70006548,7101,1,0,1,0,20171222,090845,Final,0
aif170520g.7100.hdf5,70006549,7100,1,0,1,0,20171223,033423,Final,0
aif170520g.7101.hdf5,70006549,7101,1,0,1,0,20171223,033437,Final,0
aif170421g.7100.hdf5,70006550,7100,1,0,1,0,20171222,173843,Final,0
aif170421g.7101.hdf5,70006550,7101,1,0,1,0,20171222,173857,Final,0
aif171221g.7100.hdf5,70006551,7100,1,0,1,1,20171222,150339,Final,0
aif170121g.7100.hdf5,70006552,7100,1,0,1,0,20171221,195908,Final,0
aif170121g.7101.hdf5,70006552,7101,1,0,1,0,20171221,195922,Final,0
aif170621g.7100.hdf5,70006553,7100,1,0,1,0,20171223,132823,Final,0
aif170621g.7101.hdf5,70006553,7101,1,0,1,0,20171223,132837,Final,0
aif170321g.7100.hdf5,70006554,7100,1,0,1,0,20171222,095014,Final,0
aif170321g.7101.hdf5,70006554,7101,1,0,1,0,20171222,095027,Final,0
aif170422g.7100.hdf5,70006555,7100,1,0,1,0,20171222,173913,Final,0
aif170422g.7101.hdf5,70006555,7101,1,0,1,0,20171222,173926,Final,0
aif170822g.7100.hdf5,70006556,7100,1,0,1,0,20171224,011217,Final,0
aif170822g.7101.hdf5,70006556,7101,1,0,1,0,20171224,011230,Final,0
aif171222g.7100.hdf5,70006557,7100,1,0,1,1,20171223,150418,Final,0
aif170222g.7100.hdf5,70006558,7100,1,0,1,0,20171222,034223,Final,0
aif170222g.7101.hdf5,70006558,7101,1,0,1,0,20171222,034236,Final,0
aif170122g.7100.hdf5,70006559,7100,1,0,1,0,20171221,203935,Final,0
aif170122g.7101.hdf5,70006559,7101,1,0,1,0,20171221,203949,Final,0
aif170722g.7100.hdf5,70006560,7100,1,0,1,0,20171223,194216,Final,0
aif170722g.7101.hdf5,70006560,7101,1,0,1,0,20171223,194231,Final,0
aif170622g.7100.hdf5,70006561,7100,1,0,1,0,20171223,132854,Final,0
aif170622g.7101.hdf5,70006561,7101,1,0,1,0,20171223,132908,Final,0
aif170322g.7100.hdf5,70006562,7100,1,0,1,0,20171222,103155,Final,0
aif170322g.7101.hdf5,70006562,7101,1,0,1,0,20171222,103208,Final,0
aif171122g.7100.hdf5,70006563,7100,1,0,1,1,20171123,150348,Final,0
aif171122g.7101.hdf5,70006563,7101,1,0,1,0,20171123,150355,Final,0
aif170423g.7100.hdf5,70006564,7100,1,0,1,0,20171222,173941,Final,0
aif170423g.7101.hdf5,70006564,7101,1,0,1,0,20171222,173954,Final,0
aif170823g.7100.hdf5,70006565,7100,1,0,1,0,20171224,011245,Final,0
aif170823g.7101.hdf5,70006565,7101,1,0,1,0,20171224,011259,Final,0
aif171223g.7100.hdf5,70006566,7100,1,0,1,1,20171224,150318,Final,0
aif170123g.7100.hdf5,70006567,7100,1,0,1,0,20171221,211942,Final,0
aif170123g.7101.hdf5,70006567,7101,1,0,1,0,20171221,211956,Final,0
aif170723g.7100.hdf5,70006568,7100,1,0,1,0,20171223,194246,Final,0
aif170723g.7101.hdf5,70006568,7101,1,0,1,0,20171223,194300,Final,0
aif170623g.7100.hdf5,70006569,7100,1,0,1,0,20171223,132922,Final,0
aif170623g.7101.hdf5,70006569,7101,1,0,1,0,20171223,132936,Final,0
aif170323g.7100.hdf5,70006570,7100,1,0,1,0,20171222,103223,Final,0
aif170323g.7101.hdf5,70006570,7101,1,0,1,0,20171222,103235,Final,0
aif170522g.7100.hdf5,70006571,7100,1,0,1,0,20171223,041614,Final,0
aif170522g.7101.hdf5,70006571,7101,1,0,1,0,20171223,041628,Final,0
aif171123g.7100.hdf5,70006572,7100,1,0,1,1,20171124,150347,Final,0
aif171123g.7101.hdf5,70006572,7101,1,0,1,0,20171124,150355,Final,0
aif170424g.7100.hdf5,70006573,7100,1,0,1,0,20171222,174010,Final,0
aif170424g.7101.hdf5,70006573,7101,1,0,1,0,20171222,174024,Final,0
aif170824g.7100.hdf5,70006574,7100,1,0,1,0,20171224,011319,Final,0
aif170824g.7101.hdf5,70006574,7101,1,0,1,0,20171224,011333,Final,0
aif171224g.7100.hdf5,70006575,7100,1,0,1,1,20171225,150311,Final,0
aif170223g.7100.hdf5,70006576,7100,3,0,1,0,20171222,042734,Final,0
aif170223g.7101.hdf5,70006576,7101,3,0,1,0,20171222,042746,Final,0
aif170223g.07102.hdf5,70006576,7100,1,0,1,0,20171222,042801,Final,0
aif170223g07103.hdf5,70006576,7101,1,0,1,0,20171222,042814,Final,0
aif170224g.7100.hdf5,70006577,7100,1,0,1,0,20171222,042828,Final,0
aif170224g.7101.hdf5,70006577,7101,1,0,1,0,20171222,042841,Final,0
aif170124g.7100.hdf5,70006578,7100,1,0,1,0,20171221,215950,Final,0
aif170124g.7101.hdf5,70006578,7101,1,0,1,0,20171221,220003,Final,0
aif170724g.7100.hdf5,70006579,7100,1,0,1,0,20171223,200406,Final,0
aif170724g.7101.hdf5,70006579,7101,1,0,1,0,20171223,200420,Final,0
aif170624g.7100.hdf5,70006580,7100,1,0,1,0,20171223,141156,Final,0
aif170624g.7101.hdf5,70006580,7101,1,0,1,0,20171223,141211,Final,0
aif170324g.7100.hdf5,70006581,7100,1,0,1,0,20171222,103249,Final,0
aif170324g.7101.hdf5,70006581,7101,1,0,1,0,20171222,103303,Final,0
aif170523g.7100.hdf5,70006582,7100,1,0,1,0,20171223,045820,Final,0
aif170523g.7101.hdf5,70006582,7101,1,0,1,0,20171223,045833,Final,0
aif171124g.7100.hdf5,70006583,7100,1,0,1,1,20171125,150421,Final,0
aif171124g.7101.hdf5,70006583,7101,1,0,1,0,20171125,150429,Final,0
aif170425g.7100.hdf5,70006584,7100,1,0,1,0,20171222,182241,Final,0
aif170425g.7101.hdf5,70006584,7101,1,0,1,0,20171222,182256,Final,0
aif170825g.7100.hdf5,70006585,7100,1,0,1,0,20171224,011348,Final,0
aif170825g.7101.hdf5,70006585,7101,1,0,1,0,20171224,011402,Final,0
aif171225g.7100.hdf5,70006586,7100,1,0,1,1,20171226,150345,Final,0
aif170225g.7100.hdf5,70006587,7100,1,0,1,0,20171222,050940,Final,0
aif170225g.7101.hdf5,70006587,7101,1,0,1,0,20171222,050953,Final,0
aif170125g.7100.hdf5,70006588,7100,1,0,1,0,20171221,220331,Final,0
aif170125g.7101.hdf5,70006588,7101,1,0,1,0,20171221,220345,Final,0
aif170725g.7100.hdf5,70006589,7100,1,0,1,0,20171223,200435,Final,0
aif170725g.7101.hdf5,70006589,7101,1,0,1,0,20171223,200449,Final,0
aif170625g.7100.hdf5,70006590,7100,1,0,1,0,20171223,141237,Final,0
aif170625g.7101.hdf5,70006590,7101,1,0,1,0,20171223,141251,Final,0
aif170325g.7100.hdf5,70006591,7100,1,0,1,0,20171222,103317,Final,0
aif170325g.7101.hdf5,70006591,7101,1,0,1,0,20171222,103331,Final,0
aif170524g.7100.hdf5,70006592,7100,1,0,1,0,20171223,045847,Final,0
aif170524g.7101.hdf5,70006592,7101,1,0,1,0,20171223,045901,Final,0
aif171125g.7100.hdf5,70006593,7100,1,0,1,1,20171126,150332,Final,0
aif171125g.7101.hdf5,70006593,7101,1,0,1,0,20171126,150340,Final,0
aif170426g.7100.hdf5,70006594,7100,1,0,1,0,20171222,182311,Final,0
aif170426g.7101.hdf5,70006594,7101,1,0,1,0,20171222,182325,Final,0
aif170826g.7100.hdf5,70006595,7100,1,0,1,0,20171224,011417,Final,0
aif170826g.7101.hdf5,70006595,7101,1,0,1,0,20171224,011429,Final,0
aif170726g.7100.hdf5,70006596,7100,1,0,1,0,20171223,200504,Final,0
aif170726g.7101.hdf5,70006596,7101,1,0,1,0,20171223,200519,Final,0
aif170326g.7100.hdf5,70006597,7100,1,0,1,0,20171222,111442,Final,0
aif170326g.7101.hdf5,70006597,7101,1,0,1,0,20171222,111455,Final,0
aif171126g.7100.hdf5,70006598,7100,1,0,1,1,20171127,150345,Final,0
aif171126g.7101.hdf5,70006598,7101,1,0,1,0,20171127,150352,Final,0
aif170427g.7100.hdf5,70006599,7100,1,0,1,0,20171222,182509,Final,0
aif170427g.7101.hdf5,70006599,7101,1,0,1,0,20171222,182522,Final,0
aif170827g.7100.hdf5,70006600,7100,1,0,1,0,20171224,015718,Final,0
aif170827g.7101.hdf5,70006600,7101,1,0,1,0,20171224,015733,Final,0
aif171227g.7100.hdf5,70006601,7100,1,0,1,1,20171228,150327,Final,0
aif170226g.7100.hdf5,70006602,7100,1,0,1,0,20171222,051008,Final,0
aif170226g.7101.hdf5,70006602,7101,1,0,1,0,20171222,051020,Final,0
aif170127g.7100.hdf5,70006603,7100,1,0,1,0,20171221,220701,Final,0
aif170127g.7101.hdf5,70006603,7101,1,0,1,0,20171221,220714,Final,0
aif170727g.7100.hdf5,70006604,7100,1,0,1,0,20171223,202702,Final,0
aif170727g.7101.hdf5,70006604,7101,1,0,1,0,20171223,202716,Final,0
aif170626g.7100.hdf5,70006605,7100,1,0,1,0,20171223,145523,Final,0
aif170626g.7101.hdf5,70006605,7101,1,0,1,0,20171223,145538,Final,0
aif171127g.7100.hdf5,70006606,7100,1,0,1,1,20171128,150912,Final,0
aif171127g.7101.hdf5,70006606,7101,1,0,1,0,20171128,150918,Final,0
aif170428g.7100.hdf5,70006607,7100,1,0,1,0,20171222,190704,Final,0
aif170428g.7101.hdf5,70006607,7101,1,0,1,0,20171222,190717,Final,0
aif171228g.7100.hdf5,70006608,7100,1,0,1,1,20171229,150329,Final,0
aif170128g.7100.hdf5,70006609,7100,1,0,1,0,20171221,220729,Final,0
aif170128g.7101.hdf5,70006609,7101,1,0,1,0,20171221,220743,Final,0
aif170728g.7100.hdf5,70006610,7100,1,0,1,0,20171223,202732,Final,0
aif170728g.7101.hdf5,70006610,7101,1,0,1,0,20171223,202745,Final,0
aif170627g.7100.hdf5,70006611,7100,1,0,1,0,20171223,153831,Final,0
aif170627g.7101.hdf5,70006611,7101,1,0,1,0,20171223,153845,Final,0
aif170628g.7100.hdf5,70006612,7100,1,0,1,0,20171223,153859,Final,0
aif170628g.7101.hdf5,70006612,7101,1,0,1,0,20171223,153912,Final,0
aif170328g.7100.hdf5,70006613,7100,1,0,1,0,20171222,111513,Final,0
aif170328g.7101.hdf5,70006613,7101,1,0,1,0,20171222,111526,Final,0
aif170429g.7100.hdf5,70006614,7100,1,0,1,0,20171222,194930,Final,0
aif170429g.7101.hdf5,70006614,7101,1,0,1,0,20171222,194944,Final,0
aif171229g.7100.hdf5,70006615,7100,1,0,1,1,20171230,150357,Final,0
aif170129g.7100.hdf5,70006616,7100,1,0,1,0,20171221,224817,Final,0
aif170129g.7101.hdf5,70006616,7101,1,0,1,0,20171221,224830,Final,0
aif170629g.7100.hdf5,70006617,7100,1,0,1,0,20171223,153927,Final,0
aif170629g.7101.hdf5,70006617,7101,1,0,1,0,20171223,153940,Final,0
aif170329g.7100.hdf5,70006618,7100,1,0,1,0,20171222,115645,Final,0
aif170329g.7101.hdf5,70006618,7101,1,0,1,0,20171222,115658,Final,0
aif170529g.7100.hdf5,70006619,7100,1,0,1,0,20171223,062117,Final,0
aif170529g.7101.hdf5,70006619,7101,1,0,1,0,20171223,062130,Final,0
aif171129g.7100.hdf5,70006620,7100,1,0,1,1,20171130,150345,Final,0
aif171129g.7101.hdf5,70006620,7101,1,0,1,0,20171130,150351,Final,0
aif170430g.7100.hdf5,70006621,7100,1,0,1,0,20171222,203023,Final,0
aif170430g.7101.hdf5,70006621,7101,1,0,1,0,20171222,203037,Final,0
aif170829g.7100.hdf5,70006622,7100,1,0,1,0,20171224,015749,Final,0
aif170829g.7101.hdf5,70006622,7101,1,0,1,0,20171224,015802,Final,0
aif170830g.7100.hdf5,70006623,7100,1,0,1,0,20171224,015817,Final,0
aif170830g.7101.hdf5,70006623,7101,1,0,1,0,20171224,015830,Final,0
aif171230g.7100.hdf5,70006624,7100,1,0,1,1,20171231,150323,Final,0
aif170130g.7100.hdf5,70006625,7100,1,0,1,0,20171221,224847,Final,0
aif170130g.7101.hdf5,70006625,7101,1,0,1,0,20171221,224900,Final,0
aif170630g.7100.hdf5,70006626,7100,1,0,1,0,20171223,153955,Final,0
aif170630g.7101.hdf5,70006626,7101,1,0,1,0,20171223,154008,Final,0
aif170330g.7100.hdf5,70006627,7100,1,0,1,0,20171222,115712,Final,0
aif170330g.7101.hdf5,70006627,7101,1,0,1,0,20171222,115726,Final,0
aif170530g.7100.hdf5,70006628,7100,1,0,1,0,20171223,062145,Final,0
aif170530g.7101.hdf5,70006628,7101,1,0,1,0,20171223,062158,Final,0
aif171130g.7100.hdf5,70006629,7100,1,0,1,1,20171201,150300,Final,0
aif171130g.7101.hdf5,70006629,7101,1,0,1,0,20171201,150306,Final,0
aif170831g.7100.hdf5,70006630,7100,1,0,1,0,20171224,015845,Final,0
aif170831g.7101.hdf5,70006630,7101,1,0,1,0,20171224,015859,Final,0
aif171231g.7100.hdf5,70006631,7100,1,0,1,1,20180101,150341,Final,0
aif170131g.7100.hdf5,70006632,7100,1,0,1,0,20171221,232821,Final,0
aif170131g.7101.hdf5,70006632,7101,1,0,1,0,20171221,232834,Final,0
aif170731g.7100.hdf5,70006633,7100,1,0,1,0,20171223,204935,Final,0
aif170731g.7101.hdf5,70006633,7101,1,0,1,0,20171223,204949,Final,0
aif170331g.7100.hdf5,70006634,7100,1,0,1,0,20171222,115741,Final,0
aif170331g.7101.hdf5,70006634,7101,1,0,1,0,20171222,115755,Final,0
akl_k_K2017032.asc.hdf5,70006635,2002,1,0,1,0,20171222,000809,Final,0
akl_tn_K2017032.asc.hdf5,70006635,10002,1,0,1,0,20171222,000824,Final,0
akl_k_K2017033.asc.hdf5,70006636,2002,1,0,1,0,20171222,001213,Final,0
akl_tn_K2017033.asc.hdf5,70006636,10002,1,0,1,0,20171222,001227,Final,0
akl20170917k.001.hdf5,70006637,2002,3,0,1,1,20201112,161236,History,0
akl20170918t.001.hdf5,70006637,10002,3,0,1,0,20201112,161237,History,0
akl20170917k.002.hdf5,70006637,2002,1,0,1,0,20201117,180630,Final,0
akl20170918t.002.hdf5,70006637,10002,1,0,1,0,20201117,180631,Final,0
akl20170820k.001.hdf5,70006638,2002,1,0,1,0,20171224,011117,Final,0
akl20170820t.001.hdf5,70006638,10002,1,0,1,0,20171224,011130,Final,0
akl20170821k.001.hdf5,70006639,2002,3,0,1,1,20201112,111540,History,0
akl20170822t.001.hdf5,70006639,10002,3,0,1,0,20201112,111542,History,0
akl20170821k.002.hdf5,70006639,2002,3,0,1,0,20201112,151946,History,0
akl20170822t.002.hdf5,70006639,10002,3,0,1,0,20201112,151948,History,0
akl20170821k.003.hdf5,70006639,2002,1,0,1,0,20201117,170137,Final,0
akl20170822t.003.hdf5,70006639,10002,1,0,1,0,20201117,170139,Final,0
akl20170823k.001.hdf5,70006640,2002,3,0,1,1,20201112,155941,History,0
akl20170823t.001.hdf5,70006640,10002,3,0,1,0,20201112,155943,History,0
akl20170823k.002.hdf5,70006640,2002,1,0,1,0,20201117,174734,Final,0
akl20170823t.002.hdf5,70006640,10002,1,0,1,0,20201117,174736,Final,0
akl_k_K2017054.asc.hdf5,70006641,2002,1,0,1,0,20171222,042705,Final,0
akl_tn_K2017054.asc.hdf5,70006641,10002,1,0,1,0,20171222,042719,Final,0
akl_k_K2017024.asc.hdf5,70006642,2002,1,0,1,0,20171221,220301,Final,0
akl_tn_K2017024.asc.hdf5,70006642,10002,1,0,1,0,20171221,220316,Final,0
akl_k_K2017025.asc.hdf5,70006643,2002,1,0,1,0,20171221,220630,Final,0
akl_tn_K2017025.asc.hdf5,70006643,10002,1,0,1,0,20171221,220645,Final,0
akl20170427k.001.hdf5,70006644,2002,1,0,1,0,20171222,182441,Final,0
akl20170427t.001.hdf5,70006644,10002,1,0,1,0,20171222,182455,Final,0
akl20170927k.001.hdf5,70006645,2002,3,0,1,1,20201112,162016,History,0
akl20170927t.001.hdf5,70006645,10002,3,0,1,0,20201112,162017,History,0
akl20170927k.002.hdf5,70006645,2002,1,0,1,0,20201117,181501,Final,0
akl20170927t.002.hdf5,70006645,10002,1,0,1,0,20201117,181503,Final,0
aro20170201plg.001.hdf5,70006646,2040,1,0,1,0,20171227,221809,Final,0
aro20170202plg.001.hdf5,70006647,2040,1,0,1,0,20171228,023651,Final,0
aro20170102plg.001.hdf5,70006648,2041,1,0,1,0,20171229,013240,Final,0
aro20170203plg.001.hdf5,70006649,2040,1,0,1,0,20171228,025419,Final,0
aro20170103plg.001.hdf5,70006650,2041,1,0,1,0,20171229,013545,Final,0
aro20170104plg.001.hdf5,70006651,2041,1,0,1,0,20171229,013336,Final,0
aro20170915plg.001.hdf5,70006652,2041,1,0,1,0,20171228,032722,Final,0
aro20170915clpg.000.hdf5,70006652,2020,1,0,1,0,20171228,033101,Preliminary,0
aro20170916plg.001.hdf5,70006653,2041,1,0,1,0,20171228,031417,Final,0
aro20170916clpg.000.hdf5,70006653,2020,1,0,1,0,20171228,033624,Preliminary,0
aro20170917plg.001.hdf5,70006654,2041,1,0,1,0,20171228,001442,Final,0
aro20170917clpg.000.hdf5,70006654,2020,1,0,1,0,20171228,003414,Preliminary,0
aro20170125plg.001.hdf5,70006655,2040,1,0,1,0,20171227,173023,Final,0
aro20170126plg.001.hdf5,70006656,2040,1,0,1,0,20171227,230557,Final,0
aro20171227clpg.000.hdf5,70006657,2020,1,0,1,0,20180426,161356,Preliminary,0
aro20171227plg.001.hdf5,70006657,2041,1,0,1,0,20190912,023428,Final,0
aro20170727clpg.000.hdf5,70006658,2020,1,0,1,0,20171228,014053,Preliminary,0
aro20170727clpg.000.hdf5,70006659,2020,1,0,1,0,20171227,201927,Preliminary,0
aro20170727clpg.000.hdf5,70006660,2020,1,0,1,0,20171228,000620,Preliminary,0
one_ion_aro20170727topg.000.hdf5,70006661,2018,1,0,1,0,20171227,191325,Preliminary,0
one_ion_aro20170727topg.000.hdf5,70006662,2018,1,0,1,0,20171228,004253,Preliminary,0
aro20171228clpg.000.hdf5,70006663,2020,1,0,1,0,20180426,161507,Preliminary,0
aro20171228plg.001.hdf5,70006663,2041,1,0,1,0,20190912,035521,Final,0
aro20171129plg.001.hdf5,70006664,2041,1,0,1,1,20190911,234001,Final,0
aro20171130plg.001.hdf5,70006665,2041,1,0,1,1,20190912,005216,Final,0
aro20170201pll.001.hdf5,70006666,2041,1,0,1,0,20171227,231319,Final,0
aro20170201clpl.000.hdf5,70006666,2020,1,0,1,0,20171227,231409,Preliminary,0
aro20170202pll.001.hdf5,70006667,2041,1,0,1,0,20171227,182036,Final,0
aro20170202clpl.000.hdf5,70006667,2020,1,0,1,0,20171227,182410,Preliminary,0
aro20170102pll.001.hdf5,70006668,2040,1,0,1,0,20171229,013227,Final,0
one_ion_aro20170102topl.000.hdf5,70006668,2018,1,0,1,0,20171229,013247,Preliminary,0
aro20170203pll.001.hdf5,70006669,2041,1,0,1,0,20171227,230522,Final,0
aro20170203clpl.000.hdf5,70006669,2020,1,0,1,0,20171227,230755,Preliminary,0
aro20170103pll.001.hdf5,70006670,2040,1,0,1,0,20171229,013333,Final,0
one_ion_aro20170103topl.000.hdf5,70006670,2018,1,0,1,0,20171229,013552,Preliminary,0
aro20170404clpl.000.hdf5,70006671,2020,1,0,1,0,20171227,220919,Preliminary,0
aro20170104pll.001.hdf5,70006672,2040,1,0,1,0,20171229,013333,Final,0
one_ion_aro20170104topl.000.hdf5,70006672,2018,1,0,1,0,20171229,013443,Preliminary,0
aro20170405clpl.000.hdf5,70006673,2020,1,0,1,0,20171227,232434,Preliminary,0
one_ion_aro20170505topl.000.hdf5,70006674,2018,1,0,1,0,20171227,211406,Preliminary,0
aro20170505pll.001.hdf5,70006674,2041,1,0,1,0,20171227,211726,Final,0
one_ion_aro20170506topl.000.hdf5,70006675,2018,1,0,1,0,20171227,210405,Preliminary,0
one_ion_aro20170607topl.000.hdf5,70006676,2018,1,0,1,0,20171227,172102,Preliminary,0
one_ion_aro20170608topl.000.hdf5,70006677,2018,1,0,1,0,20171227,172609,Preliminary,0
aro20170915clpl.000.hdf5,70006678,2020,1,0,1,0,20171227,222556,Preliminary,0
aro20170915pll.001.hdf5,70006678,2041,1,0,1,0,20171227,222822,Final,0
aro20170916clpl.000.hdf5,70006679,2020,1,0,1,0,20171227,184003,Preliminary,0
aro20170916pll.001.hdf5,70006679,2041,1,0,1,0,20171227,185524,Final,0
aro20170917clpl.000.hdf5,70006680,2020,1,0,1,0,20171228,012321,Preliminary,0
aro20170917pll.001.hdf5,70006680,2041,1,0,1,0,20171228,013243,Final,0
aro20170124pll.001.hdf5,70006681,2041,1,0,1,0,20171227,213905,Final,0
aro20170124clpl.000.hdf5,70006681,2020,1,0,1,0,20171227,214018,Preliminary,0
aro20170125pll.001.hdf5,70006682,2041,1,0,1,0,20171227,235510,Final,0
aro20170125clpl.000.hdf5,70006682,2020,1,0,1,0,20171227,235959,Preliminary,0
aro20170126pll.001.hdf5,70006683,2041,1,0,1,0,20171227,192252,Final,0
aro20170126clpl.000.hdf5,70006683,2020,1,0,1,0,20171227,192528,Preliminary,0
aro20170127pll.001.hdf5,70006684,2041,1,0,1,0,20171227,181937,Final,0
aro20170127clpl.000.hdf5,70006684,2020,1,0,1,0,20171227,182212,Preliminary,0
aro20170828pll.001.hdf5,70006685,2041,1,0,1,1,20190911,205740,Final,0
aro20170128clpl.000.hdf5,70006686,2020,1,0,1,0,20171227,210452,Preliminary,0
aro20170829pll.001.hdf5,70006687,2041,1,0,1,1,20190911,220845,Final,0
aro20170129clpl.000.hdf5,70006688,2020,1,0,1,0,20171227,232257,Preliminary,0
aro20170130clpl.000.hdf5,70006689,2020,1,0,1,0,20171228,021708,Preliminary,0
aro20170131clpl.000.hdf5,70006690,2020,1,0,1,0,20171227,184806,Preliminary,0
aif180401g.7100.hdf5,70006691,7100,1,0,1,1,20180402,140119,Final,0
aif180801g.7100.hdf5,70006692,7100,1,0,1,1,20180802,140215,Final,0
aif180801g.7101.hdf5,70006692,7101,1,0,1,0,20180802,140222,Final,0
aif181201g.7100.hdf5,70006693,7100,1,0,1,1,20181202,150243,Final,0
aif181201g.7101.hdf5,70006693,7101,1,0,1,0,20181202,150250,Final,0
aif180201g.7100.hdf5,70006694,7100,1,0,1,1,20180202,150206,Final,0
aif180101g.7100.hdf5,70006695,7100,1,0,1,1,20180102,150310,Final,0
aif180701g.7100.hdf5,70006696,7100,1,0,1,1,20180702,140220,Final,0
aif180701g.7101.hdf5,70006696,7101,1,0,1,0,20180702,140227,Final,0
aif180601g.7100.hdf5,70006697,7100,1,0,1,1,20180602,140340,Final,0
aif180301g.7100.hdf5,70006698,7100,1,0,1,1,20180302,150240,Final,0
aif181101g.7100.hdf5,70006699,7100,1,0,1,1,20181102,140235,Final,0
aif181101g.7101.hdf5,70006699,7101,1,0,1,0,20181102,140243,Final,0
aif180901g.7100.hdf5,70006700,7100,1,0,1,1,20180902,140210,Final,0
aif180901g.7101.hdf5,70006700,7101,1,0,1,0,20180902,140218,Final,0
aif180402g.7100.hdf5,70006701,7100,1,0,1,1,20180404,140100,Final,0
aif180802g.7100.hdf5,70006702,7100,1,0,1,1,20180803,140218,Final,0
aif180802g.7101.hdf5,70006702,7101,1,0,1,0,20180803,140226,Final,0
aif180202g.7100.hdf5,70006703,7100,1,0,1,1,20180203,150332,Final,0
aif180102g.7100.hdf5,70006704,7100,1,0,1,1,20180103,150300,Final,0
aif180702g.7100.hdf5,70006705,7100,1,0,1,1,20180703,140129,Final,0
aif180702g.7101.hdf5,70006705,7101,1,0,1,0,20180703,140136,Final,0
aif180602g.7100.hdf5,70006706,7100,1,0,1,1,20180603,140206,Final,0
aif180302g.7100.hdf5,70006707,7100,1,0,1,1,20180303,150427,Final,0
aif181102g.7100.hdf5,70006708,7100,1,0,1,1,20181103,140343,Final,0
aif181102g.7101.hdf5,70006708,7101,1,0,1,0,20181103,140351,Final,0
aif180902g.7100.hdf5,70006709,7100,1,0,1,1,20180903,140211,Final,0
aif180902g.7101.hdf5,70006709,7101,1,0,1,0,20180903,140218,Final,0
aif180403g.7100.hdf5,70006710,7100,1,0,1,1,20180404,140148,Final,0
aif181203g.7100.hdf5,70006711,7100,1,0,1,1,20181204,150353,Final,0
aif181203g.7101.hdf5,70006711,7101,1,0,1,0,20181204,150401,Final,0
aif180203g.7100.hdf5,70006712,7100,1,0,1,1,20180204,150304,Final,0
aif180103g.7100.hdf5,70006713,7100,1,0,1,1,20180104,150310,Final,0
aif180703g.7100.hdf5,70006714,7100,1,0,1,1,20180705,140139,Final,0
aif180703g.7101.hdf5,70006714,7101,1,0,1,0,20180705,140147,Final,0
aif180603g.7100.hdf5,70006715,7100,1,0,1,1,20180604,140222,Final,0
aif180303g.7100.hdf5,70006716,7100,1,0,1,1,20180304,150143,Final,0
aif181103g.7100.hdf5,70006717,7100,1,0,1,1,20181104,150224,Final,0
aif181103g.7101.hdf5,70006717,7101,1,0,1,0,20181104,150231,Final,0
aif181003g.7100.hdf5,70006718,7100,1,0,1,1,20181004,140246,Final,0
aif181003g.7101.hdf5,70006718,7101,1,0,1,0,20181004,140254,Final,0
aif180903g.7100.hdf5,70006719,7100,1,0,1,1,20180904,140108,Final,0
aif180903g.7101.hdf5,70006719,7101,1,0,1,0,20180904,140115,Final,0
aif180404g.7100.hdf5,70006720,7100,1,0,1,1,20180405,140110,Final,0
aif181204g.7100.hdf5,70006721,7100,1,0,1,1,20181205,150414,Final,0
aif181204g.7101.hdf5,70006721,7101,1,0,1,0,20181205,150422,Final,0
aif180204g.7100.hdf5,70006722,7100,1,0,1,1,20180205,150246,Final,0
aif180104g.7100.hdf5,70006723,7100,1,0,1,1,20180105,150059,Final,0
aif180704g.7100.hdf5,70006724,7100,1,0,1,1,20180705,140251,Final,0
aif180704g.7101.hdf5,70006724,7101,1,0,1,0,20180705,140258,Final,0
aif180604g.7100.hdf5,70006725,7100,1,0,1,1,20180605,140200,Final,0
aif181104g.7100.hdf5,70006726,7100,1,0,1,1,20181105,150236,Final,0
aif181104g.7101.hdf5,70006726,7101,1,0,1,0,20181105,150243,Final,0
aif181004g.7100.hdf5,70006727,7100,1,0,1,1,20181005,140258,Final,0
aif181004g.7101.hdf5,70006727,7101,1,0,1,0,20181005,140307,Final,0
aif180904g.7100.hdf5,70006728,7100,1,0,1,1,20180905,140446,Final,0
aif180904g.7101.hdf5,70006728,7101,1,0,1,0,20180905,140453,Final,0
aif180405g.7100.hdf5,70006729,7100,1,0,1,1,20180406,140111,Final,0
aif181205g.7100.hdf5,70006730,7100,1,0,1,1,20181206,150335,Final,0
aif181205g.7101.hdf5,70006730,7101,1,0,1,0,20181206,150343,Final,0
aif180205g.7100.hdf5,70006731,7100,1,0,1,1,20180206,150307,Final,0
aif180105g.7100.hdf5,70006732,7100,1,0,1,1,20180106,150342,Final,0
aif180705g.7100.hdf5,70006733,7100,1,0,1,1,20180706,140120,Final,0
aif180705g.7101.hdf5,70006733,7101,1,0,1,0,20180706,140127,Final,0
aif180605g.7100.hdf5,70006734,7100,1,0,1,1,20180606,140058,Final,0
aif180305g.7100.hdf5,70006735,7100,1,0,1,1,20180306,150146,Final,0
aif181105g.7100.hdf5,70006736,7100,1,0,1,1,20181106,150225,Final,0
aif181105g.7101.hdf5,70006736,7101,1,0,1,0,20181106,150232,Final,0
aif181005g.7100.hdf5,70006737,7100,1,0,1,1,20181006,140516,Final,0
aif181005g.7101.hdf5,70006737,7101,1,0,1,0,20181006,140524,Final,0
aif180905g.7100.hdf5,70006738,7100,1,0,1,1,20180906,140229,Final,0
aif180905g.7101.hdf5,70006738,7101,1,0,1,0,20180906,140236,Final,0
aif180406g.7100.hdf5,70006739,7100,1,0,1,1,20180407,140116,Final,0
aif180806g.7100.hdf5,70006740,7100,1,0,1,1,20180807,140214,Final,0
aif180806g.7101.hdf5,70006740,7101,1,0,1,0,20180807,140221,Final,0
aif181206g.7100.hdf5,70006741,7100,1,0,1,1,20181207,150354,Final,0
aif181206g.7101.hdf5,70006741,7101,1,0,1,0,20181207,150402,Final,0
aif180206g.7100.hdf5,70006742,7100,1,0,1,1,20180207,150316,Final,0
aif180106g.7100.hdf5,70006743,7100,1,0,1,1,20180107,150324,Final,0
aif180706g.7100.hdf5,70006744,7100,1,0,1,1,20180707,140327,Final,0
aif180706g.7101.hdf5,70006744,7101,1,0,1,0,20180707,140335,Final,0
aif180606g.7100.hdf5,70006745,7100,1,0,1,1,20180607,140216,Final,0
aif180306g.7100.hdf5,70006746,7100,1,0,1,1,20180307,150158,Final,0
aif181106g.7100.hdf5,70006747,7100,1,0,1,1,20181107,150247,Final,0
aif181106g.7101.hdf5,70006747,7101,1,0,1,0,20181107,150254,Final,0
aif181006g.7100.hdf5,70006748,7100,1,0,1,1,20181007,140246,Final,0
aif181006g.7101.hdf5,70006748,7101,1,0,1,0,20181007,140255,Final,0
aif180906g.7100.hdf5,70006749,7100,1,0,1,1,20180907,140212,Final,0
aif180906g.7101.hdf5,70006749,7101,1,0,1,0,20180907,140220,Final,0
aif180407g.7100.hdf5,70006750,7100,1,0,1,1,20180408,140100,Final,0
aif180807g.7100.hdf5,70006751,7100,1,0,1,1,20180808,140222,Final,0
aif180807g.7101.hdf5,70006751,7101,1,0,1,0,20180808,140230,Final,0
aif181207g.7100.hdf5,70006752,7100,1,0,1,1,20181208,150413,Final,0
aif181207g.7101.hdf5,70006752,7101,1,0,1,0,20181208,150420,Final,0
aif180207g.7100.hdf5,70006753,7100,1,0,1,1,20180208,150242,Final,0
aif180107g.7100.hdf5,70006754,7100,1,0,1,1,20180108,150245,Final,0
aif180707g.7100.hdf5,70006755,7100,1,0,1,1,20180708,140239,Final,0
aif180707g.7101.hdf5,70006755,7101,1,0,1,0,20180708,140247,Final,0
aif180607g.7100.hdf5,70006756,7100,1,0,1,1,20180608,140207,Final,0
aif181107g.7100.hdf5,70006757,7100,1,0,1,1,20181108,150157,Final,0
aif181107g.7101.hdf5,70006757,7101,1,0,1,0,20181108,150205,Final,0
aif181007g.7100.hdf5,70006758,7100,1,0,1,1,20181008,140258,Final,0
aif181007g.7101.hdf5,70006758,7101,1,0,1,0,20181008,140307,Final,0
aif180907g.7100.hdf5,70006759,7100,1,0,1,1,20180908,140327,Final,0
aif180907g.7101.hdf5,70006759,7101,1,0,1,0,20180908,140335,Final,0
aif180408g.7100.hdf5,70006760,7100,1,0,1,1,20180409,140056,Final,0
aif180808g.7100.hdf5,70006761,7100,1,0,1,1,20180809,140116,Final,0
aif180808g.7101.hdf5,70006761,7101,1,0,1,0,20180809,140123,Final,0
aif181208g.7100.hdf5,70006762,7100,1,0,1,1,20181209,150346,Final,0
aif181208g.7101.hdf5,70006762,7101,1,0,1,0,20181209,150353,Final,0
aif180208g.7100.hdf5,70006763,7100,1,0,1,1,20180209,150324,Final,0
aif180108g.7100.hdf5,70006764,7100,1,0,1,1,20180109,150308,Final,0
aif180708g.7100.hdf5,70006765,7100,1,0,1,1,20180709,140538,Final,0
aif180708g.7101.hdf5,70006765,7101,1,0,1,0,20180709,140545,Final,0
aif180608g.7100.hdf5,70006766,7100,1,0,1,1,20180609,140308,Final,0
aif180308g.7100.hdf5,70006767,7100,1,0,1,1,20190112,150402,Final,0
aif181108g.7100.hdf5,70006768,7100,1,0,1,1,20181109,150236,Final,0
aif181108g.7101.hdf5,70006768,7101,1,0,1,0,20181109,150243,Final,0
aif181008g.7100.hdf5,70006769,7100,1,0,1,1,20181009,140242,Final,0
aif181008g.7101.hdf5,70006769,7101,1,0,1,0,20181009,140250,Final,0
aif180908g.7100.hdf5,70006770,7100,1,0,1,1,20180909,140215,Final,0
aif180908g.7101.hdf5,70006770,7101,1,0,1,0,20180909,140222,Final,0
aif180409g.7100.hdf5,70006771,7100,1,0,1,1,20180410,140059,Final,0
aif180809g.7100.hdf5,70006772,7100,1,0,1,1,20180810,140221,Final,0
aif180809g.7101.hdf5,70006772,7101,1,0,1,0,20180810,140229,Final,0
aif181209g.7100.hdf5,70006773,7100,1,0,1,1,20181210,150359,Final,0
aif181209g.7101.hdf5,70006773,7101,1,0,1,0,20181210,150406,Final,0
aif180209g.7100.hdf5,70006774,7100,1,0,1,1,20180210,150338,Final,0
aif180109g.7100.hdf5,70006775,7100,1,0,1,1,20180110,150319,Final,0
aif180609g.7100.hdf5,70006776,7100,1,0,1,1,20180610,140205,Final,0
aif180309g.7100.hdf5,70006777,7100,1,0,1,1,20180310,150306,Final,0
aif181109g.7100.hdf5,70006778,7100,1,0,1,1,20181110,150219,Final,0
aif181109g.7101.hdf5,70006778,7101,1,0,1,0,20181110,150226,Final,0
aif181009g.7100.hdf5,70006779,7100,1,0,1,1,20181010,140221,Final,0
aif181009g.7101.hdf5,70006779,7101,1,0,1,0,20181010,140228,Final,0
aif180909g.7100.hdf5,70006780,7100,1,0,1,1,20180910,140214,Final,0
aif180909g.7101.hdf5,70006780,7101,1,0,1,0,20180910,140222,Final,0
aif180410g.7100.hdf5,70006781,7100,1,0,1,1,20180411,140104,Final,0
aif180810g.7100.hdf5,70006782,7100,1,0,1,1,20180811,140430,Final,0
aif180810g.7101.hdf5,70006782,7101,1,0,1,0,20180811,140438,Final,0
aif181210g.7100.hdf5,70006783,7100,1,0,1,1,20181211,150116,Final,0
aif181210g.7101.hdf5,70006783,7101,1,0,1,0,20181211,150123,Final,0
aif180210g.7100.hdf5,70006784,7100,1,0,1,1,20180211,150247,Final,0
aif180110g.7100.hdf5,70006785,7100,1,0,1,1,20180111,150325,Final,0
aif180610g.7100.hdf5,70006786,7100,1,0,1,1,20180611,140209,Final,0
aif181110g.7100.hdf5,70006787,7100,1,0,1,1,20181111,150248,Final,0
aif181110g.7101.hdf5,70006787,7101,1,0,1,0,20181111,150256,Final,0
aif181010g.7100.hdf5,70006788,7100,1,0,1,1,20181011,140226,Final,0
aif181010g.7101.hdf5,70006788,7101,1,0,1,0,20181011,140234,Final,0
aif180910g.7100.hdf5,70006789,7100,1,0,1,1,20180911,140115,Final,0
aif180910g.7101.hdf5,70006789,7101,1,0,1,0,20180911,140123,Final,0
aif180411g.7100.hdf5,70006790,7100,1,0,1,1,20180412,140100,Final,0
aif180811g.7100.hdf5,70006791,7100,1,0,1,1,20180812,140220,Final,0
aif180811g.7101.hdf5,70006791,7101,1,0,1,0,20180812,140227,Final,0
aif181211g.7100.hdf5,70006792,7100,1,0,1,1,20181212,150112,Final,0
aif181211g.7101.hdf5,70006792,7101,1,0,1,0,20181212,150120,Final,0
aif180211g.7100.hdf5,70006793,7100,1,0,1,1,20180212,150321,Final,0
aif180111g.7100.hdf5,70006794,7100,1,0,1,1,20180112,150345,Final,0
aif180611g.7100.hdf5,70006795,7100,1,0,1,1,20180612,140207,Final,0
aif181111g.7100.hdf5,70006796,7100,1,0,1,1,20181112,150235,Final,0
aif181111g.7101.hdf5,70006796,7101,1,0,1,0,20181112,150243,Final,0
aif181011g.7100.hdf5,70006797,7100,1,0,1,1,20181013,140508,Final,0
aif181011g.7101.hdf5,70006797,7101,1,0,1,0,20181013,140514,Final,0
aif180911g.7100.hdf5,70006798,7100,1,0,1,1,20180912,140113,Final,0
aif180911g.7101.hdf5,70006798,7101,1,0,1,0,20180912,140120,Final,0
aif180412g.7100.hdf5,70006799,7100,1,0,1,1,20180413,140058,Final,0
aif180812g.7100.hdf5,70006800,7100,1,0,1,1,20180813,140329,Final,0
aif180812g.7101.hdf5,70006800,7101,1,0,1,0,20180813,140336,Final,0
aif181212g.7100.hdf5,70006801,7100,1,0,1,1,20181213,150400,Final,0
aif181212g.7101.hdf5,70006801,7101,1,0,1,0,20181213,150407,Final,0
aif180212g.7100.hdf5,70006802,7100,1,0,1,1,20180213,150326,Final,0
aif180112g.7100.hdf5,70006803,7100,1,0,1,1,20180113,150249,Final,0
aif180712g.7100.hdf5,70006804,7100,1,0,1,1,20180713,140237,Final,0
aif180712g.7101.hdf5,70006804,7101,1,0,1,0,20180713,140245,Final,0
aif180312g.7100.hdf5,70006805,7100,1,0,1,1,20180313,140117,Final,0
aif181112g.7100.hdf5,70006806,7100,1,0,1,1,20181113,150135,Final,0
aif181112g.7101.hdf5,70006806,7101,1,0,1,0,20181113,150143,Final,0
aif181012g.7100.hdf5,70006807,7100,1,0,1,1,20181013,140407,Final,0
aif181012g.7101.hdf5,70006807,7101,1,0,1,0,20181013,140414,Final,0
aif180912g.7100.hdf5,70006808,7100,1,0,1,1,20180918,140105,Final,0
aif180912g.7101.hdf5,70006808,7101,1,0,1,0,20180918,140112,Final,0
aif180413g.7100.hdf5,70006809,7100,1,0,1,1,20180414,140109,Final,0
aif180813g.7100.hdf5,70006810,7100,1,0,1,1,20180814,140230,Final,0
aif180813g.7101.hdf5,70006810,7101,1,0,1,0,20180814,140237,Final,0
aif181213g.7100.hdf5,70006811,7100,1,0,1,1,20181214,150322,Final,0
aif181213g.7101.hdf5,70006811,7101,1,0,1,0,20181214,150329,Final,0
aif180213g.7100.hdf5,70006812,7100,1,0,1,1,20180214,150304,Final,0
aif180113g.7100.hdf5,70006813,7100,1,0,1,1,20180114,150340,Final,0
aif180713g.7100.hdf5,70006814,7100,1,0,1,1,20180714,140409,Final,0
aif180713g.7101.hdf5,70006814,7101,1,0,1,0,20180714,140417,Final,0
aif180612g.7100.hdf5,70006815,7100,1,0,1,1,20180613,140210,Final,0
aif180612g.7101.hdf5,70006815,7101,1,0,1,0,20180613,140217,Final,0
aif180613g.7100.hdf5,70006816,7100,1,0,1,1,20180614,140323,Final,0
aif180613g.7101.hdf5,70006816,7101,1,0,1,0,20180614,140330,Final,0
aif180313g.7100.hdf5,70006817,7100,1,0,1,1,20180314,140112,Final,0
aif181113g.7100.hdf5,70006818,7100,1,0,1,1,20181114,150238,Final,0
aif181113g.7101.hdf5,70006818,7101,1,0,1,0,20181114,150245,Final,0
aif181013g.7100.hdf5,70006819,7100,1,0,1,1,20181014,140227,Final,0
aif181013g.7101.hdf5,70006819,7101,1,0,1,0,20181014,140233,Final,0
aif180913g.7100.hdf5,70006820,7100,1,0,1,1,20180914,140312,Final,0
aif180913g.7101.hdf5,70006820,7101,1,0,1,0,20180914,140320,Final,0
aif180414g.7100.hdf5,70006821,7100,1,0,1,1,20180415,140059,Final,0
aif180814g.7100.hdf5,70006822,7100,1,0,1,1,20180815,141046,Final,0
aif180814g.7101.hdf5,70006822,7101,1,0,1,0,20180815,141054,Final,0
aif181214g.7100.hdf5,70006823,7100,1,0,1,1,20181215,150340,Final,0
aif181214g.7101.hdf5,70006823,7101,1,0,1,0,20181215,150348,Final,0
aif180214g.7100.hdf5,70006824,7100,1,0,1,1,20180215,150317,Final,0
aif180114g.7100.hdf5,70006825,7100,1,0,1,1,20180115,150335,Final,0
aif180714g.7100.hdf5,70006826,7100,1,0,1,1,20180715,140234,Final,0
aif180714g.7101.hdf5,70006826,7101,1,0,1,0,20180715,140242,Final,0
aif180614g.7100.hdf5,70006827,7100,1,0,1,1,20180615,140453,Final,0
aif180614g.7101.hdf5,70006827,7101,1,0,1,0,20180615,140500,Final,0
aif180314g.7100.hdf5,70006828,7100,1,0,1,1,20180315,140224,Final,0
aif181114g.7100.hdf5,70006829,7100,1,0,1,1,20181115,150243,Final,0
aif181114g.7101.hdf5,70006829,7101,1,0,1,0,20181115,150250,Final,0
aif181014g.7100.hdf5,70006830,7100,1,0,1,1,20181015,140230,Final,0
aif181014g.7101.hdf5,70006830,7101,1,0,1,0,20181015,140237,Final,0
aif180914g.7100.hdf5,70006831,7100,1,0,1,1,20180915,140245,Final,0
aif180914g.7101.hdf5,70006831,7101,1,0,1,0,20180915,140252,Final,0
aif180415g.7100.hdf5,70006832,7100,1,0,1,1,20180416,140102,Final,0
aif180815g.7100.hdf5,70006833,7100,1,0,1,1,20180816,143629,Final,0
aif180815g.7101.hdf5,70006833,7101,1,0,1,0,20180816,143638,Final,0
aif181215g.7100.hdf5,70006834,7100,1,0,1,1,20181216,150334,Final,0
aif181215g.7101.hdf5,70006834,7101,1,0,1,0,20181216,150342,Final,0
aif180215g.7100.hdf5,70006835,7100,1,0,1,1,20180216,150249,Final,0
aif180115g.7100.hdf5,70006836,7100,1,0,1,1,20190112,150654,Final,0
aif180715g.7100.hdf5,70006837,7100,1,0,1,1,20180716,140253,Final,0
aif180715g.7101.hdf5,70006837,7101,1,0,1,0,20180716,140301,Final,0
aif180615g.7100.hdf5,70006838,7100,1,0,1,1,20180616,140310,Final,0
aif180615g.7101.hdf5,70006838,7101,1,0,1,0,20180616,140318,Final,0
aif180315g.7100.hdf5,70006839,7100,1,0,1,1,20180316,140235,Final,0
aif181015g.7100.hdf5,70006840,7100,1,0,1,1,20181016,140730,Final,0
aif181015g.7101.hdf5,70006840,7101,1,0,1,0,20181016,140737,Final,0
aif180915g.7100.hdf5,70006841,7100,1,0,1,1,20180916,140232,Final,0
aif180915g.7101.hdf5,70006841,7101,1,0,1,0,20180916,140239,Final,0
aif180416g.7100.hdf5,70006842,7100,1,0,1,1,20180417,140102,Final,0
aif180816g.7100.hdf5,70006843,7100,1,0,1,1,20180817,140232,Final,0
aif180816g.7101.hdf5,70006843,7101,1,0,1,0,20180817,140239,Final,0
aif181216g.7100.hdf5,70006844,7100,1,0,1,1,20181217,150114,Final,0
aif181216g.7101.hdf5,70006844,7101,1,0,1,0,20181217,150122,Final,0
aif180216g.7100.hdf5,70006845,7100,1,0,1,1,20180217,150442,Final,0
aif180116g.7100.hdf5,70006846,7100,1,0,1,1,20180117,150317,Final,0
aif180716g.7100.hdf5,70006847,7100,1,0,1,1,20180717,140131,Final,0
aif180716g.7101.hdf5,70006847,7101,1,0,1,0,20180717,140139,Final,0
aif180616g.7100.hdf5,70006848,7100,1,0,1,1,20180617,140245,Final,0
aif180616g.7101.hdf5,70006848,7101,1,0,1,0,20180617,140252,Final,0
aif180316g.7100.hdf5,70006849,7100,1,0,1,1,20180317,140127,Final,0
aif181115g.7100.hdf5,70006850,7100,1,0,1,1,20181116,150214,Final,0
aif181115g.7101.hdf5,70006850,7101,1,0,1,0,20181116,150222,Final,0
aif181016g.7100.hdf5,70006851,7100,1,0,1,1,20181017,140235,Final,0
aif181016g.7101.hdf5,70006851,7101,1,0,1,0,20181017,140242,Final,0
aif180916g.7100.hdf5,70006852,7100,1,0,1,1,20180917,140215,Final,0
aif180916g.7101.hdf5,70006852,7101,1,0,1,0,20180917,140223,Final,0
aif180417g.7100.hdf5,70006853,7100,1,0,1,1,20180419,170822,Final,0
aif180817g.7100.hdf5,70006854,7100,1,0,1,1,20180818,140252,Final,0
aif180817g.7101.hdf5,70006854,7101,1,0,1,0,20180818,140259,Final,0
aif181217g.7100.hdf5,70006855,7100,1,0,1,1,20181218,150328,Final,0
aif181217g.7101.hdf5,70006855,7101,1,0,1,0,20181218,150335,Final,0
aif180217g.7100.hdf5,70006856,7100,1,0,1,1,20180218,150210,Final,0
aif180117g.7100.hdf5,70006857,7100,1,0,1,1,20180118,150310,Final,0
aif180717g.7100.hdf5,70006858,7100,1,0,1,1,20180718,140221,Final,0
aif180717g.7101.hdf5,70006858,7101,1,0,1,0,20180718,140228,Final,0
aif180617g.7100.hdf5,70006859,7100,1,0,1,1,20180618,140238,Final,0
aif180617g.7101.hdf5,70006859,7101,1,0,1,0,20180618,140245,Final,0
aif180317g.7100.hdf5,70006860,7100,1,0,1,1,20180318,140126,Final,0
aif180517g.7100.hdf5,70006861,7100,1,0,1,1,20180518,140344,Final,0
aif181017g.7100.hdf5,70006862,7100,1,0,1,1,20181018,140233,Final,0
aif181017g.7101.hdf5,70006862,7101,1,0,1,0,20181018,140240,Final,0
aif180917g.7100.hdf5,70006863,7100,1,0,1,1,20180918,140204,Final,0
aif180917g.7101.hdf5,70006863,7101,1,0,1,0,20180918,140211,Final,0
aif180418g.7100.hdf5,70006864,7100,1,0,1,1,20180419,170902,Final,0
aif180818g.7100.hdf5,70006865,7100,1,0,1,1,20180819,140116,Final,0
aif180818g.7101.hdf5,70006865,7101,1,0,1,0,20180819,140124,Final,0
aif181218g.7100.hdf5,70006866,7100,1,0,1,1,20181219,150353,Final,0
aif181218g.7101.hdf5,70006866,7101,1,0,1,0,20181219,150401,Final,0
aif180218g.7100.hdf5,70006867,7100,1,0,1,1,20180219,150340,Final,0
aif180118g.7100.hdf5,70006868,7100,1,0,1,1,20180119,150327,Final,0
aif180718g.7100.hdf5,70006869,7100,1,0,1,1,20180719,140205,Final,0
aif180718g.7101.hdf5,70006869,7101,1,0,1,0,20180719,140213,Final,0
aif180318g.7100.hdf5,70006870,7100,1,0,1,1,20180319,140120,Final,0
aif180518g.7100.hdf5,70006871,7100,1,0,1,1,20180519,140251,Final,0
aif181018g.7100.hdf5,70006872,7100,1,0,1,1,20181019,140220,Final,0
aif181018g.7101.hdf5,70006872,7101,1,0,1,0,20181019,140228,Final,0
aif180918g.7100.hdf5,70006873,7100,1,0,1,1,20180919,140312,Final,0
aif180918g.7101.hdf5,70006873,7101,1,0,1,0,20180919,140320,Final,0
aif180419g.7100.hdf5,70006874,7100,1,0,1,1,20180420,140054,Final,0
aif180819g.7100.hdf5,70006875,7100,1,0,1,1,20180820,140115,Final,0
aif180819g.7101.hdf5,70006875,7101,1,0,1,0,20180820,140122,Final,0
aif181219g.7100.hdf5,70006876,7100,1,0,1,1,20181220,150345,Final,0
aif181219g.7101.hdf5,70006876,7101,1,0,1,0,20181220,150352,Final,0
aif180219g.7100.hdf5,70006877,7100,1,0,1,1,20180220,150250,Final,0
aif180119g.7100.hdf5,70006878,7100,1,0,1,1,20180120,150357,Final,0
aif180719g.7100.hdf5,70006879,7100,1,0,1,1,20180720,140206,Final,0
aif180719g.7101.hdf5,70006879,7101,1,0,1,0,20180720,140213,Final,0
aif180619g.7100.hdf5,70006880,7100,1,0,1,1,20180620,140716,Final,0
aif180619g.7101.hdf5,70006880,7101,1,0,1,0,20180620,140723,Final,0
aif180319g.7100.hdf5,70006881,7100,1,0,1,1,20180320,140122,Final,0
aif180519g.7100.hdf5,70006882,7100,1,0,1,1,20180520,140206,Final,0
aif181119g.7100.hdf5,70006883,7100,1,0,1,1,20181120,150214,Final,0
aif181119g.7101.hdf5,70006883,7101,1,0,1,0,20181120,150222,Final,0
aif181019g.7100.hdf5,70006884,7100,1,0,1,1,20181021,140322,Final,0
aif181019g.7101.hdf5,70006884,7101,1,0,1,0,20181021,140329,Final,0
aif180919g.7100.hdf5,70006885,7100,1,0,1,1,20180920,140217,Final,0
aif180919g.7101.hdf5,70006885,7101,1,0,1,0,20180920,140224,Final,0
aif180420g.7100.hdf5,70006886,7100,1,0,1,1,20180421,140225,Final,0
aif180820g.7100.hdf5,70006887,7100,1,0,1,1,20180821,140107,Final,0
aif180820g.7101.hdf5,70006887,7101,1,0,1,0,20180821,140115,Final,0
aif181220g.7100.hdf5,70006888,7100,1,0,1,1,20181221,150332,Final,0
aif181220g.7101.hdf5,70006888,7101,1,0,1,0,20181221,150339,Final,0
aif180220g.7100.hdf5,70006889,7100,1,0,1,1,20180221,150315,Final,0
aif180120g.7100.hdf5,70006890,7100,1,0,1,1,20180121,150335,Final,0
aif180720g.7100.hdf5,70006891,7100,1,0,1,1,20180721,140323,Final,0
aif180720g.7101.hdf5,70006891,7101,1,0,1,0,20180721,140330,Final,0
aif180620g.7100.hdf5,70006892,7100,1,0,1,1,20180621,140223,Final,0
aif180620g.7101.hdf5,70006892,7101,1,0,1,0,20180621,140230,Final,0
aif180320g.7100.hdf5,70006893,7100,1,0,1,1,20180321,140226,Final,0
aif180520g.7100.hdf5,70006894,7100,1,0,1,1,20180521,140214,Final,0
aif181120g.7100.hdf5,70006895,7100,1,0,1,1,20181121,150409,Final,0
aif181120g.7101.hdf5,70006895,7101,1,0,1,0,20181121,150417,Final,0
aif181020g.7100.hdf5,70006896,7100,1,0,1,1,20181021,140426,Final,0
aif181020g.7101.hdf5,70006896,7101,1,0,1,0,20181021,140434,Final,0
aif180920g.7100.hdf5,70006897,7100,1,0,1,1,20180921,140209,Final,0
aif180920g.7101.hdf5,70006897,7101,1,0,1,0,20180921,140216,Final,0
aif180421g.7100.hdf5,70006898,7100,1,0,1,1,20180422,140108,Final,0
aif180821g.7100.hdf5,70006899,7100,1,0,1,1,20180822,140207,Final,0
aif180821g.7101.hdf5,70006899,7101,1,0,1,0,20180822,140215,Final,0
aif181221g.7100.hdf5,70006900,7100,1,0,1,1,20181222,150423,Final,0
aif181221g.7101.hdf5,70006900,7101,1,0,1,0,20181222,150430,Final,0
aif180221g.7100.hdf5,70006901,7100,1,0,1,1,20180222,150344,Final,0
aif180121g.7100.hdf5,70006902,7100,1,0,1,1,20180122,150336,Final,0
aif180721g.7100.hdf5,70006903,7100,1,0,1,1,20180722,140213,Final,0
aif180721g.7101.hdf5,70006903,7101,1,0,1,0,20180722,140220,Final,0
aif180621g.7100.hdf5,70006904,7100,1,0,1,1,20180622,140219,Final,0
aif180621g.7101.hdf5,70006904,7101,1,0,1,0,20180622,140226,Final,0
aif180321g.7100.hdf5,70006905,7100,1,0,1,1,20180322,140113,Final,0
aif181121g.7100.hdf5,70006906,7100,1,0,1,1,20181122,150405,Final,0
aif181121g.7101.hdf5,70006906,7101,1,0,1,0,20181122,150413,Final,0
aif181021g.7100.hdf5,70006907,7100,1,0,1,1,20181022,140236,Final,0
aif181021g.7101.hdf5,70006907,7101,1,0,1,0,20181022,140244,Final,0
aif180921g.7100.hdf5,70006908,7100,1,0,1,1,20180922,140229,Final,0
aif180921g.7101.hdf5,70006908,7101,1,0,1,0,20180922,140237,Final,0
aif180422g.7100.hdf5,70006909,7100,1,0,1,1,20180423,140119,Final,0
aif180822g.7100.hdf5,70006910,7100,1,0,1,1,20180823,140215,Final,0
aif180822g.7101.hdf5,70006910,7101,1,0,1,0,20180823,140222,Final,0
aif181222g.7100.hdf5,70006911,7100,1,0,1,1,20181223,150403,Final,0
aif181222g.7101.hdf5,70006911,7101,1,0,1,0,20181223,150410,Final,0
aif180222g.7100.hdf5,70006912,7100,1,0,1,1,20180223,150318,Final,0
aif180122g.7100.hdf5,70006913,7100,1,0,1,1,20180124,150523,Final,0
aif180722g.7100.hdf5,70006914,7100,1,0,1,1,20180723,140318,Final,0
aif180722g.7101.hdf5,70006914,7101,1,0,1,0,20180723,140326,Final,0
aif180622g.7100.hdf5,70006915,7100,1,0,1,1,20180623,140237,Final,0
aif180622g.7101.hdf5,70006915,7101,1,0,1,0,20180623,140245,Final,0
aif180322g.7100.hdf5,70006916,7100,1,0,1,1,20180323,140115,Final,0
aif181122g.7100.hdf5,70006917,7100,1,0,1,1,20181123,150341,Final,0
aif181122g.7101.hdf5,70006917,7101,1,0,1,0,20181123,150349,Final,0
aif181022g.7100.hdf5,70006918,7100,1,0,1,1,20181023,140215,Final,0
aif181022g.7101.hdf5,70006918,7101,1,0,1,0,20181023,140222,Final,0
aif180922g.7100.hdf5,70006919,7100,1,0,1,1,20180923,140219,Final,0
aif180922g.7101.hdf5,70006919,7101,1,0,1,0,20180923,140226,Final,0
aif180423g.7100.hdf5,70006920,7100,1,0,1,1,20190112,150459,Final,0
aif180823g.7100.hdf5,70006921,7100,1,0,1,1,20180824,140230,Final,0
aif180823g.7101.hdf5,70006921,7101,1,0,1,0,20180824,140238,Final,0
aif181223g.7100.hdf5,70006922,7100,1,0,1,1,20181224,150332,Final,0
aif181223g.7101.hdf5,70006922,7101,1,0,1,0,20181224,150339,Final,0
aif180223g.7100.hdf5,70006923,7100,1,0,1,1,20180224,150353,Final,0
aif180123g.7100.hdf5,70006924,7100,1,0,1,1,20180124,150612,Final,0
aif180723g.7100.hdf5,70006925,7100,1,0,1,1,20180724,140111,Final,0
aif180723g.7101.hdf5,70006925,7101,1,0,1,0,20180724,140118,Final,0
aif180623g.7100.hdf5,70006926,7100,1,0,1,1,20180624,140222,Final,0
aif180623g.7101.hdf5,70006926,7101,1,0,1,0,20180624,140230,Final,0
aif180323g.7100.hdf5,70006927,7100,1,0,1,1,20180324,140219,Final,0
aif180523g.7100.hdf5,70006928,7100,1,0,1,1,20190112,150553,Final,0
aif181123g.7100.hdf5,70006929,7100,1,0,1,1,20181124,150207,Final,0
aif181123g.7101.hdf5,70006929,7101,1,0,1,0,20181124,150214,Final,0
aif181023g.7100.hdf5,70006930,7100,1,0,1,1,20181025,140349,Final,0
aif181023g.7101.hdf5,70006930,7101,1,0,1,0,20181025,140356,Final,0
aif181224g.7100.hdf5,70006931,7100,1,0,1,1,20181225,150438,Final,0
aif181224g.7101.hdf5,70006931,7101,1,0,1,0,20181225,150445,Final,0
aif180224g.7100.hdf5,70006932,7100,1,0,1,1,20180225,150301,Final,0
aif180124g.7100.hdf5,70006933,7100,1,0,1,1,20180125,150320,Final,0
aif180724g.7100.hdf5,70006934,7100,1,0,1,1,20180725,140320,Final,0
aif180724g.7101.hdf5,70006934,7101,1,0,1,0,20180725,140327,Final,0
aif180624g.7100.hdf5,70006935,7100,1,0,1,1,20180625,140203,Final,0
aif180624g.7101.hdf5,70006935,7101,1,0,1,0,20180625,140211,Final,0
aif180324g.7100.hdf5,70006936,7100,1,0,1,1,20180325,140058,Final,0
aif180524g.7100.hdf5,70006937,7100,1,0,1,1,20180525,140205,Final,0
aif181124g.7100.hdf5,70006938,7100,1,0,1,1,20181125,150127,Final,0
aif181124g.7101.hdf5,70006938,7101,1,0,1,0,20181125,150135,Final,0
aif181024g.7100.hdf5,70006939,7100,1,0,1,1,20181025,140243,Final,0
aif181024g.7101.hdf5,70006939,7101,1,0,1,0,20181025,140251,Final,0
aif180924g.7100.hdf5,70006940,7100,1,0,1,1,20180925,140205,Final,0
aif180924g.7101.hdf5,70006940,7101,1,0,1,0,20180925,140212,Final,0
aif180825g.7100.hdf5,70006941,7100,1,0,1,1,20180826,140235,Final,0
aif180825g.7101.hdf5,70006941,7101,1,0,1,0,20180826,140242,Final,0
aif181225g.7100.hdf5,70006942,7100,1,0,1,1,20181226,150405,Final,0
aif181225g.7101.hdf5,70006942,7101,1,0,1,0,20181226,150413,Final,0
aif180225g.7100.hdf5,70006943,7100,1,0,1,1,20180226,150251,Final,0
aif180125g.7100.hdf5,70006944,7100,1,0,1,1,20180126,150244,Final,0
aif180725g.7100.hdf5,70006945,7100,1,0,1,1,20180726,140206,Final,0
aif180725g.7101.hdf5,70006945,7101,1,0,1,0,20180726,140213,Final,0
aif180625g.7100.hdf5,70006946,7100,1,0,1,1,20180626,140219,Final,0
aif180625g.7101.hdf5,70006946,7101,1,0,1,0,20180626,140226,Final,0
aif180325g.7100.hdf5,70006947,7100,1,0,1,1,20180326,140106,Final,0
aif180525g.7100.hdf5,70006948,7100,1,0,1,1,20180526,140213,Final,0
aif181125g.7100.hdf5,70006949,7100,1,0,1,1,20181126,150220,Final,0
aif181125g.7101.hdf5,70006949,7101,1,0,1,0,20181126,150228,Final,0
aif181025g.7100.hdf5,70006950,7100,1,0,1,1,20181026,140212,Final,0
aif181025g.7101.hdf5,70006950,7101,1,0,1,0,20181026,140219,Final,0
aif180925g.7100.hdf5,70006951,7100,1,0,1,1,20180926,140205,Final,0
aif180925g.7101.hdf5,70006951,7101,1,0,1,0,20180926,140212,Final,0
aif180826g.7100.hdf5,70006952,7100,1,0,1,1,20180827,140209,Final,0
aif180826g.7101.hdf5,70006952,7101,1,0,1,0,20180827,140216,Final,0
aif181226g.7100.hdf5,70006953,7100,1,0,1,1,20181227,150435,Final,0
aif181226g.7101.hdf5,70006953,7101,1,0,1,0,20181227,150442,Final,0
aif180226g.7100.hdf5,70006954,7100,1,0,1,1,20180227,150314,Final,0
aif180126g.7100.hdf5,70006955,7100,1,0,1,1,20180127,150559,Final,0
aif180726g.7100.hdf5,70006956,7100,1,0,1,1,20180727,140310,Final,0
aif180726g.7101.hdf5,70006956,7101,1,0,1,0,20180727,140317,Final,0
aif180626g.7100.hdf5,70006957,7100,1,0,1,1,20180627,140226,Final,0
aif180626g.7101.hdf5,70006957,7101,1,0,1,0,20180627,140234,Final,0
aif180326g.7100.hdf5,70006958,7100,1,0,1,1,20180327,140102,Final,0
aif180526g.7100.hdf5,70006959,7100,1,0,1,1,20180527,140157,Final,0
aif181126g.7100.hdf5,70006960,7100,1,0,1,1,20181128,150356,Final,0
aif181126g.7101.hdf5,70006960,7101,1,0,1,0,20181128,150404,Final,0
aif181026g.7100.hdf5,70006961,7100,1,0,1,1,20181027,140159,Final,0
aif181026g.7101.hdf5,70006961,7101,1,0,1,0,20181027,140206,Final,0
aif180926g.7100.hdf5,70006962,7100,1,0,1,1,20180927,140214,Final,0
aif180827g.7100.hdf5,70006963,7100,1,0,1,1,20180828,140209,Final,0
aif180827g.7101.hdf5,70006963,7101,1,0,1,0,20180828,140217,Final,0
aif181227g.7100.hdf5,70006964,7100,1,0,1,1,20181228,150353,Final,0
aif181227g.7101.hdf5,70006964,7101,1,0,1,0,20181228,150400,Final,0
aif180227g.7100.hdf5,70006965,7100,1,0,1,1,20180228,150315,Final,0
aif180127g.7100.hdf5,70006966,7100,1,0,1,1,20180128,150238,Final,0
aif180727g.7100.hdf5,70006967,7100,1,0,1,1,20180728,140211,Final,0
aif180727g.7101.hdf5,70006967,7101,1,0,1,0,20180728,140218,Final,0
aif180627g.7100.hdf5,70006968,7100,1,0,1,1,20180628,140254,Final,0
aif180627g.7101.hdf5,70006968,7101,1,0,1,0,20180628,140301,Final,0
aif180327g.7100.hdf5,70006969,7100,1,0,1,1,20180328,140111,Final,0
aif180527g.7100.hdf5,70006970,7100,1,0,1,1,20180528,140214,Final,0
aif181127g.7100.hdf5,70006971,7100,1,0,1,1,20181128,150511,Final,0
aif181127g.7101.hdf5,70006971,7101,1,0,1,0,20181128,150518,Final,0
aif180927g.7100.hdf5,70006972,7100,1,0,1,1,20180929,140529,Final,0
aif180927g.7101.hdf5,70006972,7101,1,0,1,0,20180929,140537,Final,0
aif180828g.7100.hdf5,70006973,7100,1,0,1,1,20180829,140219,Final,0
aif180828g.7101.hdf5,70006973,7101,1,0,1,0,20180829,140226,Final,0
aif181228g.7100.hdf5,70006974,7100,1,0,1,1,20181229,150352,Final,0
aif181228g.7101.hdf5,70006974,7101,1,0,1,0,20181229,150359,Final,0
aif180228g.7100.hdf5,70006975,7100,1,0,1,1,20180301,150259,Final,0
aif180728g.7100.hdf5,70006976,7100,1,0,1,1,20180729,140203,Final,0
aif180728g.7101.hdf5,70006976,7101,1,0,1,0,20180729,140209,Final,0
aif180628g.7100.hdf5,70006977,7100,1,0,1,1,20180629,140223,Final,0
aif180628g.7101.hdf5,70006977,7101,1,0,1,0,20180629,140230,Final,0
aif180328g.7100.hdf5,70006978,7100,1,0,1,1,20180329,140058,Final,0
aif180528g.7100.hdf5,70006979,7100,1,0,1,1,20180529,140158,Final,0
aif181128g.7100.hdf5,70006980,7100,1,0,1,1,20181129,150121,Final,0
aif181128g.7101.hdf5,70006980,7101,1,0,1,0,20181129,150129,Final,0
aif181028g.7100.hdf5,70006981,7100,1,0,1,1,20181029,140223,Final,0
aif181028g.7101.hdf5,70006981,7101,1,0,1,0,20181029,140230,Final,0
aif180928g.7100.hdf5,70006982,7100,1,0,1,1,20180929,140634,Final,0
aif180928g.7101.hdf5,70006982,7101,1,0,1,0,20180929,140641,Final,0
aif180829g.7100.hdf5,70006983,7100,1,0,1,1,20180830,140218,Final,0
aif180829g.7101.hdf5,70006983,7101,1,0,1,0,20180830,140225,Final,0
aif181229g.7100.hdf5,70006984,7100,1,0,1,1,20181230,150345,Final,0
aif181229g.7101.hdf5,70006984,7101,1,0,1,0,20181230,150353,Final,0
aif180129g.7100.hdf5,70006985,7100,1,0,1,1,20180130,150142,Final,0
aif180729g.7100.hdf5,70006986,7100,1,0,1,1,20180730,140217,Final,0
aif180729g.7101.hdf5,70006986,7101,1,0,1,0,20180730,140224,Final,0
aif180629g.7100.hdf5,70006987,7100,1,0,1,1,20180630,140313,Final,0
aif180629g.7101.hdf5,70006987,7101,1,0,1,0,20180630,140320,Final,0
aif180329g.7100.hdf5,70006988,7100,1,0,1,1,20180330,140101,Final,0
aif180529g.7100.hdf5,70006989,7100,1,0,1,1,20180530,140058,Final,0
aif181129g.7100.hdf5,70006990,7100,1,0,1,1,20181130,150700,Final,0
aif181129g.7101.hdf5,70006990,7101,1,0,1,0,20181130,150708,Final,0
aif181029g.7100.hdf5,70006991,7100,1,0,1,1,20181030,140254,Final,0
aif181029g.7101.hdf5,70006991,7101,1,0,1,0,20181030,140302,Final,0
aif180929g.7100.hdf5,70006992,7100,1,0,1,1,20180930,140221,Final,0
aif180929g.7101.hdf5,70006992,7101,1,0,1,0,20180930,140228,Final,0
aif180830g.7100.hdf5,70006993,7100,1,0,1,1,20180831,140208,Final,0
aif180830g.7101.hdf5,70006993,7101,1,0,1,0,20180831,140215,Final,0
aif181230g.7100.hdf5,70006994,7100,1,0,1,1,20181231,150350,Final,0
aif181230g.7101.hdf5,70006994,7101,1,0,1,0,20181231,150357,Final,0
aif180130g.7100.hdf5,70006995,7100,1,0,1,1,20180131,150251,Final,0
aif180630g.7100.hdf5,70006996,7100,1,0,1,1,20180701,140231,Final,0
aif180630g.7101.hdf5,70006996,7101,1,0,1,0,20180701,140239,Final,0
aif180330g.7100.hdf5,70006997,7100,1,0,1,1,20180331,140059,Final,0
aif180530g.7100.hdf5,70006998,7100,1,0,1,1,20180531,140201,Final,0
aif181130g.7100.hdf5,70006999,7100,1,0,1,1,20181201,150427,Final,0
aif181130g.7101.hdf5,70006999,7101,1,0,1,0,20181201,150435,Final,0
aif181030g.7100.hdf5,70007000,7100,1,0,1,1,20181031,140249,Final,0
aif181030g.7101.hdf5,70007000,7101,1,0,1,0,20181031,140256,Final,0
aif180930g.7100.hdf5,70007001,7100,1,0,1,1,20181001,140235,Final,0
aif180930g.7101.hdf5,70007001,7101,1,0,1,0,20181001,140243,Final,0
aif180831g.7100.hdf5,70007002,7100,1,0,1,1,20180901,140234,Final,0
aif180831g.7101.hdf5,70007002,7101,1,0,1,0,20180901,140241,Final,0
aif181231g.7100.hdf5,70007003,7100,1,0,1,1,20190101,150302,Final,0
aif181231g.7101.hdf5,70007003,7101,1,0,1,0,20190101,150309,Final,0
aif180131g.7100.hdf5,70007004,7100,1,0,1,1,20180201,182602,Final,0
aif180331g.7100.hdf5,70007005,7100,1,0,1,1,20180401,140123,Final,0
aif180531g.7100.hdf5,70007006,7100,1,0,1,1,20180601,140204,Final,0
aif181031g.7100.hdf5,70007007,7100,1,0,1,1,20181102,140341,Final,0
aif181031g.7101.hdf5,70007007,7101,1,0,1,0,20181102,140348,Final,0
akl20181106k.001.hdf5,70007008,2002,3,0,1,1,20201126,222030,History,0
akl20181106t.001.hdf5,70007008,10002,3,0,1,0,20201126,222031,History,0
akl20181106k.002.hdf5,70007008,2002,1,0,1,0,20201127,020025,Final,0
akl20181106t.002.hdf5,70007008,10002,1,0,1,0,20201127,020026,Final,0
akl20181108k.001.hdf5,70007009,2002,1,0,1,1,20201117,230646,Final,0
akl20181108t.001.hdf5,70007009,10002,1,0,1,0,20201117,230647,Final,0
akl20180811k.001.hdf5,70007010,2002,1,0,1,1,20201117,215748,Final,0
akl20180811t.001.hdf5,70007010,10002,1,0,1,0,20201117,215750,Final,0
akl20180812k.001.hdf5,70007011,2002,1,0,1,1,20201117,222545,Final,0
akl20180812t.001.hdf5,70007011,10002,1,0,1,0,20201117,222546,Final,0
akl20180614k.001.hdf5,70007012,2002,3,0,1,1,20201028,161118,History,0
akl20180614t.001.hdf5,70007012,10002,3,0,1,0,20201028,161119,History,0
akl20180614k.002.hdf5,70007012,2002,1,0,1,0,20201117,212921,Final,0
akl20180614t.002.hdf5,70007012,10002,1,0,1,0,20201117,212937,Final,0
akl20180316k.001.hdf5,70007013,2002,3,0,1,1,20201126,220830,History,0
akl20180316t.001.hdf5,70007013,10002,3,0,1,0,20201126,220832,History,0
akl20180316k.002.hdf5,70007013,2002,1,0,1,0,20201127,013539,Final,0
akl20180316t.002.hdf5,70007013,10002,1,0,1,0,20201127,013541,Final,0
akl20180317k.001.hdf5,70007014,2002,1,0,1,1,20201117,203017,Final,0
akl20180317t.001.hdf5,70007014,10002,1,0,1,0,20201117,203019,Final,0
akl20180118k.001.hdf5,70007015,2002,3,0,1,1,20201112,164718,History,0
akl20180118t.001.hdf5,70007015,10002,3,0,1,0,20201112,164721,History,0
akl20180118k.002.hdf5,70007015,2002,1,0,1,0,20201117,185406,Final,0
akl20180118t.002.hdf5,70007015,10002,1,0,1,0,20201117,185408,Final,0
akl20180318k.001.hdf5,70007016,2002,3,0,1,1,20201126,221630,History,0
akl20180318t.001.hdf5,70007016,10002,3,0,1,0,20201126,221631,History,0
akl20180318k.002.hdf5,70007016,2002,1,0,1,0,20201127,015235,Final,0
akl20180318t.002.hdf5,70007016,10002,1,0,1,0,20201127,015237,Final,0
akl20180119k.001.hdf5,70007017,2002,3,0,1,1,20201112,172709,History,0
akl20180119t.001.hdf5,70007017,10002,3,0,1,0,20201112,172711,History,0
akl20180119k.002.hdf5,70007017,2002,1,0,1,0,20201117,194035,Final,0
akl20180119t.002.hdf5,70007017,10002,1,0,1,0,20201117,194038,Final,0
akl20180319k.001.hdf5,70007018,2002,1,0,1,1,20201117,204506,Final,0
akl20180319t.001.hdf5,70007018,10002,1,0,1,0,20201117,204507,Final,0
akl20180320k.001.hdf5,70007019,2002,1,0,1,1,20201117,205539,Final,0
akl20180320t.001.hdf5,70007019,10002,1,0,1,0,20201117,205540,Final,0
akl20180924k.001.hdf5,70007020,2002,1,0,1,1,20201117,223944,Final,0
akl20180924t.001.hdf5,70007020,10002,1,0,1,0,20201117,223945,Final,0
aro20180201plg.001.hdf5,70007021,2041,1,0,1,1,20181002,235803,Final,0
aro20180202plg.001.hdf5,70007022,2041,1,0,1,1,20181003,021124,Final,0
aro20180606plg.001.hdf5,70007023,2041,1,0,1,1,20180627,214911,Final,0
aro20180607plg.001.hdf5,70007024,2041,1,0,1,1,20180627,230146,Final,0
aro20181007clpg.000.hdf5,70007025,2020,1,0,1,1,20210405,172820,Preliminary,0
aro20180608plg.001.hdf5,70007026,2041,1,0,1,1,20180628,004550,Final,0
aro20181008clpg.000.hdf5,70007027,2020,1,0,1,1,20210405,190327,Preliminary,0
aro20180809clpg.000.hdf5,70007028,2020,1,0,1,1,20210408,163843,Preliminary,0
aro20181009clpg.000.hdf5,70007029,2020,1,0,1,1,20210405,211542,Preliminary,0
aro20180810clpg.000.hdf5,70007030,2020,1,0,1,1,20210408,182958,Preliminary,0
aro20181010clpg.000.hdf5,70007031,2020,1,0,1,1,20210405,225458,Preliminary,0
aro20180811clpg.000.hdf5,70007032,2020,1,0,1,1,20210408,212529,Preliminary,0
aro20180812clpg.000.hdf5,70007033,2020,1,0,1,1,20210409,002217,Preliminary,0
aro20180612plg.001.hdf5,70007034,2041,1,0,1,1,20180628,020430,Final,0
aro20180612clpg.000.hdf5,70007034,2020,1,0,1,0,20180727,154524,Preliminary,0
aro20180813clpg.000.hdf5,70007035,2020,1,0,1,1,20210409,022623,Preliminary,0
aro20180613plg.001.hdf5,70007036,2041,1,0,1,1,20180628,040106,Final,0
aro20180613clpg.000.hdf5,70007036,2020,1,0,1,0,20180727,160624,Preliminary,0
aro20180614plg.001.hdf5,70007037,2041,1,0,1,1,20180628,063637,Final,0
aro20180614clpg.000.hdf5,70007037,2020,1,0,1,0,20180727,163734,Preliminary,0
aro20180921clpg.000.hdf5,70007038,2020,3,0,1,1,20180921,214214,History,0
aro20180921plg.001.hdf5,70007038,2041,1,0,1,0,20181003,034504,Final,0
aro20180921clpg.001.hdf5,70007038,2020,3,0,1,0,20181026,181828,History,0
aro20180921clpg.002.hdf5,70007038,2020,3,0,1,0,20190228,204442,History,0
aro20180921clpg.003.hdf5,70007038,2020,1,0,1,0,20210321,162940,Preliminary,0
aro20180922clpg.000.hdf5,70007039,2020,3,0,1,1,20180922,014020,History,0
aro20180922plg.001.hdf5,70007039,2040,1,0,1,0,20181003,050243,Final,0
aro20180922clpg.001.hdf5,70007039,2020,3,0,1,0,20181026,184249,History,0
aro20180922clpg.002.hdf5,70007039,2020,3,0,1,0,20190228,211118,History,0
aro20180922clpg.003.hdf5,70007039,2020,1,0,1,0,20210321,180441,Preliminary,0
aro20180723clpg.000.hdf5,70007040,2020,3,0,1,1,20180724,034251,History,0
aro20180723plg.000.hdf5,70007040,2040,1,0,1,0,20180724,172230,Preliminary_Radar_School,0
aro20180723clpg.001.hdf5,70007040,2020,1,0,1,0,20180724,215840,Preliminary_Radar_School,0
aro20180723plg.001.hdf5,70007040,2041,1,0,1,0,20180815,170242,Final,0
aro20180923clpg.000.hdf5,70007041,2020,3,0,1,1,20180923,004011,History,0
aro20180923plg.001.hdf5,70007041,2041,1,0,1,0,20181011,194717,Final,0
aro20180923clpg.001.hdf5,70007041,2020,3,0,1,0,20181026,193057,History,0
aro20180923clpg.002.hdf5,70007041,2020,1,0,1,0,20190228,220446,Preliminary,0
aro20180724clpg.000.hdf5,70007042,2020,3,0,1,1,20180724,040130,History,0
aro20180724clpg.001.hdf5,70007042,2020,1,0,1,0,20180725,125423,Preliminary_Radar_School,0
aro20180724plg.001.hdf5,70007042,2041,1,0,1,0,20180815,184216,Final,0
aro20180924clpg.000.hdf5,70007043,2020,3,0,1,1,20180924,014021,History,0
aro20180924plg.001.hdf5,70007043,2041,1,0,1,0,20181011,225255,Final,0
aro20180924clpg.001.hdf5,70007043,2020,3,0,1,0,20181026,201948,History,0
aro20180924clpg.002.hdf5,70007043,2020,1,0,1,0,20190228,225729,Preliminary,0
aro20180925clpg.000.hdf5,70007044,2020,3,0,1,1,20180925,133931,History,0
aro20180925plg.001.hdf5,70007044,2041,1,0,1,0,20181012,024436,Final,0
aro20180925clpg.001.hdf5,70007044,2020,3,0,1,0,20181026,210828,History,0
aro20180925clpg.002.hdf5,70007044,2020,1,0,1,0,20190228,235119,Preliminary,0
aro20180926clpg.000.hdf5,70007045,2020,3,0,1,1,20180926,030628,History,0
aro20180926plg.001.hdf5,70007045,2041,1,0,1,0,20181012,053946,Final,0
aro20180926clpg.001.hdf5,70007045,2020,3,0,1,0,20181026,215301,History,0
aro20180926clpg.002.hdf5,70007045,2020,1,0,1,0,20190301,003935,Preliminary,0
aro20180129plg.001.hdf5,70007046,2041,1,0,1,1,20181002,145241,Final,0
aro20180130plg.001.hdf5,70007047,2041,1,0,1,1,20181002,171426,Final,0
aro20180131plg.001.hdf5,70007048,2041,1,0,1,1,20181002,204917,Final,0
aai20191201.00001.hdf5,70007049,20,1,0,1,1,20191208,111517,Final,0
aai20191101.00001.hdf5,70007050,20,1,0,1,1,20191208,111022,Final,0
aai20191001.00001.hdf5,70007051,20,1,0,1,1,20191208,101639,Final,0
aai20190901.00001.hdf5,70007052,20,1,0,1,1,20190908,061256,Final,0
aai20191202.00001.hdf5,70007053,20,1,0,1,1,20191208,103049,Final,0
aai20191102.00001.hdf5,70007054,20,1,0,1,1,20191208,102845,Final,0
aai20191002.00001.hdf5,70007055,20,1,0,1,1,20191208,110608,Final,0
aai20190902.00001.hdf5,70007056,20,1,0,1,1,20190908,061201,Final,0
aai20191203.00001.hdf5,70007057,20,1,0,1,1,20191208,110930,Final,0
aai20191103.00001.hdf5,70007058,20,1,0,1,1,20191208,111955,Final,0
aai20191003.00001.hdf5,70007059,20,1,0,1,1,20191208,111255,Final,0
aai20190903.00001.hdf5,70007060,20,1,0,1,1,20190908,061428,Final,0
aai20191204.00001.hdf5,70007061,20,1,0,1,1,20191208,103405,Final,0
aai20191104.00001.hdf5,70007062,20,1,0,1,1,20191208,104025,Final,0
aai20191004.00001.hdf5,70007063,20,1,0,1,1,20191208,111411,Final,0
aai20190904.00001.hdf5,70007064,20,1,0,1,1,20190908,060856,Final,0
aai20191205.00001.hdf5,70007065,20,1,0,1,1,20191208,103257,Final,0
aai20191105.00001.hdf5,70007066,20,1,0,1,1,20191208,104654,Final,0
aai20191005.00001.hdf5,70007067,20,1,0,1,1,20191208,105523,Final,0
aai20190905.00001.hdf5,70007068,20,1,0,1,1,20190908,061338,Final,0
aai20191206.00001.hdf5,70007069,20,1,0,1,1,20191208,102744,Final,0
aai20191106.00001.hdf5,70007070,20,1,0,1,1,20191208,101833,Final,0
aai20191006.00001.hdf5,70007071,20,1,0,1,1,20191208,101715,Final,0
aai20190906.00001.hdf5,70007072,20,1,0,1,1,20190908,060927,Final,0
aai20191207.00001.hdf5,70007073,20,1,0,1,1,20191208,102710,Final,0
aai20191107.00001.hdf5,70007074,20,1,0,1,1,20191208,101906,Final,0
aai20191007.00001.hdf5,70007075,20,1,0,1,1,20191208,110532,Final,0
aai20190907.00001.hdf5,70007076,20,1,0,1,1,20190915,060858,Final,0
aai20191208.00001.hdf5,70007077,20,1,0,1,1,20191215,070211,Final,0
aai20191008.00001.hdf5,70007078,20,1,0,1,1,20191208,105929,Final,0
aai20190908.00001.hdf5,70007079,20,1,0,1,1,20190915,060727,Final,0
aai20191209.00001.hdf5,70007080,20,1,0,1,1,20191215,070529,Final,0
aai20191009.00001.hdf5,70007081,20,1,0,1,1,20191208,103612,Final,0
aai20190909.00001.hdf5,70007082,20,1,0,1,1,20190915,060808,Final,0
aai20191210.00001.hdf5,70007083,20,1,0,1,1,20191215,070450,Final,0
aai20191010.00001.hdf5,70007084,20,1,0,1,1,20191208,105230,Final,0
aai20190910.00001.hdf5,70007085,20,1,0,1,1,20190915,060407,Final,0
aai20191011.00001.hdf5,70007086,20,1,0,1,1,20191208,104904,Final,0
aai20190911.00001.hdf5,70007087,20,1,0,1,1,20190915,060655,Final,0
aai20190712.00001.hdf5,70007088,20,1,0,1,1,20190721,060132,Final,0
aai20191012.00001.hdf5,70007089,20,1,0,1,1,20191208,102806,Final,0
aai20190912.00001.hdf5,70007090,20,1,0,1,1,20190915,061004,Final,0
aai20190713.00001.hdf5,70007091,20,1,0,1,1,20190721,055943,Final,0
aai20191214.00001.hdf5,70007092,20,1,0,1,1,20191222,071202,Final,0
aai20190714.00001.hdf5,70007093,20,1,0,1,1,20190721,060001,Final,0
aai20190815.00001.hdf5,70007094,20,1,0,1,1,20190818,055853,Final,0
aai20191215.00001.hdf5,70007095,20,1,0,1,1,20191222,071757,Final,0
aai20190715.00001.hdf5,70007096,20,1,0,1,1,20190721,055916,Final,0
aai20191015.00001.hdf5,70007097,20,1,0,1,1,20191208,102115,Final,0
aai20190816.00001.hdf5,70007098,20,1,0,1,1,20190818,055932,Final,0
aai20191216.00001.hdf5,70007099,20,1,0,1,1,20191222,071724,Final,0
aai20190716.00001.hdf5,70007100,20,1,0,1,1,20190721,060042,Final,0
aai20191016.00001.hdf5,70007101,20,1,0,1,1,20191208,104412,Final,0
aai20190916.00001.hdf5,70007102,20,1,0,1,1,20191208,103452,Final,0
aai20190817.00001.hdf5,70007103,20,1,0,1,1,20190825,061324,Final,0
aai20191217.00001.hdf5,70007104,20,1,0,1,1,20191222,071405,Final,0
aai20191017.00001.hdf5,70007105,20,1,0,1,1,20191208,101943,Final,0
aai20190917.00001.hdf5,70007106,20,1,0,1,1,20191208,104513,Final,0
aai20190818.00001.hdf5,70007107,20,1,0,1,1,20190825,061047,Final,0
aai20191218.00001.hdf5,70007108,20,1,0,1,1,20191222,071649,Final,0
aai20190718.00001.hdf5,70007109,20,1,0,1,1,20190721,060057,Final,0
aai20191018.00001.hdf5,70007110,20,1,0,1,1,20191208,110319,Final,0
aai20190918.00001.hdf5,70007111,20,1,0,1,1,20191208,101752,Final,0
aai20190819.00001.hdf5,70007112,20,1,0,1,1,20190825,060733,Final,0
aai20191219.00001.hdf5,70007113,20,1,0,1,1,20191222,071901,Final,0
aai20191019.00001.hdf5,70007114,20,1,0,1,1,20191208,105723,Final,0
aai20190919.00001.hdf5,70007115,20,1,0,1,1,20191208,103158,Final,0
aai20190820.00001.hdf5,70007116,20,1,0,1,1,20190825,061127,Final,0
aai20191220.00001.hdf5,70007117,20,1,0,1,1,20191222,071237,Final,0
aai20191020.00001.hdf5,70007118,20,1,0,1,1,20191208,102636,Final,0
aai20190920.00001.hdf5,70007119,20,1,0,1,1,20191208,102152,Final,0
aai20190821.00001.hdf5,70007120,20,1,0,1,1,20190825,060642,Final,0
aai20191221.00001.hdf5,70007121,20,1,0,1,1,20191222,071330,Final,0
aai20191021.00001.hdf5,70007122,20,1,0,1,1,20191208,102347,Final,0
aai20190921.00001.hdf5,70007123,20,1,0,1,1,20191208,102532,Final,0
aai20190822.00001.hdf5,70007124,20,1,0,1,1,20190825,061303,Final,0
aai20191222.00001.hdf5,70007125,20,1,0,1,1,20191229,071438,Final,0
aai20191022.00001.hdf5,70007126,20,1,0,1,1,20191208,102020,Final,0
aai20190922.00001.hdf5,70007127,20,1,0,1,1,20191208,104157,Final,0
aai20190823.00001.hdf5,70007128,20,1,0,1,1,20190825,061010,Final,0
aai20191223.00001.hdf5,70007129,20,1,0,1,1,20191229,071548,Final,0
aai20191023.00001.hdf5,70007130,20,1,0,1,1,20191208,105337,Final,0
aai20190923.00001.hdf5,70007131,20,1,0,1,1,20191208,111657,Final,0
aai20190824.00001.hdf5,70007132,20,1,0,1,1,20190901,060816,Final,0
aai20191224.00001.hdf5,70007133,20,1,0,1,1,20191229,072124,Final,0
aai20191024.00001.hdf5,70007134,20,1,0,1,1,20191208,110451,Final,0
aai20190924.00001.hdf5,70007135,20,1,0,1,1,20191208,102456,Final,0
aai20191225.00001.hdf5,70007136,20,1,0,1,1,20191229,071855,Final,0
aai20191025.00001.hdf5,70007137,20,1,0,1,1,20191208,111218,Final,0
aai20190925.00001.hdf5,70007138,20,1,0,1,1,20191208,103751,Final,0
aai20191226.00001.hdf5,70007139,20,1,0,1,1,20191229,072004,Final,0
aai20191126.00001.hdf5,70007140,20,1,0,1,1,20191208,104810,Final,0
aai20191026.00001.hdf5,70007141,20,1,0,1,1,20191208,102423,Final,0
aai20190926.00001.hdf5,70007142,20,1,0,1,1,20191208,110822,Final,0
aai20191227.00001.hdf5,70007143,20,1,0,1,1,20191229,071513,Final,0
aai20191127.00001.hdf5,70007144,20,1,0,1,1,20191208,102056,Final,0
aai20191027.00001.hdf5,70007145,20,1,0,1,1,20191208,110107,Final,0
aai20190927.00001.hdf5,70007146,20,1,0,1,1,20191208,103715,Final,0
aai20191228.00001.hdf5,70007147,20,1,0,1,1,20191229,071929,Final,0
aai20191128.00001.hdf5,70007148,20,1,0,1,1,20191208,110718,Final,0
aai20191028.00001.hdf5,70007149,20,1,0,1,1,20191208,102230,Final,0
aai20190928.00001.hdf5,70007150,20,1,0,1,1,20191208,105053,Final,0
aai20191229.00001.hdf5,70007151,20,1,0,1,1,20200105,071720,Final,0
aai20191129.00001.hdf5,70007152,20,1,0,1,1,20191208,102307,Final,0
aai20191029.00001.hdf5,70007153,20,1,0,1,1,20191208,105806,Final,0
aai20190929.00001.hdf5,70007154,20,1,0,1,1,20191208,111331,Final,0
aai20191230.00001.hdf5,70007155,20,1,0,1,1,20200105,071604,Final,0
aai20191130.00001.hdf5,70007156,20,1,0,1,1,20191208,104320,Final,0
aai20191030.00001.hdf5,70007157,20,1,0,1,1,20191208,103913,Final,0
aai20190930.00001.hdf5,70007158,20,1,0,1,1,20191208,112149,Final,0
aai20190831.00001.hdf5,70007159,20,1,0,1,1,20190908,061504,Final,0
aai20191231.00001.hdf5,70007160,20,1,0,1,1,20200105,071211,Final,0
aai20191031.00001.hdf5,70007161,20,1,0,1,1,20191208,103825,Final,0
aif191201g.7100.hdf5,70007162,7100,1,0,1,1,20191202,150221,Final,0
aif191201g.7101.hdf5,70007162,7101,1,0,1,0,20191202,150228,Final,0
aif190101g.7100.hdf5,70007163,7100,1,0,1,1,20190102,150406,Final,0
aif190101g.7101.hdf5,70007163,7101,1,0,1,0,20190102,150414,Final,0
aif190630g.7100.hdf5,70007164,7100,1,0,1,1,20190701,140401,Final,0
aif190630g.7101.hdf5,70007164,7101,1,0,1,0,20190701,140409,Final,0
aif190701g.7100.hdf5,70007165,7100,1,0,1,1,20190702,140340,Final,0
aif190701g.7101.hdf5,70007165,7101,1,0,1,0,20190702,140348,Final,0
aif190301g.7100.hdf5,70007166,7100,1,0,1,1,20190302,150553,Final,0
aif190301g.7101.hdf5,70007166,7101,1,0,1,0,20190302,150600,Final,0
aif190501g.7100.hdf5,70007167,7100,1,0,1,1,20190502,140211,Final,0
aif190501g.7101.hdf5,70007167,7101,1,0,1,0,20190502,140219,Final,0
aif191101g.7100.hdf5,70007168,7100,1,0,1,1,20191103,150351,Final,0
aif191101g.7101.hdf5,70007168,7101,1,0,1,0,20191103,150358,Final,0
aif191001g.7100.hdf5,70007169,7100,1,0,1,1,20191002,140404,Final,0
aif191001g.7101.hdf5,70007169,7101,1,0,1,0,20191002,140412,Final,0
aif190901g.7100.hdf5,70007170,7100,1,0,1,1,20190902,140335,Final,0
aif190901g.7101.hdf5,70007170,7101,1,0,1,0,20190902,140342,Final,0
aif190402g.7100.hdf5,70007171,7100,1,0,1,1,20190403,140239,Final,0
aif190402g.7101.hdf5,70007171,7101,1,0,1,0,20190403,140246,Final,0
aif190801g.7100.hdf5,70007172,7100,1,0,1,1,20190802,140603,Final,0
aif190801g.7101.hdf5,70007172,7101,1,0,1,0,20190802,140611,Final,0
aif191202g.7100.hdf5,70007173,7100,1,0,1,1,20191203,150121,Final,0
aif191202g.7101.hdf5,70007173,7101,1,0,1,0,20191203,150129,Final,0
aif190202g.7100.hdf5,70007174,7100,1,0,1,1,20190227,150813,Final,0
aif190202g.7101.hdf5,70007174,7101,1,0,1,0,20190227,150820,Final,0
aif190102g.7100.hdf5,70007175,7100,1,0,1,1,20190103,150401,Final,0
aif190102g.7101.hdf5,70007175,7101,1,0,1,0,20190103,150409,Final,0
aif190702g.7100.hdf5,70007176,7100,1,0,1,1,20190703,140330,Final,0
aif190702g.7101.hdf5,70007176,7101,1,0,1,0,20190703,140338,Final,0
aif190601g.7100.hdf5,70007177,7100,1,0,1,1,20190602,140315,Final,0
aif190601g.7101.hdf5,70007177,7101,1,0,1,0,20190602,140322,Final,0
aif190602g.7100.hdf5,70007178,7100,1,0,1,1,20190603,140336,Final,0
aif190602g.7101.hdf5,70007178,7101,1,0,1,0,20190603,140343,Final,0
aif190302g.7100.hdf5,70007179,7100,1,0,1,1,20190303,150335,Final,0
aif190302g.7101.hdf5,70007179,7101,1,0,1,0,20190303,150343,Final,0
aif190502g.7100.hdf5,70007180,7100,1,0,1,1,20190503,140311,Final,0
aif190502g.7101.hdf5,70007180,7101,1,0,1,0,20190503,140318,Final,0
aif191102g.7100.hdf5,70007181,7100,1,0,1,1,20191103,150456,Final,0
aif191102g.7101.hdf5,70007181,7101,1,0,1,0,20191103,150504,Final,0
aif191002g.7100.hdf5,70007182,7100,1,0,1,1,20191003,140143,Final,0
aif191002g.7101.hdf5,70007182,7101,1,0,1,0,20191003,140152,Final,0
aif190902g.7100.hdf5,70007183,7100,1,0,1,1,20190903,140334,Final,0
aif190902g.7101.hdf5,70007183,7101,1,0,1,0,20190903,140342,Final,0
aif190403g.7100.hdf5,70007184,7100,1,0,1,1,20190404,140359,Final,0
aif190403g.7101.hdf5,70007184,7101,1,0,1,0,20190404,140406,Final,0
aif190802g.7100.hdf5,70007185,7100,1,0,1,1,20190803,140459,Final,0
aif190802g.7101.hdf5,70007185,7101,1,0,1,0,20190803,140507,Final,0
aif190803g.7100.hdf5,70007186,7100,1,0,1,1,20190804,140336,Final,0
aif190803g.7101.hdf5,70007186,7101,1,0,1,0,20190804,140344,Final,0
aif191203g.7100.hdf5,70007187,7100,1,0,1,1,20191204,150414,Final,0
aif191203g.7101.hdf5,70007187,7101,1,0,1,0,20191204,150422,Final,0
aif190203g.7100.hdf5,70007188,7100,1,0,1,1,20190227,151414,Final,0
aif190203g.7101.hdf5,70007188,7101,1,0,1,0,20190227,151422,Final,0
aif190103g.7100.hdf5,70007189,7100,1,0,1,1,20190104,150346,Final,0
aif190103g.7101.hdf5,70007189,7101,1,0,1,0,20190104,150353,Final,0
aif190703g.7100.hdf5,70007190,7100,1,0,1,1,20190704,140343,Final,0
aif190703g.7101.hdf5,70007190,7101,1,0,1,0,20190704,140351,Final,0
aif190603g.7100.hdf5,70007191,7100,1,0,1,1,20190604,140445,Final,0
aif190603g.7101.hdf5,70007191,7101,1,0,1,0,20190604,140453,Final,0
aif190303g.7100.hdf5,70007192,7100,1,0,1,1,20190304,150129,Final,0
aif190303g.7101.hdf5,70007192,7101,1,0,1,0,20190304,150136,Final,0
aif190503g.7100.hdf5,70007193,7100,1,0,1,1,20190504,140405,Final,0
aif190503g.7101.hdf5,70007193,7101,1,0,1,0,20190504,140413,Final,0
aif191103g.7100.hdf5,70007194,7100,1,0,1,1,20191105,150538,Final,0
aif191103g.7101.hdf5,70007194,7101,1,0,1,0,20191105,150546,Final,0
aif191003g.7100.hdf5,70007195,7100,1,0,1,1,20191005,140908,Final,0
aif191003g.7101.hdf5,70007195,7101,1,0,1,0,20191005,140916,Final,0
aif190404g.7100.hdf5,70007196,7100,1,0,1,1,20190405,140324,Final,0
aif190404g.7101.hdf5,70007196,7101,1,0,1,0,20190405,140331,Final,0
aif191204g.7100.hdf5,70007197,7100,1,0,1,1,20191205,150905,Final,0
aif191204g.7101.hdf5,70007197,7101,1,0,1,0,20191205,150913,Final,0
aif190204g.7100.hdf5,70007198,7100,1,0,1,1,20190227,150438,Final,0
aif190204g.7101.hdf5,70007198,7101,1,0,1,0,20190227,150446,Final,0
aif190104g.7100.hdf5,70007199,7100,1,0,1,1,20190105,150636,Final,0
aif190104g.7101.hdf5,70007199,7101,1,0,1,0,20190105,150644,Final,0
aif190704g.7100.hdf5,70007200,7100,1,0,1,1,20190705,140328,Final,0
aif190704g.7101.hdf5,70007200,7101,1,0,1,0,20190705,140336,Final,0
aif190604g.7100.hdf5,70007201,7100,1,0,1,1,20190605,140308,Final,0
aif190604g.7101.hdf5,70007201,7101,1,0,1,0,20190605,140316,Final,0
aif190304g.7100.hdf5,70007202,7100,1,0,1,1,20190305,150350,Final,0
aif190304g.7101.hdf5,70007202,7101,1,0,1,0,20190305,150358,Final,0
aif190504g.7100.hdf5,70007203,7100,1,0,1,1,20190505,140319,Final,0
aif190504g.7101.hdf5,70007203,7101,1,0,1,0,20190505,140326,Final,0
aif191104g.7100.hdf5,70007204,7100,1,0,1,1,20191105,150646,Final,0
aif191104g.7101.hdf5,70007204,7101,1,0,1,0,20191105,150654,Final,0
aif191004g.7100.hdf5,70007205,7100,1,0,1,1,20191005,140800,Final,0
aif191004g.7101.hdf5,70007205,7101,1,0,1,0,20191005,140808,Final,0
aif190903g.7100.hdf5,70007206,7100,1,0,1,1,20190904,140342,Final,0
aif190903g.7101.hdf5,70007206,7101,1,0,1,0,20190904,140349,Final,0
aif190904g.7100.hdf5,70007207,7100,1,0,1,1,20190905,140412,Final,0
aif190904g.7101.hdf5,70007207,7101,1,0,1,0,20190905,140420,Final,0
aif190405g.7100.hdf5,70007208,7100,1,0,1,1,20190406,140436,Final,0
aif190405g.7101.hdf5,70007208,7101,1,0,1,0,20190406,140444,Final,0
aif190804g.7100.hdf5,70007209,7100,1,0,1,1,20190805,140340,Final,0
aif190804g.7101.hdf5,70007209,7101,1,0,1,0,20190805,140348,Final,0
aif190805g.7100.hdf5,70007210,7100,1,0,1,1,20190806,140342,Final,0
aif190805g.7101.hdf5,70007210,7101,1,0,1,0,20190806,140350,Final,0
aif191205g.7100.hdf5,70007211,7100,1,0,1,1,20191206,150537,Final,0
aif191205g.7101.hdf5,70007211,7101,1,0,1,0,20191206,150545,Final,0
aif190205g.7100.hdf5,70007212,7100,1,0,1,1,20190227,152349,Final,0
aif190205g.7101.hdf5,70007212,7101,1,0,1,0,20190227,152356,Final,0
aif190105g.7100.hdf5,70007213,7100,1,0,1,1,20190106,150343,Final,0
aif190105g.7101.hdf5,70007213,7101,1,0,1,0,20190106,150351,Final,0
aif190605g.7100.hdf5,70007214,7100,1,0,1,1,20190606,140335,Final,0
aif190605g.7101.hdf5,70007214,7101,1,0,1,0,20190606,140343,Final,0
aif190305g.7100.hdf5,70007215,7100,1,0,1,1,20190306,150339,Final,0
aif190305g.7101.hdf5,70007215,7101,1,0,1,0,20190306,150347,Final,0
aif190505g.7100.hdf5,70007216,7100,1,0,1,1,20190506,140317,Final,0
aif190505g.7101.hdf5,70007216,7101,1,0,1,0,20190506,140324,Final,0
aif191105g.7100.hdf5,70007217,7100,1,0,1,1,20191108,150853,Final,0
aif191105g.7101.hdf5,70007217,7101,1,0,1,0,20191108,150901,Final,0
aif191005g.7100.hdf5,70007218,7100,1,0,1,1,20191006,140346,Final,0
aif191005g.7101.hdf5,70007218,7101,1,0,1,0,20191006,140354,Final,0
aif190905g.7100.hdf5,70007219,7100,1,0,1,1,20190906,151847,Final,0
aif190905g.7101.hdf5,70007219,7101,1,0,1,0,20190906,151855,Final,0
aif190406g.7100.hdf5,70007220,7100,1,0,1,1,20190407,140709,Final,0
aif190406g.7101.hdf5,70007220,7101,1,0,1,0,20190407,140724,Final,0
aif190806g.7100.hdf5,70007221,7100,1,0,1,1,20190807,140742,Final,0
aif190806g.7101.hdf5,70007221,7101,1,0,1,0,20190807,140750,Final,0
aif191206g.7100.hdf5,70007222,7100,1,0,1,1,20191208,150657,Final,0
aif191206g.7101.hdf5,70007222,7101,1,0,1,0,20191208,150706,Final,0
aif190206g.7100.hdf5,70007223,7100,1,0,1,1,20190227,150553,Final,0
aif190206g.7101.hdf5,70007223,7101,1,0,1,0,20190227,150601,Final,0
aif190106g.7100.hdf5,70007224,7100,1,0,1,1,20190107,150357,Final,0
aif190106g.7101.hdf5,70007224,7101,1,0,1,0,20190107,150405,Final,0
aif190606g.7100.hdf5,70007225,7100,1,0,1,1,20190607,140335,Final,0
aif190606g.7101.hdf5,70007225,7101,1,0,1,0,20190607,140343,Final,0
aif190306g.7100.hdf5,70007226,7100,1,0,1,1,20190307,150416,Final,0
aif190306g.7101.hdf5,70007226,7101,1,0,1,0,20190307,150424,Final,0
aif190506g.7100.hdf5,70007227,7100,1,0,1,1,20190508,140649,Final,0
aif190506g.7101.hdf5,70007227,7101,1,0,1,0,20190508,140657,Final,0
aif191106g.7100.hdf5,70007228,7100,1,0,1,1,20191108,151003,Final,0
aif191106g.7101.hdf5,70007228,7101,1,0,1,0,20191108,151011,Final,0
aif191006g.7100.hdf5,70007229,7100,1,0,1,1,20191007,140413,Final,0
aif191006g.7101.hdf5,70007229,7101,1,0,1,0,20191007,140421,Final,0
aif190906g.7100.hdf5,70007230,7100,1,0,1,1,20190907,140356,Final,0
aif190906g.7101.hdf5,70007230,7101,1,0,1,0,20190907,140403,Final,0
aif190407g.7100.hdf5,70007231,7100,1,0,1,1,20190408,140431,Final,0
aif190407g.7101.hdf5,70007231,7101,1,0,1,0,20190408,140447,Final,0
aif190807g.7100.hdf5,70007232,7100,1,0,1,1,20190808,140328,Final,0
aif190807g.7101.hdf5,70007232,7101,1,0,1,0,20190808,140336,Final,0
aif191207g.7100.hdf5,70007233,7100,1,0,1,1,20191208,150806,Final,0
aif191207g.7101.hdf5,70007233,7101,1,0,1,0,20191208,150813,Final,0
aif190207g.7100.hdf5,70007234,7100,1,0,1,1,20190227,151651,Final,0
aif190207g.7101.hdf5,70007234,7101,1,0,1,0,20190227,151659,Final,0
aif190107g.7100.hdf5,70007235,7100,1,0,1,1,20190108,150312,Final,0
aif190107g.7101.hdf5,70007235,7101,1,0,1,0,20190108,150320,Final,0
aif190607g.7100.hdf5,70007236,7100,1,0,1,1,20190608,140501,Final,0
aif190607g.7101.hdf5,70007236,7101,1,0,1,0,20190608,140509,Final,0
aif190307g.7100.hdf5,70007237,7100,1,0,1,1,20190308,150355,Final,0
aif190307g.7101.hdf5,70007237,7101,1,0,1,0,20190308,150403,Final,0
aif190507g.7100.hdf5,70007238,7100,1,0,1,1,20190508,140543,Final,0
aif190507g.7101.hdf5,70007238,7101,1,0,1,0,20190508,140550,Final,0
aif191107g.7100.hdf5,70007239,7100,1,0,1,1,20191108,151110,Final,0
aif191107g.7101.hdf5,70007239,7101,1,0,1,0,20191108,151118,Final,0
aif191007g.7100.hdf5,70007240,7100,1,0,1,1,20191008,140214,Final,0
aif191007g.7101.hdf5,70007240,7101,1,0,1,0,20191008,140222,Final,0
aif190907g.7100.hdf5,70007241,7100,1,0,1,1,20190908,140340,Final,0
aif190907g.7101.hdf5,70007241,7101,1,0,1,0,20190908,140348,Final,0
aif190408g.7100.hdf5,70007242,7100,1,0,1,1,20190409,140653,Final,0
aif190408g.7101.hdf5,70007242,7101,1,0,1,0,20190409,140707,Final,0
aif190808g.7100.hdf5,70007243,7100,1,0,1,1,20190809,140337,Final,0
aif190808g.7101.hdf5,70007243,7101,1,0,1,0,20190809,140344,Final,0
aif191208g.7100.hdf5,70007244,7100,1,0,1,1,20191209,150343,Final,0
aif191208g.7101.hdf5,70007244,7101,1,0,1,0,20191209,150351,Final,0
aif190208g.7100.hdf5,70007245,7100,1,0,1,1,20190227,151534,Final,0
aif190208g.7101.hdf5,70007245,7101,1,0,1,0,20190227,151542,Final,0
aif190108g.7100.hdf5,70007246,7100,1,0,1,1,20190109,150321,Final,0
aif190108g.7101.hdf5,70007246,7101,1,0,1,0,20190109,150328,Final,0
aif190608g.7100.hdf5,70007247,7100,1,0,1,1,20190609,140324,Final,0
aif190608g.7101.hdf5,70007247,7101,1,0,1,0,20190609,140331,Final,0
aif190308g.7100.hdf5,70007248,7100,1,0,1,1,20190309,150334,Final,0
aif190308g.7101.hdf5,70007248,7101,1,0,1,0,20190309,150341,Final,0
aif190508g.7100.hdf5,70007249,7100,1,0,1,1,20190509,140335,Final,0
aif190508g.7101.hdf5,70007249,7101,1,0,1,0,20190509,140342,Final,0
aif191108g.7100.hdf5,70007250,7100,1,0,1,1,20191110,150615,Final,0
aif191108g.7101.hdf5,70007250,7101,1,0,1,0,20191110,150623,Final,0
aif191008g.7100.hdf5,70007251,7100,1,0,1,1,20191009,140426,Final,0
aif191008g.7101.hdf5,70007251,7101,1,0,1,0,20191009,140433,Final,0
aif190908g.7100.hdf5,70007252,7100,1,0,1,1,20190909,140351,Final,0
aif190908g.7101.hdf5,70007252,7101,1,0,1,0,20190909,140359,Final,0
aif190409g.7100.hdf5,70007253,7100,1,0,1,1,20190410,140648,Final,0
aif190409g.7101.hdf5,70007253,7101,1,0,1,0,20190410,140702,Final,0
aif191209g.7100.hdf5,70007254,7100,1,0,1,1,20191210,150326,Final,0
aif191209g.7101.hdf5,70007254,7101,1,0,1,0,20191210,150334,Final,0
aif190209g.7100.hdf5,70007255,7100,1,0,1,1,20190227,150928,Final,0
aif190209g.7101.hdf5,70007255,7101,1,0,1,0,20190227,150936,Final,0
aif190109g.7100.hdf5,70007256,7100,1,0,1,1,20190110,150409,Final,0
aif190109g.7101.hdf5,70007256,7101,1,0,1,0,20190110,150417,Final,0
aif190609g.7100.hdf5,70007257,7100,1,0,1,1,20190610,140322,Final,0
aif190609g.7101.hdf5,70007257,7101,1,0,1,0,20190610,140330,Final,0
aif190309g.7100.hdf5,70007258,7100,1,0,1,1,20190310,140317,Final,0
aif190309g.7101.hdf5,70007258,7101,1,0,1,0,20190310,140325,Final,0
aif190509g.7100.hdf5,70007259,7100,1,0,1,1,20190510,140303,Final,0
aif190509g.7101.hdf5,70007259,7101,1,0,1,0,20190510,140310,Final,0
aif191109g.7100.hdf5,70007260,7100,1,0,1,1,20191110,150720,Final,0
aif191109g.7101.hdf5,70007260,7101,1,0,1,0,20191110,150728,Final,0
aif191009g.7100.hdf5,70007261,7100,1,0,1,1,20191010,140407,Final,0
aif191009g.7101.hdf5,70007261,7101,1,0,1,0,20191010,140415,Final,0
aif190909g.7100.hdf5,70007262,7100,1,0,1,1,20190910,140401,Final,0
aif190909g.7101.hdf5,70007262,7101,1,0,1,0,20190910,140409,Final,0
aif190410g.7100.hdf5,70007263,7100,1,0,1,1,20190411,140720,Final,0
aif190410g.7101.hdf5,70007263,7101,1,0,1,0,20190411,140734,Final,0
aif190809g.7100.hdf5,70007264,7100,1,0,1,1,20190810,140456,Final,0
aif190809g.7101.hdf5,70007264,7101,1,0,1,0,20190810,140504,Final,0
aif190810g.7100.hdf5,70007265,7100,1,0,1,1,20190811,140347,Final,0
aif190810g.7101.hdf5,70007265,7101,1,0,1,0,20190811,140355,Final,0
aif191210g.7100.hdf5,70007266,7100,1,0,1,1,20191211,150239,Final,0
aif191210g.7101.hdf5,70007266,7101,1,0,1,0,20191211,150247,Final,0
aif190210g.7100.hdf5,70007267,7100,1,0,1,1,20190227,152233,Final,0
aif190210g.7101.hdf5,70007267,7101,1,0,1,0,20190227,152241,Final,0
aif190110g.7100.hdf5,70007268,7100,1,0,1,1,20190111,154658,Final,0
aif190110g.7101.hdf5,70007268,7101,1,0,1,0,20190111,154705,Final,0
aif190610g.7100.hdf5,70007269,7100,1,0,1,1,20190611,140415,Final,0
aif190610g.7101.hdf5,70007269,7101,1,0,1,0,20190611,140422,Final,0
aif190310g.7100.hdf5,70007270,7100,1,0,1,1,20190311,140323,Final,0
aif190310g.7101.hdf5,70007270,7101,1,0,1,0,20190311,140331,Final,0
aif190510g.7100.hdf5,70007271,7100,1,0,1,1,20190511,140326,Final,0
aif190510g.7101.hdf5,70007271,7101,1,0,1,0,20190511,140334,Final,0
aif191110g.7100.hdf5,70007272,7100,1,0,1,1,20191111,150323,Final,0
aif191110g.7101.hdf5,70007272,7101,1,0,1,0,20191111,150331,Final,0
aif191010g.7100.hdf5,70007273,7100,1,0,1,1,20191011,140412,Final,0
aif191010g.7101.hdf5,70007273,7101,1,0,1,0,20191011,140419,Final,0
aif190910g.7100.hdf5,70007274,7100,1,0,1,1,20190911,140339,Final,0
aif190910g.7101.hdf5,70007274,7101,1,0,1,0,20190911,140347,Final,0
aif190411g.7100.hdf5,70007275,7100,1,0,1,1,20190412,140653,Final,0
aif190411g.7101.hdf5,70007275,7101,1,0,1,0,20190412,140707,Final,0
aif191211g.7100.hdf5,70007276,7100,1,0,1,1,20191212,160047,Final,0
aif191211g.7101.hdf5,70007276,7101,1,0,1,0,20191212,160056,Final,0
aif190211g.7100.hdf5,70007277,7100,1,0,1,1,20190227,152916,Final,0
aif190211g.7101.hdf5,70007277,7101,1,0,1,0,20190227,152923,Final,0
aif190111g.7100.hdf5,70007278,7100,1,0,1,1,20190112,150753,Final,0
aif190111g.7101.hdf5,70007278,7101,1,0,1,0,20190112,150801,Final,0
aif190611g.7100.hdf5,70007279,7100,1,0,1,1,20190612,140337,Final,0
aif190611g.7101.hdf5,70007279,7101,1,0,1,0,20190612,140345,Final,0
aif190311g.7100.hdf5,70007280,7100,1,0,1,1,20190312,140321,Final,0
aif190311g.7101.hdf5,70007280,7101,1,0,1,0,20190312,140328,Final,0
aif190511g.7100.hdf5,70007281,7100,1,0,1,1,20190512,140322,Final,0
aif190511g.7101.hdf5,70007281,7101,1,0,1,0,20190512,140329,Final,0
aif191111g.7100.hdf5,70007282,7100,1,0,1,1,20191112,150212,Final,0
aif191111g.7101.hdf5,70007282,7101,1,0,1,0,20191112,150220,Final,0
aif190412g.7100.hdf5,70007283,7100,1,0,1,1,20190413,140308,Final,0
aif190412g.7101.hdf5,70007283,7101,1,0,1,0,20190413,140315,Final,0
aif190811g.7100.hdf5,70007284,7100,1,0,1,1,20190812,140337,Final,0
aif190811g.7101.hdf5,70007284,7101,1,0,1,0,20190812,140344,Final,0
aif190812g.7100.hdf5,70007285,7100,1,0,1,1,20190813,140319,Final,0
aif190812g.7101.hdf5,70007285,7101,1,0,1,0,20190813,140327,Final,0
aif191212g.7100.hdf5,70007286,7100,1,0,1,1,20191213,150752,Final,0
aif191212g.7101.hdf5,70007286,7101,1,0,1,0,20191213,150800,Final,0
aif190212g.7100.hdf5,70007287,7100,1,0,1,1,20190227,152008,Final,0
aif190212g.7101.hdf5,70007287,7101,1,0,1,0,20190227,152016,Final,0
aif190112g.7100.hdf5,70007288,7100,1,0,1,1,20190113,150341,Final,0
aif190112g.7101.hdf5,70007288,7101,1,0,1,0,20190113,150349,Final,0
aif190312g.7100.hdf5,70007289,7100,1,0,1,1,20190313,140408,Final,0
aif190312g.7101.hdf5,70007289,7101,1,0,1,0,20190313,140415,Final,0
aif190512g.7100.hdf5,70007290,7100,1,0,1,1,20190513,140346,Final,0
aif190512g.7101.hdf5,70007290,7101,1,0,1,0,20190513,140354,Final,0
aif191112g.7100.hdf5,70007291,7100,1,0,1,1,20191113,150332,Final,0
aif191112g.7101.hdf5,70007291,7101,1,0,1,0,20191113,150340,Final,0
aif190912g.7100.hdf5,70007292,7100,1,0,1,1,20190913,140547,Final,0
aif190912g.7101.hdf5,70007292,7101,1,0,1,0,20190913,140556,Final,0
aif191213g.7100.hdf5,70007293,7100,1,0,1,1,20191215,150525,Final,0
aif191213g.7101.hdf5,70007293,7101,1,0,1,0,20191215,150533,Final,0
aif190213g.7100.hdf5,70007294,7100,1,0,1,1,20190227,151257,Final,0
aif190213g.7101.hdf5,70007294,7101,1,0,1,0,20190227,151304,Final,0
aif190113g.7100.hdf5,70007295,7100,1,0,1,1,20190114,150458,Final,0
aif190113g.7101.hdf5,70007295,7101,1,0,1,0,20190114,150506,Final,0
aif190612g.7100.hdf5,70007296,7100,1,0,1,1,20190613,140319,Final,0
aif190612g.7101.hdf5,70007296,7101,1,0,1,0,20190613,140326,Final,0
aif190613g.7100.hdf5,70007297,7100,1,0,1,1,20190614,140350,Final,0
aif190613g.7101.hdf5,70007297,7101,1,0,1,0,20190614,140357,Final,0
aif190313g.7100.hdf5,70007298,7100,1,0,1,1,20190314,140308,Final,0
aif190313g.7101.hdf5,70007298,7101,1,0,1,0,20190314,140315,Final,0
aif190513g.7100.hdf5,70007299,7100,1,0,1,1,20190514,140325,Final,0
aif190513g.7101.hdf5,70007299,7101,1,0,1,0,20190514,140332,Final,0
aif191113g.7100.hdf5,70007300,7100,1,0,1,1,20191115,150633,Final,0
aif191113g.7101.hdf5,70007300,7101,1,0,1,0,20191115,150640,Final,0
aif190913g.7100.hdf5,70007301,7100,1,0,1,1,20190914,140837,Final,0
aif190913g.7101.hdf5,70007301,7101,1,0,1,0,20190914,140846,Final,0
aif190813g.7100.hdf5,70007302,7100,1,0,1,1,20190814,140343,Final,0
aif190813g.7101.hdf5,70007302,7101,1,0,1,0,20190814,140351,Final,0
aif190814g.7100.hdf5,70007303,7100,1,0,1,1,20190815,140342,Final,0
aif190814g.7101.hdf5,70007303,7101,1,0,1,0,20190815,140350,Final,0
aif191214g.7100.hdf5,70007304,7100,1,0,1,1,20191215,150419,Final,0
aif191214g.7101.hdf5,70007304,7101,1,0,1,0,20191215,150427,Final,0
aif190214g.7100.hdf5,70007305,7100,1,0,1,1,20190227,152603,Final,0
aif190214g.7101.hdf5,70007305,7101,1,0,1,0,20190227,152611,Final,0
aif190114g.7100.hdf5,70007306,7100,1,0,1,1,20190115,152550,Final,0
aif190114g.7101.hdf5,70007306,7101,1,0,1,0,20190115,152558,Final,0
aif190614g.7100.hdf5,70007307,7100,1,0,1,1,20190615,140500,Final,0
aif190614g.7101.hdf5,70007307,7101,1,0,1,0,20190615,140508,Final,0
aif190314g.7100.hdf5,70007308,7100,1,0,1,1,20190315,140326,Final,0
aif190314g.7101.hdf5,70007308,7101,1,0,1,0,20190315,140333,Final,0
aif190514g.7100.hdf5,70007309,7100,1,0,1,1,20190515,140317,Final,0
aif190514g.7101.hdf5,70007309,7101,1,0,1,0,20190515,140324,Final,0
aif191114g.7100.hdf5,70007310,7100,1,0,1,1,20191115,150743,Final,0
aif191114g.7101.hdf5,70007310,7101,1,0,1,0,20191115,150751,Final,0
aif191014g.7100.hdf5,70007311,7100,1,0,1,1,20191015,140412,Final,0
aif191014g.7101.hdf5,70007311,7101,1,0,1,0,20191015,140420,Final,0
aif190914g.7100.hdf5,70007312,7100,1,0,1,1,20190915,140329,Final,0
aif190914g.7101.hdf5,70007312,7101,1,0,1,0,20190915,140337,Final,0
aif190415g.7100.hdf5,70007313,7100,1,0,1,1,20190416,140110,Final,0
aif190415g.7101.hdf5,70007313,7101,1,0,1,0,20190416,140118,Final,0
aif190815g.7100.hdf5,70007314,7100,1,0,1,1,20190821,140625,Final,0
aif190815g.7101.hdf5,70007314,7101,1,0,1,0,20190821,140632,Final,0
aif191215g.7100.hdf5,70007315,7100,1,0,1,1,20191216,150343,Final,0
aif191215g.7101.hdf5,70007315,7101,1,0,1,0,20191216,150351,Final,0
aif190215g.7100.hdf5,70007316,7100,1,0,1,1,20190227,150222,Final,0
aif190215g.7101.hdf5,70007316,7101,1,0,1,0,20190227,150229,Final,0
aif190115g.7100.hdf5,70007317,7100,1,0,1,1,20190116,150347,Final,0
aif190115g.7101.hdf5,70007317,7101,1,0,1,0,20190116,150354,Final,0
aif190615g.7100.hdf5,70007318,7100,1,0,1,1,20190616,140316,Final,0
aif190615g.7101.hdf5,70007318,7101,1,0,1,0,20190616,140324,Final,0
aif190315g.7100.hdf5,70007319,7100,1,0,1,1,20190316,140315,Final,0
aif190315g.7101.hdf5,70007319,7101,1,0,1,0,20190316,140322,Final,0
aif190515g.7100.hdf5,70007320,7100,1,0,1,1,20190516,140314,Final,0
aif190515g.7101.hdf5,70007320,7101,1,0,1,0,20190516,140321,Final,0
aif191115g.7100.hdf5,70007321,7100,1,0,1,1,20191116,150534,Final,0
aif191115g.7101.hdf5,70007321,7101,1,0,1,0,20191116,150542,Final,0
aif191015g.7100.hdf5,70007322,7100,1,0,1,1,20191016,140342,Final,0
aif191015g.7101.hdf5,70007322,7101,1,0,1,0,20191016,140350,Final,0
aif190915g.7100.hdf5,70007323,7100,1,0,1,1,20190916,140401,Final,0
aif190915g.7101.hdf5,70007323,7101,1,0,1,0,20190916,140408,Final,0
aif190416g.7100.hdf5,70007324,7100,1,0,1,1,20190417,140327,Final,0
aif190416g.7101.hdf5,70007324,7101,1,0,1,0,20190417,140334,Final,0
aif190816g.7100.hdf5,70007325,7100,1,0,1,1,20190821,140529,Final,0
aif190816g.7101.hdf5,70007325,7101,1,0,1,0,20190821,140537,Final,0
aif191216g.7100.hdf5,70007326,7100,1,0,1,1,20191217,150356,Final,0
aif191216g.7101.hdf5,70007326,7101,1,0,1,0,20191217,150404,Final,0
aif190216g.7100.hdf5,70007327,7100,1,0,1,1,20190227,151140,Final,0
aif190216g.7101.hdf5,70007327,7101,1,0,1,0,20190227,151147,Final,0
aif190116g.7100.hdf5,70007328,7100,1,0,1,1,20190117,150336,Final,0
aif190116g.7101.hdf5,70007328,7101,1,0,1,0,20190117,150343,Final,0
aif190716g.7100.hdf5,70007329,7100,1,0,1,1,20190718,140601,Final,0
aif190716g.7101.hdf5,70007329,7101,1,0,1,0,20190718,140608,Final,0
aif190616g.7100.hdf5,70007330,7100,1,0,1,1,20190617,140302,Final,0
aif190616g.7101.hdf5,70007330,7101,1,0,1,0,20190617,140309,Final,0
aif190316g.7100.hdf5,70007331,7100,1,0,1,1,20190317,140336,Final,0
aif190316g.7101.hdf5,70007331,7101,1,0,1,0,20190317,140343,Final,0
aif190516g.7100.hdf5,70007332,7100,1,0,1,1,20190517,140337,Final,0
aif190516g.7101.hdf5,70007332,7101,1,0,1,0,20190517,140345,Final,0
aif191116g.7100.hdf5,70007333,7100,1,0,1,1,20191118,150614,Final,0
aif191116g.7101.hdf5,70007333,7101,1,0,1,0,20191118,150622,Final,0
aif191016g.7100.hdf5,70007334,7100,1,0,1,1,20191019,140828,Final,0
aif191016g.7101.hdf5,70007334,7101,1,0,1,0,20191019,140835,Final,0
aif190916g.7100.hdf5,70007335,7100,1,0,1,1,20190917,140342,Final,0
aif190916g.7101.hdf5,70007335,7101,1,0,1,0,20190917,140350,Final,0
aif190417g.7100.hdf5,70007336,7100,1,0,1,1,20190418,140350,Final,0
aif190417g.7101.hdf5,70007336,7101,1,0,1,0,20190418,140357,Final,0
aif190817g.7100.hdf5,70007337,7100,1,0,1,1,20190821,140723,Final,0
aif190817g.7101.hdf5,70007337,7101,1,0,1,0,20190821,140730,Final,0
aif191217g.7100.hdf5,70007338,7100,1,0,1,1,20191218,150620,Final,0
aif191217g.7101.hdf5,70007338,7101,1,0,1,0,20191218,150629,Final,0
aif190217g.7100.hdf5,70007339,7100,1,0,1,1,20190227,152116,Final,0
aif190217g.7101.hdf5,70007339,7101,1,0,1,0,20190227,152123,Final,0
aif190117g.7100.hdf5,70007340,7100,1,0,1,1,20190118,150242,Final,0
aif190117g.7101.hdf5,70007340,7101,1,0,1,0,20190118,150249,Final,0
aif190717g.7100.hdf5,70007341,7100,1,0,1,1,20190718,140505,Final,0
aif190717g.7101.hdf5,70007341,7101,1,0,1,0,20190718,140512,Final,0
aif190617g.7100.hdf5,70007342,7100,1,0,1,1,20190618,140346,Final,0
aif190617g.7101.hdf5,70007342,7101,1,0,1,0,20190618,140353,Final,0
aif190317g.7100.hdf5,70007343,7100,1,0,1,1,20190318,140217,Final,0
aif190317g.7101.hdf5,70007343,7101,1,0,1,0,20190318,140225,Final,0
aif190517g.7100.hdf5,70007344,7100,1,0,1,1,20190518,140733,Final,0
aif190517g.7101.hdf5,70007344,7101,1,0,1,0,20190518,140741,Final,0
aif191117g.7100.hdf5,70007345,7100,1,0,1,1,20191118,150725,Final,0
aif191117g.7101.hdf5,70007345,7101,1,0,1,0,20191118,150733,Final,0
aif191017g.7100.hdf5,70007346,7100,1,0,1,1,20191019,140717,Final,0
aif191017g.7101.hdf5,70007346,7101,1,0,1,0,20191019,140724,Final,0
aif190917g.7100.hdf5,70007347,7100,1,0,1,1,20190918,140323,Final,0
aif190917g.7101.hdf5,70007347,7101,1,0,1,0,20190918,140331,Final,0
aif190418g.7100.hdf5,70007348,7100,1,0,1,1,20190419,140203,Final,0
aif190418g.7101.hdf5,70007348,7101,1,0,1,0,20190419,140210,Final,0
aif190818g.7100.hdf5,70007349,7100,1,0,1,1,20190821,140432,Final,0
aif190818g.7101.hdf5,70007349,7101,1,0,1,0,20190821,140440,Final,0
aif191218g.7100.hdf5,70007350,7100,1,0,1,1,20191219,150425,Final,0
aif191218g.7101.hdf5,70007350,7101,1,0,1,0,20191219,150433,Final,0
aif190218g.7100.hdf5,70007351,7100,1,0,1,1,20190227,152800,Final,0
aif190218g.7101.hdf5,70007351,7101,1,0,1,0,20190227,152807,Final,0
aif190118g.7100.hdf5,70007352,7100,1,0,1,1,20190119,150322,Final,0
aif190118g.7101.hdf5,70007352,7101,1,0,1,0,20190119,150329,Final,0
aif190718g.7100.hdf5,70007353,7100,1,0,1,1,20190719,140307,Final,0
aif190718g.7101.hdf5,70007353,7101,1,0,1,0,20190719,140314,Final,0
aif190618g.7100.hdf5,70007354,7100,1,0,1,1,20190619,140341,Final,0
aif190618g.7101.hdf5,70007354,7101,1,0,1,0,20190619,140348,Final,0
aif190318g.7100.hdf5,70007355,7100,1,0,1,1,20190319,143215,Final,0
aif190318g.7101.hdf5,70007355,7101,1,0,1,0,20190319,143223,Final,0
aif190518g.7100.hdf5,70007356,7100,1,0,1,1,20190519,140320,Final,0
aif190518g.7101.hdf5,70007356,7101,1,0,1,0,20190519,140327,Final,0
aif191118g.7100.hdf5,70007357,7100,1,0,1,1,20191119,150332,Final,0
aif191118g.7101.hdf5,70007357,7101,1,0,1,0,20191119,150341,Final,0
aif191018g.7100.hdf5,70007358,7100,1,0,1,1,20191019,140935,Final,0
aif191018g.7101.hdf5,70007358,7101,1,0,1,0,20191019,140943,Final,0
aif190918g.7100.hdf5,70007359,7100,1,0,1,1,20190919,140402,Final,0
aif190918g.7101.hdf5,70007359,7101,1,0,1,0,20190919,140409,Final,0
aif190419g.7100.hdf5,70007360,7100,1,0,1,1,20190420,140418,Final,0
aif190419g.7101.hdf5,70007360,7101,1,0,1,0,20190420,140426,Final,0
aif190819g.7100.hdf5,70007361,7100,3,0,1,1,20190820,140134,Final,0
aif190819g.7101.hdf5,70007361,7101,3,0,1,0,20190820,140142,Final,0
aif190819g.7100.00000.hdf5,70007361,7100,1,0,1,0,20190821,140831,Final,0
aif190819g.7101.00001.hdf5,70007361,7101,1,0,1,0,20190821,140838,Final,0
aif191219g.7100.hdf5,70007362,7100,1,0,1,1,20191220,150418,Final,0
aif191219g.7101.hdf5,70007362,7101,1,0,1,0,20191220,150427,Final,0
aif190219g.7100.hdf5,70007363,7100,1,0,1,1,20190227,151845,Final,0
aif190219g.7101.hdf5,70007363,7101,1,0,1,0,20190227,151853,Final,0
aif190119g.7100.hdf5,70007364,7100,1,0,1,1,20190120,150116,Final,0
aif190119g.7101.hdf5,70007364,7101,1,0,1,0,20190120,150124,Final,0
aif190719g.7100.hdf5,70007365,7100,1,0,1,1,20190720,140440,Final,0
aif190719g.7101.hdf5,70007365,7101,1,0,1,0,20190720,140448,Final,0
aif190619g.7100.hdf5,70007366,7100,1,0,1,1,20190620,140421,Final,0
aif190619g.7101.hdf5,70007366,7101,1,0,1,0,20190620,140428,Final,0
aif190319g.7100.hdf5,70007367,7100,1,0,1,1,20190320,140312,Final,0
aif190319g.7101.hdf5,70007367,7101,1,0,1,0,20190320,140319,Final,0
aif190519g.7100.hdf5,70007368,7100,1,0,1,1,20190520,140342,Final,0
aif190519g.7101.hdf5,70007368,7101,1,0,1,0,20190520,140349,Final,0
aif191119g.7100.hdf5,70007369,7100,1,0,1,1,20191120,150344,Final,0
aif191119g.7101.hdf5,70007369,7101,1,0,1,0,20191120,150352,Final,0
aif191019g.7100.hdf5,70007370,7100,1,0,1,1,20191020,140336,Final,0
aif191019g.7101.hdf5,70007370,7101,1,0,1,0,20191020,140343,Final,0
aif190919g.7100.hdf5,70007371,7100,1,0,1,1,20190920,140348,Final,0
aif190919g.7101.hdf5,70007371,7101,1,0,1,0,20190920,140356,Final,0
aif190420g.7100.hdf5,70007372,7100,1,0,1,1,20190421,140259,Final,0
aif190420g.7101.hdf5,70007372,7101,1,0,1,0,20190421,140306,Final,0
aif190820g.7100.hdf5,70007373,7100,1,0,1,1,20190821,140333,Final,0
aif190820g.7101.hdf5,70007373,7101,1,0,1,0,20190821,140341,Final,0
aif190220g.7100.hdf5,70007374,7100,1,0,1,1,20190227,152702,Final,0
aif190220g.7101.hdf5,70007374,7101,1,0,1,0,20190227,152709,Final,0
aif190120g.7100.hdf5,70007375,7100,1,0,1,1,20190121,150131,Final,0
aif190120g.7101.hdf5,70007375,7101,1,0,1,0,20190121,150139,Final,0
aif190720g.7100.hdf5,70007376,7100,1,0,1,1,20190721,140403,Final,0
aif190720g.7101.hdf5,70007376,7101,1,0,1,0,20190721,140411,Final,0
aif190620g.7100.hdf5,70007377,7100,1,0,1,1,20190621,140308,Final,0
aif190620g.7101.hdf5,70007377,7101,1,0,1,0,20190621,140315,Final,0
aif190320g.7100.hdf5,70007378,7100,1,0,1,1,20190321,140302,Final,0
aif190320g.7101.hdf5,70007378,7101,1,0,1,0,20190321,140309,Final,0
aif190520g.7100.hdf5,70007379,7100,1,0,1,1,20190521,140351,Final,0
aif190520g.7101.hdf5,70007379,7101,1,0,1,0,20190521,140358,Final,0
aif191120g.7100.hdf5,70007380,7100,1,0,1,1,20191121,150442,Final,0
aif191120g.7101.hdf5,70007380,7101,1,0,1,0,20191121,150450,Final,0
aif190920g.7100.hdf5,70007381,7100,1,0,1,1,20190921,140441,Final,0
aif190920g.7101.hdf5,70007381,7101,1,0,1,0,20190921,140449,Final,0
aif190421g.7100.hdf5,70007382,7100,1,0,1,1,20190422,140323,Final,0
aif190421g.7101.hdf5,70007382,7101,1,0,1,0,20190422,140330,Final,0
aif190821g.7100.hdf5,70007383,7100,1,0,1,1,20190822,140348,Final,0
aif190821g.7101.hdf5,70007383,7101,1,0,1,0,20190822,140356,Final,0
aif190221g.7100.hdf5,70007384,7100,1,0,1,1,20190227,150108,Final,0
aif190221g.7101.hdf5,70007384,7101,1,0,1,0,20190227,150116,Final,0
aif190121g.7100.hdf5,70007385,7100,1,0,1,1,20190122,150317,Final,0
aif190121g.7101.hdf5,70007385,7101,1,0,1,0,20190122,150324,Final,0
aif190721g.7100.hdf5,70007386,7100,1,0,1,1,20190722,140404,Final,0
aif190721g.7101.hdf5,70007386,7101,1,0,1,0,20190722,140412,Final,0
aif190621g.7100.hdf5,70007387,7100,1,0,1,1,20190622,140421,Final,0
aif190621g.7101.hdf5,70007387,7101,1,0,1,0,20190622,140429,Final,0
aif190321g.7100.hdf5,70007388,7100,1,0,1,1,20190322,140114,Final,0
aif190321g.7101.hdf5,70007388,7101,1,0,1,0,20190322,140121,Final,0
aif190521g.7100.hdf5,70007389,7100,1,0,1,1,20190522,140349,Final,0
aif190521g.7101.hdf5,70007389,7101,1,0,1,0,20190522,140357,Final,0
aif191121g.7100.hdf5,70007390,7100,1,0,1,1,20191122,150320,Final,0
aif191121g.7101.hdf5,70007390,7101,1,0,1,0,20191122,150328,Final,0
aif191021g.7100.hdf5,70007391,7100,1,0,1,1,20191022,140338,Final,0
aif191021g.7101.hdf5,70007391,7101,1,0,1,0,20191022,140346,Final,0
aif190921g.7100.hdf5,70007392,7100,1,0,1,1,20190922,140335,Final,0
aif190921g.7101.hdf5,70007392,7101,1,0,1,0,20190922,140342,Final,0
aif190422g.7100.hdf5,70007393,7100,1,0,1,1,20190423,140209,Final,0
aif190422g.7101.hdf5,70007393,7101,1,0,1,0,20190423,140216,Final,0
aif190822g.7100.hdf5,70007394,7100,1,0,1,1,20190823,140327,Final,0
aif190822g.7101.hdf5,70007394,7101,1,0,1,0,20190823,140335,Final,0
aif190222g.7100.hdf5,70007395,7100,1,0,1,1,20190227,151749,Final,0
aif190222g.7101.hdf5,70007395,7101,1,0,1,0,20190227,151756,Final,0
aif190122g.7100.hdf5,70007396,7100,1,0,1,1,20190123,150347,Final,0
aif190122g.7101.hdf5,70007396,7101,1,0,1,0,20190123,150354,Final,0
aif190722g.7100.hdf5,70007397,7100,1,0,1,1,20190723,140210,Final,0
aif190722g.7101.hdf5,70007397,7101,1,0,1,0,20190723,140217,Final,0
aif190622g.7100.hdf5,70007398,7100,1,0,1,1,20190623,140343,Final,0
aif190622g.7101.hdf5,70007398,7101,1,0,1,0,20190623,140351,Final,0
aif190322g.7100.hdf5,70007399,7100,1,0,1,1,20190323,140324,Final,0
aif190322g.7101.hdf5,70007399,7101,1,0,1,0,20190323,140331,Final,0
aif190522g.7100.hdf5,70007400,7100,1,0,1,1,20190523,140345,Final,0
aif190522g.7101.hdf5,70007400,7101,1,0,1,0,20190523,140353,Final,0
aif191122g.7100.hdf5,70007401,7100,1,0,1,1,20191123,150511,Final,0
aif191122g.7101.hdf5,70007401,7101,1,0,1,0,20191123,150520,Final,0
aif191022g.7100.hdf5,70007402,7100,1,0,1,1,20191023,140407,Final,0
aif191022g.7101.hdf5,70007402,7101,1,0,1,0,20191023,140415,Final,0
aif190922g.7100.hdf5,70007403,7100,1,0,1,1,20190923,140337,Final,0
aif190922g.7101.hdf5,70007403,7101,1,0,1,0,20190923,140345,Final,0
aif190423g.7100.hdf5,70007404,7100,1,0,1,1,20190424,140304,Final,0
aif190423g.7101.hdf5,70007404,7101,1,0,1,0,20190424,140311,Final,0
aif190823g.7100.hdf5,70007405,7100,1,0,1,1,20190824,140435,Final,0
aif190823g.7101.hdf5,70007405,7101,1,0,1,0,20190824,140442,Final,0
aif191223g.7100.hdf5,70007406,7100,1,0,1,1,20191224,150408,Final,0
aif191223g.7101.hdf5,70007406,7101,1,0,1,0,20191224,150416,Final,0
aif190223g.7100.hdf5,70007407,7100,1,0,1,1,20190227,151027,Final,0
aif190223g.7101.hdf5,70007407,7101,1,0,1,0,20190227,151035,Final,0
aif190123g.7100.hdf5,70007408,7100,1,0,1,1,20190124,150334,Final,0
aif190123g.7101.hdf5,70007408,7101,1,0,1,0,20190124,150341,Final,0
aif190723g.7100.hdf5,70007409,7100,1,0,1,1,20190724,140341,Final,0
aif190723g.7101.hdf5,70007409,7101,1,0,1,0,20190724,140349,Final,0
aif190623g.7100.hdf5,70007410,7100,1,0,1,1,20190624,140228,Final,0
aif190623g.7101.hdf5,70007410,7101,1,0,1,0,20190624,140236,Final,0
aif190323g.7100.hdf5,70007411,7100,1,0,1,1,20190324,140323,Final,0
aif190323g.7101.hdf5,70007411,7101,1,0,1,0,20190324,140331,Final,0
aif190523g.7100.hdf5,70007412,7100,1,0,1,1,20190524,140314,Final,0
aif190523g.7101.hdf5,70007412,7101,1,0,1,0,20190524,140321,Final,0
aif191123g.7100.hdf5,70007413,7100,1,0,1,1,20191124,150303,Final,0
aif191123g.7101.hdf5,70007413,7101,1,0,1,0,20191124,150311,Final,0
aif191023g.7100.hdf5,70007414,7100,1,0,1,1,20191024,140356,Final,0
aif191023g.7101.hdf5,70007414,7101,1,0,1,0,20191024,140404,Final,0
aif190923g.7100.hdf5,70007415,7100,1,0,1,1,20190924,140406,Final,0
aif190923g.7101.hdf5,70007415,7101,1,0,1,0,20190924,140414,Final,0
aif190424g.7100.hdf5,70007416,7100,1,0,1,1,20190425,140330,Final,0
aif190424g.7101.hdf5,70007416,7101,1,0,1,0,20190425,140338,Final,0
aif191224g.7100.hdf5,70007417,7100,1,0,1,1,20191225,150401,Final,0
aif191224g.7101.hdf5,70007417,7101,1,0,1,0,20191225,150409,Final,0
aif190224g.7100.hdf5,70007418,7100,1,0,1,1,20190227,150654,Final,0
aif190224g.7101.hdf5,70007418,7101,1,0,1,0,20190227,150701,Final,0
aif190624g.7100.hdf5,70007419,7100,1,0,1,1,20190625,140400,Final,0
aif190624g.7101.hdf5,70007419,7101,1,0,1,0,20190625,140407,Final,0
aif190324g.7100.hdf5,70007420,7100,1,0,1,1,20190325,140323,Final,0
aif190324g.7101.hdf5,70007420,7101,1,0,1,0,20190325,140330,Final,0
aif190524g.7100.hdf5,70007421,7100,1,0,1,1,20190525,140414,Final,0
aif190524g.7101.hdf5,70007421,7101,1,0,1,0,20190525,140421,Final,0
aif191124g.7100.hdf5,70007422,7100,1,0,1,1,20191126,150720,Final,0
aif191124g.7101.hdf5,70007422,7101,1,0,1,0,20191126,150727,Final,0
aif191024g.7100.hdf5,70007423,7100,1,0,1,1,20191025,140351,Final,0
aif191024g.7101.hdf5,70007423,7101,1,0,1,0,20191025,140359,Final,0
aif190425g.7100.hdf5,70007424,7100,1,0,1,1,20190426,140323,Final,0
aif190425g.7101.hdf5,70007424,7101,1,0,1,0,20190426,140330,Final,0
aif190824g.7100.hdf5,70007425,7100,1,0,1,1,20190825,140332,Final,0
aif190824g.7101.hdf5,70007425,7101,1,0,1,0,20190825,140340,Final,0
aif190825g.7100.hdf5,70007426,7100,1,0,1,1,20190826,140355,Final,0
aif190825g.7101.hdf5,70007426,7101,1,0,1,0,20190826,140403,Final,0
aif191225g.7100.hdf5,70007427,7100,1,0,1,1,20191226,150343,Final,0
aif191225g.7101.hdf5,70007427,7101,1,0,1,0,20191226,150351,Final,0
aif190225g.7100.hdf5,70007428,7100,1,0,1,1,20190227,152449,Final,0
aif190225g.7101.hdf5,70007428,7101,1,0,1,0,20190227,152456,Final,0
aif190124g.7100.hdf5,70007429,7100,1,0,1,1,20190125,150337,Final,0
aif190124g.7101.hdf5,70007429,7101,1,0,1,0,20190125,150345,Final,0
aif190125g.7100.hdf5,70007430,7100,1,0,1,1,20190126,150355,Final,0
aif190125g.7101.hdf5,70007430,7101,1,0,1,0,20190126,150402,Final,0
aif190724g.7100.hdf5,70007431,7100,1,0,1,1,20190725,140349,Final,0
aif190724g.7101.hdf5,70007431,7101,1,0,1,0,20190725,140357,Final,0
aif190625g.7100.hdf5,70007432,7100,1,0,1,1,20190626,140355,Final,0
aif190625g.7101.hdf5,70007432,7101,1,0,1,0,20190626,140402,Final,0
aif190325g.7100.hdf5,70007433,7100,1,0,1,1,20190326,140327,Final,0
aif190325g.7101.hdf5,70007433,7101,1,0,1,0,20190326,140334,Final,0
aif190525g.7100.hdf5,70007434,7100,1,0,1,1,20190526,140312,Final,0
aif190525g.7101.hdf5,70007434,7101,1,0,1,0,20190526,140319,Final,0
aif191125g.7100.hdf5,70007435,7100,1,0,1,1,20191126,150606,Final,0
aif191125g.7101.hdf5,70007435,7101,1,0,1,0,20191126,150614,Final,0
aif191025g.7100.hdf5,70007436,7100,1,0,1,1,20191026,140617,Final,0
aif191025g.7101.hdf5,70007436,7101,1,0,1,0,20191026,140625,Final,0
aif190925g.7100.hdf5,70007437,7100,1,0,1,1,20190926,140417,Final,0
aif190925g.7101.hdf5,70007437,7101,1,0,1,0,20190926,140424,Final,0
aif190426g.7100.hdf5,70007438,7100,1,0,1,1,20190427,140309,Final,0
aif190426g.7101.hdf5,70007438,7101,1,0,1,0,20190427,140316,Final,0
aif190826g.7100.hdf5,70007439,7100,1,0,1,1,20190827,140406,Final,0
aif190826g.7101.hdf5,70007439,7101,1,0,1,0,20190827,140415,Final,0
aif191226g.7100.hdf5,70007440,7100,1,0,1,1,20191227,150246,Final,0
aif191226g.7101.hdf5,70007440,7101,1,0,1,0,20191227,150255,Final,0
aif190226g.7100.hdf5,70007441,7100,1,0,1,1,20190227,150321,Final,0
aif190226g.7101.hdf5,70007441,7101,1,0,1,0,20190227,150328,Final,0
aif190126g.7100.hdf5,70007442,7100,1,0,1,1,20190127,150355,Final,0
aif190126g.7101.hdf5,70007442,7101,1,0,1,0,20190127,150403,Final,0
aif190725g.7100.hdf5,70007443,7100,1,0,1,1,20190726,140330,Final,0
aif190725g.7101.hdf5,70007443,7101,1,0,1,0,20190726,140338,Final,0
aif190726g.7100.hdf5,70007444,7100,1,0,1,1,20190727,140453,Final,0
aif190726g.7101.hdf5,70007444,7101,1,0,1,0,20190727,140501,Final,0
aif190626g.7100.hdf5,70007445,7100,1,0,1,1,20190627,140425,Final,0
aif190626g.7101.hdf5,70007445,7101,1,0,1,0,20190627,140433,Final,0
aif190326g.7100.hdf5,70007446,7100,1,0,1,1,20190327,140320,Final,0
aif190326g.7101.hdf5,70007446,7101,1,0,1,0,20190327,140327,Final,0
aif190526g.7100.hdf5,70007447,7100,1,0,1,1,20190527,140317,Final,0
aif190526g.7101.hdf5,70007447,7101,1,0,1,0,20190527,140324,Final,0
aif191126g.7100.hdf5,70007448,7100,1,0,1,1,20191127,150441,Final,0
aif191126g.7101.hdf5,70007448,7101,1,0,1,0,20191127,150449,Final,0
aif191026g.7100.hdf5,70007449,7100,1,0,1,1,20191027,140338,Final,0
aif191026g.7101.hdf5,70007449,7101,1,0,1,0,20191027,140346,Final,0
aif190427g.7100.hdf5,70007450,7100,1,0,1,1,20190428,140330,Final,0
aif190427g.7101.hdf5,70007450,7101,1,0,1,0,20190428,140338,Final,0
aif191227g.7100.hdf5,70007451,7100,1,0,1,1,20191228,150514,Final,0
aif191227g.7101.hdf5,70007451,7101,1,0,1,0,20191228,150522,Final,0
aif190227g.7100.hdf5,70007452,7100,1,0,1,1,20190228,150214,Final,0
aif190227g.7101.hdf5,70007452,7101,1,0,1,0,20190228,150222,Final,0
aif190127g.7100.hdf5,70007453,7100,1,0,1,1,20190128,150332,Final,0
aif190127g.7101.hdf5,70007453,7101,1,0,1,0,20190128,150339,Final,0
aif190727g.7100.hdf5,70007454,7100,1,0,1,1,20190728,140344,Final,0
aif190727g.7101.hdf5,70007454,7101,1,0,1,0,20190728,140352,Final,0
aif190627g.7100.hdf5,70007455,7100,1,0,1,1,20190628,140346,Final,0
aif190627g.7101.hdf5,70007455,7101,1,0,1,0,20190628,140354,Final,0
aif190327g.7100.hdf5,70007456,7100,1,0,1,1,20190328,140328,Final,0
aif190327g.7101.hdf5,70007456,7101,1,0,1,0,20190328,140335,Final,0
aif190527g.7100.hdf5,70007457,7100,1,0,1,1,20190528,140325,Final,0
aif190527g.7101.hdf5,70007457,7101,1,0,1,0,20190528,140332,Final,0
aif191127g.7100.hdf5,70007458,7100,1,0,1,1,20191128,150320,Final,0
aif191127g.7101.hdf5,70007458,7101,1,0,1,0,20191128,150328,Final,0
aif191027g.7100.hdf5,70007459,7100,1,0,1,1,20191028,140335,Final,0
aif191027g.7101.hdf5,70007459,7101,1,0,1,0,20191028,140343,Final,0
aif190927g.7100.hdf5,70007460,7100,1,0,1,1,20190928,140556,Final,0
aif190927g.7101.hdf5,70007460,7101,1,0,1,0,20190928,140604,Final,0
aif190428g.7100.hdf5,70007461,7100,1,0,1,1,20190429,140330,Final,0
aif190428g.7101.hdf5,70007461,7101,1,0,1,0,20190429,140338,Final,0
aif191228g.7100.hdf5,70007462,7100,1,0,1,1,20191229,150419,Final,0
aif191228g.7101.hdf5,70007462,7101,1,0,1,0,20191229,150428,Final,0
aif190228g.7100.hdf5,70007463,7100,1,0,1,1,20190301,150431,Final,0
aif190228g.7101.hdf5,70007463,7101,1,0,1,0,20190301,150439,Final,0
aif190128g.7100.hdf5,70007464,7100,1,0,1,1,20190129,150348,Final,0
aif190128g.7101.hdf5,70007464,7101,1,0,1,0,20190129,150356,Final,0
aif190628g.7100.hdf5,70007465,7100,1,0,1,1,20190629,140538,Final,0
aif190628g.7101.hdf5,70007465,7101,1,0,1,0,20190629,140545,Final,0
aif190328g.7100.hdf5,70007466,7100,1,0,1,1,20190329,140308,Final,0
aif190328g.7101.hdf5,70007466,7101,1,0,1,0,20190329,140315,Final,0
aif190528g.7100.hdf5,70007467,7100,1,0,1,1,20190529,140310,Final,0
aif190528g.7101.hdf5,70007467,7101,1,0,1,0,20190529,140317,Final,0
aif191128g.7100.hdf5,70007468,7100,1,0,1,1,20191129,150358,Final,0
aif191128g.7101.hdf5,70007468,7101,1,0,1,0,20191129,150406,Final,0
aif191028g.7100.hdf5,70007469,7100,1,0,1,1,20191029,140351,Final,0
aif191028g.7101.hdf5,70007469,7101,1,0,1,0,20191029,140358,Final,0
aif190928g.7100.hdf5,70007470,7100,1,0,1,1,20190929,140420,Final,0
aif190928g.7101.hdf5,70007470,7101,1,0,1,0,20190929,140427,Final,0
aif190429g.7100.hdf5,70007471,7100,1,0,1,1,20190430,140314,Final,0
aif190429g.7101.hdf5,70007471,7101,1,0,1,0,20190430,140322,Final,0
aif190829g.7100.hdf5,70007472,7100,1,0,1,1,20190830,140335,Final,0
aif190829g.7101.hdf5,70007472,7101,1,0,1,0,20190830,140343,Final,0
aif191229g.7100.hdf5,70007473,7100,1,0,1,1,20191230,150234,Final,0
aif191229g.7101.hdf5,70007473,7101,1,0,1,0,20191230,150242,Final,0
aif190129g.7100.hdf5,70007474,7100,1,0,1,1,20190130,150306,Final,0
aif190129g.7101.hdf5,70007474,7101,1,0,1,0,20190130,150313,Final,0
aif190629g.7100.hdf5,70007475,7100,1,0,1,1,20190630,140332,Final,0
aif190629g.7101.hdf5,70007475,7101,1,0,1,0,20190630,140340,Final,0
aif190329g.7100.hdf5,70007476,7100,1,0,1,1,20190330,140516,Final,0
aif190329g.7101.hdf5,70007476,7101,1,0,1,0,20190330,140523,Final,0
aif190529g.7100.hdf5,70007477,7100,1,0,1,1,20190530,140314,Final,0
aif190529g.7101.hdf5,70007477,7101,1,0,1,0,20190530,140321,Final,0
aif191129g.7100.hdf5,70007478,7100,1,0,1,1,20191130,150444,Final,0
aif191129g.7101.hdf5,70007478,7101,1,0,1,0,20191130,150451,Final,0
aif191029g.7100.hdf5,70007479,7100,1,0,1,1,20191030,140357,Final,0
aif191029g.7101.hdf5,70007479,7101,1,0,1,0,20191030,140405,Final,0
aif190929g.7100.hdf5,70007480,7100,1,0,1,1,20190930,140408,Final,0
aif190929g.7101.hdf5,70007480,7101,1,0,1,0,20190930,140416,Final,0
aif190430g.7100.hdf5,70007481,7100,1,0,1,1,20190501,140317,Final,0
aif190430g.7101.hdf5,70007481,7101,1,0,1,0,20190501,140325,Final,0
aif190830g.7100.hdf5,70007482,7100,1,0,1,1,20190831,140616,Final,0
aif190830g.7101.hdf5,70007482,7101,1,0,1,0,20190831,140623,Final,0
aif191230g.7100.hdf5,70007483,7100,1,0,1,1,20191231,150222,Final,0
aif191230g.7101.hdf5,70007483,7101,1,0,1,0,20191231,150230,Final,0
aif190130g.7100.hdf5,70007484,7100,1,0,1,1,20190131,150349,Final,0
aif190130g.7101.hdf5,70007484,7101,1,0,1,0,20190131,150356,Final,0
aif190730g.7100.hdf5,70007485,7100,1,0,1,1,20190731,140349,Final,0
aif190730g.7101.hdf5,70007485,7101,1,0,1,0,20190731,140356,Final,0
aif190330g.7100.hdf5,70007486,7100,1,0,1,1,20190331,140317,Final,0
aif190330g.7101.hdf5,70007486,7101,1,0,1,0,20190331,140324,Final,0
aif191130g.7100.hdf5,70007487,7100,1,0,1,1,20191201,150349,Final,0
aif191130g.7101.hdf5,70007487,7101,1,0,1,0,20191201,150357,Final,0
aif191030g.7100.hdf5,70007488,7100,1,0,1,1,20191031,140417,Final,0
aif191030g.7101.hdf5,70007488,7101,1,0,1,0,20191031,140425,Final,0
aif190930g.7100.hdf5,70007489,7100,1,0,1,1,20191001,140339,Final,0
aif190930g.7101.hdf5,70007489,7101,1,0,1,0,20191001,140347,Final,0
aif190831g.7100.hdf5,70007490,7100,1,0,1,1,20190901,140347,Final,0
aif190831g.7101.hdf5,70007490,7101,1,0,1,0,20190901,140354,Final,0
aif191231g.7100.hdf5,70007491,7100,1,0,1,1,20200101,150347,Final,0
aif191231g.7101.hdf5,70007491,7101,1,0,1,0,20200101,150355,Final,0
aif190131g.7100.hdf5,70007492,7100,1,0,1,1,20190201,150343,Final,0
aif190131g.7101.hdf5,70007492,7101,1,0,1,0,20190201,150351,Final,0
aif190731g.7100.hdf5,70007493,7100,1,0,1,1,20190802,140702,Final,0
aif190731g.7101.hdf5,70007493,7101,1,0,1,0,20190802,140710,Final,0
aif190331g.7100.hdf5,70007494,7100,1,0,1,1,20190401,141337,Final,0
aif190331g.7101.hdf5,70007494,7101,1,0,1,0,20190401,141344,Final,0
aif190531g.7100.hdf5,70007495,7100,1,0,1,1,20190601,140538,Final,0
aif190531g.7101.hdf5,70007495,7101,1,0,1,0,20190601,140545,Final,0
aif191031g.7100.hdf5,70007496,7100,1,0,1,1,20191101,140331,Final,0
aif191031g.7101.hdf5,70007496,7101,1,0,1,0,20191101,140339,Final,0
akl20190703k.001.hdf5,70007497,2002,1,0,1,1,20201117,231727,Final,0
akl20190703t.001.hdf5,70007497,10002,1,0,1,0,20201117,231728,Final,0
akl20190611k.001.hdf5,70007498,2002,1,0,1,1,20201216,122214,Final,0
akl20190611t.001.hdf5,70007498,10002,1,0,1,0,20201216,122214,Final,0
aro20190201clpg.000.hdf5,70007499,2020,3,0,1,1,20190208,200224,History,0
aro20190201plg.001.hdf5,70007499,2041,1,0,1,0,20190227,122121,Final,0
aro20190201clpg.001.hdf5,70007499,2020,3,0,1,0,20190306,184935,History,0
aro20190201clpg.002.hdf5,70007499,2020,3,0,1,0,20210226,190751,History,0
aro20190201clpg.003.hdf5,70007499,2020,1,0,1,0,20210331,143321,Preliminary,0
aro20190202clpg.000.hdf5,70007500,2020,3,0,1,1,20190208,202747,History,0
aro20190202plg.001.hdf5,70007500,2041,1,0,1,0,20190227,152828,Final,0
aro20190202clpg.001.hdf5,70007500,2020,3,0,1,0,20190306,191629,History,0
aro20190202clpg.002.hdf5,70007500,2020,3,0,1,0,20210302,142107,History,0
aro20190202clpg.003.hdf5,70007500,2020,1,0,1,0,20210331,163004,Preliminary,0
aro20191002plg.001.hdf5,70007501,2041,1,0,1,1,20210609,142539,Final,0
aro20190203clpg.000.hdf5,70007502,2020,3,0,1,1,20190208,213903,History,0
aro20190203plg.001.hdf5,70007502,2041,1,0,1,0,20190227,205541,Final,0
aro20190203clpg.001.hdf5,70007502,2020,3,0,1,0,20190306,202908,History,0
aro20190203clpg.002.hdf5,70007502,2020,3,0,1,0,20210302,182855,History,0
aro20190203clpg.003.hdf5,70007502,2020,1,0,1,0,20210331,192400,Preliminary,0
aro20191003plg.001.hdf5,70007503,2041,1,0,1,1,20210609,160716,Final,0
aro20190204clpg.000.hdf5,70007504,2020,3,0,1,1,20190208,224954,History,0
aro20190204plg.001.hdf5,70007504,2041,1,0,1,0,20190228,021101,Final,0
aro20190204clpg.001.hdf5,70007504,2020,3,0,1,0,20190306,214031,History,0
aro20190204clpg.003.hdf5,70007504,2020,1,0,1,0,20210331,221014,Preliminary,0
aro20191004plg.001.hdf5,70007505,2041,1,0,1,1,20210609,190119,Final,0
aro20190205clpg.000.hdf5,70007506,2020,3,0,1,1,20190208,235915,History,0
aro20190205plg.001.hdf5,70007506,2041,1,0,1,0,20190228,071321,Final,0
aro20190205clpg.001.hdf5,70007506,2020,3,0,1,0,20190306,225015,History,0
aro20190205clpg.003.hdf5,70007506,2020,1,0,1,0,20210401,005728,Preliminary,0
aro20191005plg.001.hdf5,70007507,2041,1,0,1,1,20210609,213921,Final,0
aro20190206clpg.000.hdf5,70007508,2020,3,0,1,1,20190209,010105,History,0
aro20190206plg.001.hdf5,70007508,2041,1,0,1,0,20190228,110222,Final,0
aro20190206clpg.001.hdf5,70007508,2020,3,0,1,0,20190306,235353,History,0
aro20190206clpg.003.hdf5,70007508,2020,1,0,1,0,20210401,030153,Preliminary,0
aai20200401.00001.hdf5,70007509,20,1,0,1,1,20200405,061434,Final,0
aai20200801.00001.hdf5,70007510,20,1,0,1,1,20200802,061707,Final,0
aai20200201.00001.hdf5,70007511,20,1,0,1,1,20200202,071902,Final,0
aai20200101.00001.hdf5,70007512,20,1,0,1,1,20200105,071806,Final,0
aai20200601.00001.hdf5,70007513,20,1,0,1,1,20200607,060445,Final,0
aai20200301.00001.hdf5,70007514,20,1,0,1,1,20200302,151007,Final,0
aai20200501.00001.hdf5,70007515,20,1,0,1,1,20200503,061329,Final,0
aai20200402.00001.hdf5,70007516,20,1,0,1,1,20200405,062030,Final,0
aai20200802.00001.hdf5,70007517,20,1,0,1,1,20200809,060910,Final,0
aai20200202.00001.hdf5,70007518,20,1,0,1,1,20200209,071045,Final,0
aai20200102.00001.hdf5,70007519,20,1,0,1,1,20200105,071138,Final,0
aai20200602.00001.hdf5,70007520,20,1,0,1,1,20200607,060840,Final,0
aai20200302.00001.hdf5,70007521,20,1,0,1,1,20200308,071010,Final,0
aai20200502.00001.hdf5,70007522,20,1,0,1,1,20200503,061607,Final,0
aai20201102.00001.hdf5,70007523,20,1,0,1,1,20201108,065328,Final,0
aai20200403.00001.hdf5,70007524,20,1,0,1,1,20200405,061403,Final,0
aai20200203.00001.hdf5,70007525,20,1,0,1,1,20200209,070913,Final,0
aai20200103.00001.hdf5,70007526,20,1,0,1,1,20200105,071521,Final,0
aai20200603.00001.hdf5,70007527,20,1,0,1,1,20200607,060502,Final,0
aai20200303.00001.hdf5,70007528,20,1,0,1,1,20200308,071318,Final,0
aai20200503.00001.hdf5,70007529,20,1,0,1,1,20200510,060514,Final,0
aai20201103.00001.hdf5,70007530,20,1,0,1,1,20201108,065047,Final,0
aai20201003.00001.hdf5,70007531,20,1,0,1,1,20201011,055452,Final,0
aai20200404.00001.hdf5,70007532,20,1,0,1,1,20200405,061847,Final,0
aai20200804.00001.hdf5,70007533,20,1,0,1,1,20200809,060852,Final,0
aai20200204.00001.hdf5,70007534,20,1,0,1,1,20200209,070528,Final,0
aai20200104.00001.hdf5,70007535,20,1,0,1,1,20200105,071448,Final,0
aai20200604.00001.hdf5,70007536,20,1,0,1,1,20200607,060856,Final,0
aai20200304.00001.hdf5,70007537,20,1,0,1,1,20200308,071448,Final,0
aai20200504.00001.hdf5,70007538,20,1,0,1,1,20200510,060151,Final,0
aai20201104.00001.hdf5,70007539,20,1,0,1,1,20201108,065458,Final,0
aai20201004.00001.hdf5,70007540,20,1,0,1,1,20201011,055612,Final,0
aai20200904.00001.hdf5,70007541,20,1,0,1,1,20200906,062216,Final,0
aai20200405.00001.hdf5,70007542,20,1,0,1,1,20200426,063753,Final,0
aai20200805.00001.hdf5,70007543,20,1,0,1,1,20200809,060404,Final,0
aai20201205.00001.hdf5,70007544,20,1,0,1,1,20201213,065559,Final,0
aai20200205.00001.hdf5,70007545,20,1,0,1,1,20200209,070945,Final,0
aai20200105.00001.hdf5,70007546,20,1,0,1,1,20200112,070312,Final,0
aai20200305.00001.hdf5,70007547,20,1,0,1,1,20200308,070937,Final,0
aai20200505.00001.hdf5,70007548,20,1,0,1,1,20200510,060647,Final,0
aai20201105.00001.hdf5,70007549,20,1,0,1,1,20201108,065128,Final,0
aai20201005.00001.hdf5,70007550,20,1,0,1,1,20201011,055438,Final,0
aai20200905.00001.hdf5,70007551,20,1,0,1,1,20200906,062409,Final,0
aai20200406.00001.hdf5,70007552,20,1,0,1,1,20200419,083832,Final,0
aai20200806.00001.hdf5,70007553,20,1,0,1,1,20200809,060425,Final,0
aai20201206.00001.hdf5,70007554,20,1,0,1,1,20201213,065354,Final,0
aai20200206.00001.hdf5,70007555,20,1,0,1,1,20200209,070620,Final,0
aai20200106.00001.hdf5,70007556,20,1,0,1,1,20200112,070639,Final,0
aai20200606.00001.hdf5,70007557,20,1,0,1,1,20200614,060936,Final,0
aai20200306.00001.hdf5,70007558,20,1,0,1,1,20200308,071348,Final,0
aai20201106.00001.hdf5,70007559,20,1,0,1,1,20201108,065031,Final,0
aai20201006.00001.hdf5,70007560,20,1,0,1,1,20201011,055422,Final,0
aai20200906.00001.hdf5,70007561,20,1,0,1,1,20200913,062937,Final,0
aai20200807.00001.hdf5,70007562,20,1,0,1,1,20200809,060951,Final,0
aai20201207.00001.hdf5,70007563,20,1,0,1,1,20201213,065146,Final,0
aai20200207.00001.hdf5,70007564,20,1,0,1,1,20200209,070457,Final,0
aai20200107.00001.hdf5,70007565,20,1,0,1,1,20200112,070739,Final,0
aai20200607.00001.hdf5,70007566,20,1,0,1,1,20200614,061313,Final,0
aai20200307.00001.hdf5,70007567,20,1,0,1,1,20200308,071212,Final,0
aai20201107.00001.hdf5,70007568,20,1,0,1,1,20201108,065401,Final,0
aai20201007.00001.hdf5,70007569,20,1,0,1,1,20201011,055356,Final,0
aai20200907.00001.hdf5,70007570,20,1,0,1,1,20200913,062834,Final,0
aai20200808.00001.hdf5,70007571,20,1,0,1,1,20200809,060457,Final,0
aai20201208.00001.hdf5,70007572,20,1,0,1,1,20201213,065719,Final,0
aai20200108.00001.hdf5,70007573,20,1,0,1,1,20200112,070608,Final,0
aai20200608.00001.hdf5,70007574,20,1,0,1,1,20200614,061400,Final,0
aai20200308.00001.hdf5,70007575,20,1,0,1,1,20200322,062814,Final,0
aai20200508.00001.hdf5,70007576,20,1,0,1,1,20200510,060444,Final,0
aai20201108.00001.hdf5,70007577,20,1,0,1,1,20201115,065557,Final,0
aai20201008.00001.hdf5,70007578,20,1,0,1,1,20201011,055540,Final,0
aai20200908.00001.hdf5,70007579,20,1,0,1,1,20200913,063027,Final,0
aai20200409.00001.hdf5,70007580,20,1,0,1,1,20200419,082448,Final,0
aai20200809.00001.hdf5,70007581,20,1,0,1,1,20200816,060805,Final,0
aai20201209.00001.hdf5,70007582,20,1,0,1,1,20201213,065807,Final,0
aai20200609.00001.hdf5,70007583,20,1,0,1,1,20200614,060827,Final,0
aai20200509.00001.hdf5,70007584,20,1,0,1,1,20200510,060208,Final,0
aai20201109.00001.hdf5,70007585,20,1,0,1,1,20201115,065115,Final,0
aai20201009.00001.hdf5,70007586,20,1,0,1,1,20201011,055330,Final,0
aai20200909.00001.hdf5,70007587,20,1,0,1,1,20200920,063604,Final,0
aai20200410.00001.hdf5,70007588,20,1,0,1,1,20200419,082941,Final,0
aai20200810.00001.hdf5,70007589,20,1,0,1,1,20200816,061252,Final,0
aai20201210.00001.hdf5,70007590,20,1,0,1,1,20201213,065247,Final,0
aai20200210.00001.hdf5,70007591,20,1,0,1,1,20200302,150732,Final,0
aai20200610.00001.hdf5,70007592,20,1,0,1,1,20200614,061256,Final,0
aai20200310.00001.hdf5,70007593,20,1,0,1,1,20200322,063502,Final,0
aai20200510.00001.hdf5,70007594,20,1,0,1,1,20200517,061525,Final,0
aai20201110.00001.hdf5,70007595,20,1,0,1,1,20201115,065344,Final,0
aai20201010.00001.hdf5,70007596,20,1,0,1,1,20201011,055117,Final,0
aai20200411.00001.hdf5,70007597,20,1,0,1,1,20200419,082757,Final,0
aai20200811.00001.hdf5,70007598,20,1,0,1,1,20200816,060929,Final,0
aai20201211.00001.hdf5,70007599,20,1,0,1,1,20201213,065217,Final,0
aai20200211.00001.hdf5,70007600,20,1,0,1,1,20200302,151336,Final,0
aai20200611.00001.hdf5,70007601,20,1,0,1,1,20200614,060857,Final,0
aai20200311.00001.hdf5,70007602,20,1,0,1,1,20200322,062904,Final,0
aai20200511.00001.hdf5,70007603,20,1,0,1,1,20200517,061401,Final,0
aai20201111.00001.hdf5,70007604,20,1,0,1,1,20201115,065508,Final,0
aai20201011.00001.hdf5,70007605,20,1,0,1,1,20201018,055430,Final,0
aai20200412.00001.hdf5,70007606,20,1,0,1,1,20200426,064001,Final,0
aai20200812.00001.hdf5,70007607,20,1,0,1,1,20200816,061220,Final,0
aai20201212.00001.hdf5,70007608,20,1,0,1,1,20201213,065634,Final,0
aai20200212.00001.hdf5,70007609,20,1,0,1,1,20200302,151216,Final,0
aai20200112.00001.hdf5,70007610,20,1,0,1,1,20200119,071550,Final,0
aai20200612.00001.hdf5,70007611,20,1,0,1,1,20200614,061005,Final,0
aai20200312.00001.hdf5,70007612,20,1,0,1,1,20200322,062924,Final,0
aai20200512.00001.hdf5,70007613,20,1,0,1,1,20200517,061331,Final,0
aai20201112.00001.hdf5,70007614,20,1,0,1,1,20201115,065047,Final,0
aai20201012.00001.hdf5,70007615,20,1,0,1,1,20201018,055401,Final,0
aai20200912.00001.hdf5,70007616,20,1,0,1,1,20200920,063740,Final,0
aai20200413.00001.hdf5,70007617,20,1,0,1,1,20200426,064712,Final,0
aai20200813.00001.hdf5,70007618,20,1,0,1,1,20200816,061411,Final,0
aai20201213.00001.hdf5,70007619,20,1,0,1,1,20201220,065234,Final,0
aai20200213.00001.hdf5,70007620,20,1,0,1,1,20200302,150901,Final,0
aai20200113.00001.hdf5,70007621,20,1,0,1,1,20200119,071500,Final,0
aai20200613.00001.hdf5,70007622,20,1,0,1,1,20200614,061342,Final,0
aai20200313.00001.hdf5,70007623,20,1,0,1,1,20200322,063343,Final,0
aai20200513.00001.hdf5,70007624,20,1,0,1,1,20200517,061454,Final,0
aai20201113.00001.hdf5,70007625,20,1,0,1,1,20201115,065440,Final,0
aai20201013.00001.hdf5,70007626,20,1,0,1,1,20201018,055110,Final,0
aai20200913.00001.hdf5,70007627,20,1,0,1,1,20200920,063054,Final,0
aai20200414.00001.hdf5,70007628,20,1,0,1,1,20200426,063931,Final,0
aai20200814.00001.hdf5,70007629,20,1,0,1,1,20200816,060735,Final,0
aai20201214.00001.hdf5,70007630,20,1,0,1,1,20201220,065321,Final,0
aai20200214.00001.hdf5,70007631,20,1,0,1,1,20200302,151438,Final,0
aai20200114.00001.hdf5,70007632,20,1,0,1,1,20200119,071531,Final,0
aai20200614.00001.hdf5,70007633,20,1,0,1,1,20200628,063125,Final,0
aai20200314.00001.hdf5,70007634,20,1,0,1,1,20200322,063017,Final,0
aai20200514.00001.hdf5,70007635,20,1,0,1,1,20200517,062012,Final,0
aai20201114.00001.hdf5,70007636,20,1,0,1,1,20201115,065411,Final,0
aai20201014.00001.hdf5,70007637,20,1,0,1,1,20201018,055459,Final,0
aai20200914.00001.hdf5,70007638,20,1,0,1,1,20200920,063506,Final,0
aai20200415.00001.hdf5,70007639,20,1,0,1,1,20200419,081244,Final,0
aai20200815.00001.hdf5,70007640,20,1,0,1,1,20200816,060856,Final,0
aai20201215.00001.hdf5,70007641,20,1,0,1,1,20201220,065610,Final,0
aai20200215.00001.hdf5,70007642,20,1,0,1,1,20200302,150243,Final,0
aai20200115.00001.hdf5,70007643,20,1,0,1,1,20200119,071225,Final,0
aai20200615.00001.hdf5,70007644,20,1,0,1,1,20200628,063805,Final,0
aai20200315.00001.hdf5,70007645,20,1,0,1,1,20200322,063414,Final,0
aai20200515.00001.hdf5,70007646,20,1,0,1,1,20200517,061920,Final,0
aai20201115.00001.hdf5,70007647,20,1,0,1,1,20201122,065137,Final,0
aai20201015.00001.hdf5,70007648,20,1,0,1,1,20201018,055315,Final,0
aai20200915.00001.hdf5,70007649,20,1,0,1,1,20200920,063538,Final,0
aai20200416.00001.hdf5,70007650,20,1,0,1,1,20200419,083538,Final,0
aai20200816.00001.hdf5,70007651,20,1,0,1,1,20200823,061148,Final,0
aai20201216.00001.hdf5,70007652,20,1,0,1,1,20201220,065638,Final,0
aai20200216.00001.hdf5,70007653,20,1,0,1,1,20200302,150104,Final,0
aai20200116.00001.hdf5,70007654,20,1,0,1,1,20200119,071102,Final,0
aai20200616.00001.hdf5,70007655,20,1,0,1,1,20200628,063909,Final,0
aai20200316.00001.hdf5,70007656,20,1,0,1,1,20200322,062847,Final,0
aai20200516.00001.hdf5,70007657,20,1,0,1,1,20200517,061821,Final,0
aai20201116.00001.hdf5,70007658,20,1,0,1,1,20201122,065107,Final,0
aai20201016.00001.hdf5,70007659,20,1,0,1,1,20201018,055025,Final,0
aai20200916.00001.hdf5,70007660,20,1,0,1,1,20200920,063653,Final,0
aai20200417.00001.hdf5,70007661,20,1,0,1,1,20200426,063859,Final,0
aai20200817.00001.hdf5,70007662,20,1,0,1,1,20200823,060815,Final,0
aai20201217.00001.hdf5,70007663,20,1,0,1,1,20201220,065735,Final,0
aai20200217.00001.hdf5,70007664,20,1,0,1,1,20200302,150935,Final,0
aai20200117.00001.hdf5,70007665,20,1,0,1,1,20200119,071647,Final,0
aai20200617.00001.hdf5,70007666,20,1,0,1,1,20200628,063341,Final,0
aai20200317.00001.hdf5,70007667,20,1,0,1,1,20200322,063652,Final,0
aai20200517.00001.hdf5,70007668,20,1,0,1,1,20200524,061315,Final,0
aai20201117.00001.hdf5,70007669,20,1,0,1,1,20201122,065648,Final,0
aai20201017.00001.hdf5,70007670,20,1,0,1,1,20201018,055525,Final,0
aai20200917.00001.hdf5,70007671,20,1,0,1,1,20200920,063125,Final,0
aai20200418.00001.hdf5,70007672,20,1,0,1,1,20200426,064158,Final,0
aai20200818.00001.hdf5,70007673,20,1,0,1,1,20200823,060848,Final,0
aai20201218.00001.hdf5,70007674,20,1,0,1,1,20201220,065205,Final,0
aai20200218.00001.hdf5,70007675,20,1,0,1,1,20200302,150504,Final,0
aai20200118.00001.hdf5,70007676,20,1,0,1,1,20200119,071132,Final,0
aai20200718.00001.hdf5,70007677,20,1,0,1,1,20200726,061748,Final,0
aai20200618.00001.hdf5,70007678,20,1,0,1,1,20200628,063156,Final,0
aai20200318.00001.hdf5,70007679,20,1,0,1,1,20200322,063600,Final,0
aai20200518.00001.hdf5,70007680,20,1,0,1,1,20200524,061618,Final,0
aai20201118.00001.hdf5,70007681,20,1,0,1,1,20201122,065442,Final,0
aai20201018.00001.hdf5,70007682,20,1,0,1,1,20201025,055508,Final,0
aai20200918.00001.hdf5,70007683,20,1,0,1,1,20200920,063436,Final,0
aai20200419.00001.hdf5,70007684,20,1,0,1,1,20200426,064621,Final,0
aai20200819.00001.hdf5,70007685,20,1,0,1,1,20200823,061428,Final,0
aai20201219.00001.hdf5,70007686,20,1,0,1,1,20201220,065539,Final,0
aai20200219.00001.hdf5,70007687,20,1,0,1,1,20200302,145902,Final,0
aai20200119.00001.hdf5,70007688,20,1,0,1,1,20200126,071948,Final,0
aai20200719.00001.hdf5,70007689,20,1,0,1,1,20200726,061600,Final,0
aai20200619.00001.hdf5,70007690,20,1,0,1,1,20200628,064111,Final,0
aai20200319.00001.hdf5,70007691,20,1,0,1,1,20200322,063733,Final,0
aai20200519.00001.hdf5,70007692,20,1,0,1,1,20200524,061900,Final,0
aai20201119.00001.hdf5,70007693,20,1,0,1,1,20201122,065208,Final,0
aai20201019.00001.hdf5,70007694,20,1,0,1,1,20201025,055641,Final,0
aai20200919.00001.hdf5,70007695,20,1,0,1,1,20200920,063024,Final,0
aai20200420.00001.hdf5,70007696,20,1,0,1,1,20200426,064449,Final,0
aai20200820.00001.hdf5,70007697,20,1,0,1,1,20200823,061221,Final,0
aai20201220.00001.hdf5,70007698,20,1,0,1,1,20201227,065313,Final,0
aai20200220.00001.hdf5,70007699,20,1,0,1,1,20200302,150428,Final,0
aai20200120.00001.hdf5,70007700,20,1,0,1,1,20200126,071758,Final,0
aai20200720.00001.hdf5,70007701,20,1,0,1,1,20200726,061849,Final,0
aai20200620.00001.hdf5,70007702,20,1,0,1,1,20200628,063306,Final,0
aai20200320.00001.hdf5,70007703,20,1,0,1,1,20200322,063047,Final,0
aai20200520.00001.hdf5,70007704,20,1,0,1,1,20200524,061825,Final,0
aai20201120.00001.hdf5,70007705,20,1,0,1,1,20201122,065512,Final,0
aai20201020.00001.hdf5,70007706,20,1,0,1,1,20201025,055845,Final,0
aai20200920.00001.hdf5,70007707,20,1,0,1,1,20200927,062240,Final,0
aai20200421.00001.hdf5,70007708,20,1,0,1,1,20200426,064104,Final,0
aai20200821.00001.hdf5,70007709,20,1,0,1,1,20200823,060721,Final,0
aai20201221.00001.hdf5,70007710,20,1,0,1,1,20201227,065343,Final,0
aai20200221.00001.hdf5,70007711,20,1,0,1,1,20200302,145941,Final,0
aai20200121.00001.hdf5,70007712,20,1,0,1,1,20200126,071852,Final,0
aai20200721.00001.hdf5,70007713,20,1,0,1,1,20200726,061730,Final,0
aai20200621.00001.hdf5,70007714,20,1,0,1,1,20200628,064023,Final,0
aai20200321.00001.hdf5,70007715,20,1,0,1,1,20200322,063444,Final,0
aai20200521.00001.hdf5,70007716,20,1,0,1,1,20200524,061651,Final,0
aai20201121.00001.hdf5,70007717,20,1,0,1,1,20201122,065550,Final,0
aai20201021.00001.hdf5,70007718,20,1,0,1,1,20201025,055746,Final,0
aai20200921.00001.hdf5,70007719,20,1,0,1,1,20200927,061650,Final,0
aai20200422.00001.hdf5,70007720,20,1,0,1,1,20200426,063826,Final,0
aai20200822.00001.hdf5,70007721,20,1,0,1,1,20200823,061305,Final,0
aai20201222.00001.hdf5,70007722,20,1,0,1,1,20201227,065627,Final,0
aai20200222.00001.hdf5,70007723,20,1,0,1,1,20200302,151115,Final,0
aai20200122.00001.hdf5,70007724,20,1,0,1,1,20200126,071650,Final,0
aai20200722.00001.hdf5,70007725,20,1,0,1,1,20200726,061630,Final,0
aai20200622.00001.hdf5,70007726,20,1,0,1,1,20200628,063710,Final,0
aai20200322.00001.hdf5,70007727,20,1,0,1,1,20200329,172543,Final,0
aai20200522.00001.hdf5,70007728,20,1,0,1,1,20200524,061220,Final,0
aai20201122.00001.hdf5,70007729,20,1,0,1,1,20201129,065536,Final,0
aai20201022.00001.hdf5,70007730,20,1,0,1,1,20201025,055205,Final,0
aai20200922.00001.hdf5,70007731,20,1,0,1,1,20200927,062156,Final,0
aai20200423.00001.hdf5,70007732,20,1,0,1,1,20200426,064034,Final,0
aai20200823.00001.hdf5,70007733,20,1,0,1,1,20200830,061216,Final,0
aai20201223.00001.hdf5,70007734,20,1,0,1,1,20201227,065557,Final,0
aai20200223.00001.hdf5,70007735,20,1,0,1,1,20200302,150827,Final,0
aai20200123.00001.hdf5,70007736,20,1,0,1,1,20200126,072024,Final,0
aai20200723.00001.hdf5,70007737,20,1,0,1,1,20200726,061217,Final,0
aai20200623.00001.hdf5,70007738,20,1,0,1,1,20200628,063949,Final,0
aai20200323.00001.hdf5,70007739,20,1,0,1,1,20200329,173019,Final,0
aai20200523.00001.hdf5,70007740,20,1,0,1,1,20200524,061734,Final,0
aai20201123.00001.hdf5,70007741,20,1,0,1,1,20201129,065503,Final,0
aai20201023.00001.hdf5,70007742,20,1,0,1,1,20201025,055237,Final,0
aai20200923.00001.hdf5,70007743,20,1,0,1,1,20200927,061746,Final,0
aai20200424.00001.hdf5,70007744,20,1,0,1,1,20200426,064549,Final,0
aai20200824.00001.hdf5,70007745,20,1,0,1,1,20200830,061108,Final,0
aai20201224.00001.hdf5,70007746,20,1,0,1,1,20201227,065225,Final,0
aai20200224.00001.hdf5,70007747,20,1,0,1,1,20200302,150206,Final,0
aai20200124.00001.hdf5,70007748,20,1,0,1,1,20200126,071318,Final,0
aai20200724.00001.hdf5,70007749,20,1,0,1,1,20200726,061147,Final,0
aai20200624.00001.hdf5,70007750,20,1,0,1,1,20200628,063434,Final,0
aai20200324.00001.hdf5,70007751,20,1,0,1,1,20200329,172945,Final,0
aai20200524.00001.hdf5,70007752,20,1,0,1,1,20200531,061859,Final,0
aai20201124.00001.hdf5,70007753,20,1,0,1,1,20201129,065408,Final,0
aai20201024.00001.hdf5,70007754,20,1,0,1,1,20201025,055559,Final,0
aai20200924.00001.hdf5,70007755,20,1,0,1,1,20200927,061820,Final,0
aai20200425.00001.hdf5,70007756,20,1,0,1,1,20200426,063719,Final,0
aai20200825.00001.hdf5,70007757,20,1,0,1,1,20200830,061319,Final,0
aai20201225.00001.hdf5,70007758,20,1,0,1,1,20201227,065652,Final,0
aai20200225.00001.hdf5,70007759,20,1,0,1,1,20200302,150023,Final,0
aai20200125.00001.hdf5,70007760,20,1,0,1,1,20200126,071413,Final,0
aai20200725.00001.hdf5,70007761,20,1,0,1,1,20200726,061309,Final,0
aai20200625.00001.hdf5,70007762,20,1,0,1,1,20200628,063835,Final,0
aai20200325.00001.hdf5,70007763,20,1,0,1,1,20200329,173237,Final,0
aai20200525.00001.hdf5,70007764,20,1,0,1,1,20200531,061934,Final,0
aai20201125.00001.hdf5,70007765,20,1,0,1,1,20201129,065115,Final,0
aai20201025.00001.hdf5,70007766,20,1,0,1,1,20201101,055422,Final,0
aai20200925.00001.hdf5,70007767,20,1,0,1,1,20200927,062122,Final,0
aai20200426.00001.hdf5,70007768,20,1,0,1,1,20200503,061525,Final,0
aai20200826.00001.hdf5,70007769,20,1,0,1,1,20200830,061448,Final,0
aai20201226.00001.hdf5,70007770,20,1,0,1,1,20201227,065154,Final,0
aai20200226.00001.hdf5,70007771,20,1,0,1,1,20200302,151040,Final,0
aai20200126.00001.hdf5,70007772,20,1,0,1,1,20200202,071410,Final,0
aai20200726.00001.hdf5,70007773,20,1,0,1,1,20200802,061627,Final,0
aai20200626.00001.hdf5,70007774,20,1,0,1,1,20200628,064148,Final,0
aai20200326.00001.hdf5,70007775,20,1,0,1,1,20200329,172617,Final,0
aai20200526.00001.hdf5,70007776,20,1,0,1,1,20200531,061509,Final,0
aai20201126.00001.hdf5,70007777,20,1,0,1,1,20201129,065043,Final,0
aai20201026.00001.hdf5,70007778,20,1,0,1,1,20201101,055300,Final,0
aai20200926.00001.hdf5,70007779,20,1,0,1,1,20200927,062350,Final,0
aai20200427.00001.hdf5,70007780,20,1,0,1,1,20200503,061430,Final,0
aai20200827.00001.hdf5,70007781,20,1,0,1,1,20200830,060825,Final,0
aai20201227.00001.hdf5,70007782,20,1,0,1,1,20210103,065259,Final,0
aai20200227.00001.hdf5,70007783,20,1,0,1,1,20200302,150355,Final,0
aai20200127.00001.hdf5,70007784,20,1,0,1,1,20200202,071520,Final,0
aai20200727.00001.hdf5,70007785,20,1,0,1,1,20200802,061513,Final,0
aai20200627.00001.hdf5,70007786,20,1,0,1,1,20200628,063231,Final,0
aai20200327.00001.hdf5,70007787,20,1,0,1,1,20200329,173145,Final,0
aai20200527.00001.hdf5,70007788,20,1,0,1,1,20200531,062234,Final,0
aai20201127.00001.hdf5,70007789,20,1,0,1,1,20201129,065554,Final,0
aai20201027.00001.hdf5,70007790,20,1,0,1,1,20201101,055353,Final,0
aai20200927.00001.hdf5,70007791,20,1,0,1,1,20201002,135213,Final,0
aai20200428.00001.hdf5,70007792,20,1,0,1,1,20200503,061655,Final,0
aai20200828.00001.hdf5,70007793,20,1,0,1,1,20200830,061353,Final,0
aai20201228.00001.hdf5,70007794,20,1,0,1,1,20210103,065153,Final,0
aai20200228.00001.hdf5,70007795,20,1,0,1,1,20200302,151252,Final,0
aai20200128.00001.hdf5,70007796,20,1,0,1,1,20200202,071110,Final,0
aai20200728.00001.hdf5,70007797,20,1,0,1,1,20200802,061758,Final,0
aai20200628.00001.hdf5,70007798,20,1,0,1,1,20200712,062542,Final,0
aai20200328.00001.hdf5,70007799,20,1,0,1,1,20200329,173111,Final,0
aai20200528.00001.hdf5,70007800,20,1,0,1,1,20200531,061824,Final,0
aai20201128.00001.hdf5,70007801,20,1,0,1,1,20201129,065136,Final,0
aai20201028.00001.hdf5,70007802,20,1,0,1,1,20201101,055448,Final,0
aai20200928.00001.hdf5,70007803,20,1,0,1,1,20201002,135005,Final,0
aai20200429.00001.hdf5,70007804,20,1,0,1,1,20200503,061036,Final,0
aai20200829.00001.hdf5,70007805,20,1,0,1,1,20200830,061532,Final,0
aai20200229.00001.hdf5,70007806,20,1,0,1,1,20200302,150315,Final,0
aai20200129.00001.hdf5,70007807,20,1,0,1,1,20200202,071730,Final,0
aai20200729.00001.hdf5,70007808,20,1,0,1,1,20200802,061216,Final,0
aai20200629.00001.hdf5,70007809,20,1,0,1,1,20200712,062430,Final,0
aai20200329.00001.hdf5,70007810,20,1,0,1,1,20200405,061549,Final,0
aai20200529.00001.hdf5,70007811,20,1,0,1,1,20200531,062018,Final,0
aai20201129.00001.hdf5,70007812,20,1,0,1,1,20201213,065324,Final,0
aai20200929.00001.hdf5,70007813,20,1,0,1,1,20201002,134908,Final,0
aai20200430.00001.hdf5,70007814,20,1,0,1,1,20200503,061110,Final,0
aai20200830.00001.hdf5,70007815,20,1,0,1,1,20200906,062328,Final,0
aai20200130.00001.hdf5,70007816,20,1,0,1,1,20200202,071556,Final,0
aai20200730.00001.hdf5,70007817,20,1,0,1,1,20200802,061545,Final,0
aai20200630.00001.hdf5,70007818,20,1,0,1,1,20200712,062110,Final,0
aai20200330.00001.hdf5,70007819,20,1,0,1,1,20200405,061506,Final,0
aai20200530.00001.hdf5,70007820,20,1,0,1,1,20200531,062132,Final,0
aai20200930.00001.hdf5,70007821,20,1,0,1,1,20201002,134941,Final,0
aai20200831.00001.hdf5,70007822,20,1,0,1,1,20200906,062305,Final,0
aai20200131.00001.hdf5,70007823,20,1,0,1,1,20200202,071148,Final,0
aai20200731.00001.hdf5,70007824,20,1,0,1,1,20200802,061123,Final,0
aai20200331.00001.hdf5,70007825,20,1,0,1,1,20200405,061309,Final,0
aai20200531.00001.hdf5,70007826,20,1,0,1,1,20200607,060552,Final,0
aif200401g.7100.hdf5,70007827,7100,1,0,1,1,20200402,153945,Final,0
aif200401g.7101.hdf5,70007827,7101,1,0,1,0,20200402,153953,Final,0
aif200201g.7100.hdf5,70007828,7100,1,0,1,1,20200202,150134,Final,0
aif200201g.7101.hdf5,70007828,7101,1,0,1,0,20200202,150142,Final,0
aif200101g.7100.hdf5,70007829,7100,1,0,1,1,20200102,150401,Final,0
aif200101g.7101.hdf5,70007829,7101,1,0,1,0,20200102,150409,Final,0
aif200630g.7100.hdf5,70007830,7100,1,0,1,1,20200701,140119,Final,0
aif200630g.7101.hdf5,70007830,7101,1,0,1,0,20200701,140128,Final,0
aif200601g.7100.hdf5,70007831,7100,1,0,1,1,20200603,140619,Final,0
aif200601g.7101.hdf5,70007831,7101,1,0,1,0,20200603,140627,Final,0
aif200301g.7100.hdf5,70007832,7100,1,0,1,1,20200302,150310,Final,0
aif200301g.7101.hdf5,70007832,7101,1,0,1,0,20200302,150318,Final,0
aif200501g.7100.hdf5,70007833,7100,1,0,1,1,20200502,140429,Final,0
aif200501g.7101.hdf5,70007833,7101,1,0,1,0,20200502,140437,Final,0
aif201101g.7100.hdf5,70007834,7100,1,0,1,1,20201102,150202,Final,0
aif201101g.7101.hdf5,70007834,7101,1,0,1,0,20201102,150211,Final,0
aif201001g.7100.hdf5,70007835,7100,1,0,1,1,20201003,140606,Final,0
aif200402g.7100.hdf5,70007836,7100,1,0,1,1,20200405,140358,Final,0
aif200402g.7101.hdf5,70007836,7101,1,0,1,0,20200405,140406,Final,0
aif200202g.7100.hdf5,70007837,7100,1,0,1,1,20200203,150134,Final,0
aif200202g.7101.hdf5,70007837,7101,1,0,1,0,20200203,150142,Final,0
aif200102g.7100.hdf5,70007838,7100,1,0,1,1,20200103,150232,Final,0
aif200102g.7101.hdf5,70007838,7101,1,0,1,0,20200103,150240,Final,0
aif200702g.7100.hdf5,70007839,7100,1,0,1,1,20200703,140442,Final,0
aif200702g.7101.hdf5,70007839,7101,1,0,1,0,20200703,140451,Final,0
aif200602g.7100.hdf5,70007840,7100,1,0,1,1,20200603,140518,Final,0
aif200602g.7101.hdf5,70007840,7101,1,0,1,0,20200603,140525,Final,0
aif200302g.7100.hdf5,70007841,7100,1,0,1,1,20200303,150643,Final,0
aif200302g.7101.hdf5,70007841,7101,1,0,1,0,20200303,150651,Final,0
aif200502g.7100.hdf5,70007842,7100,1,0,1,1,20200503,140116,Final,0
aif200502g.7101.hdf5,70007842,7101,1,0,1,0,20200503,140123,Final,0
aif201102g.7100.hdf5,70007843,7100,1,0,1,1,20201103,150142,Final,0
aif201002g.7100.hdf5,70007844,7100,1,0,1,1,20201003,140655,Final,0
aif201002g.7101.hdf5,70007844,7101,1,0,1,0,20201003,140702,Final,0
aif200902g.7100.hdf5,70007845,7100,1,0,1,1,20200903,140134,Final,0
aif200902g.7101.hdf5,70007845,7101,1,0,1,0,20200903,140142,Final,0
aif200403g.7100.hdf5,70007846,7100,1,0,1,1,20200405,140505,Final,0
aif200403g.7101.hdf5,70007846,7101,1,0,1,0,20200405,140513,Final,0
aif200803g.7100.hdf5,70007847,7100,1,0,1,1,20200804,140116,Final,0
aif200803g.7101.hdf5,70007847,7101,1,0,1,0,20200804,140125,Final,0
aif200203g.7100.hdf5,70007848,7100,1,0,1,1,20200204,150136,Final,0
aif200203g.7101.hdf5,70007848,7101,1,0,1,0,20200204,150143,Final,0
aif200103g.7100.hdf5,70007849,7100,1,0,1,1,20200104,150356,Final,0
aif200103g.7101.hdf5,70007849,7101,1,0,1,0,20200104,150403,Final,0
aif200703g.7100.hdf5,70007850,7100,1,0,1,1,20200705,140226,Final,0
aif200703g.7101.hdf5,70007850,7101,1,0,1,0,20200705,140234,Final,0
aif200603g.7100.hdf5,70007851,7100,1,0,1,1,20200604,140317,Final,0
aif200603g.7101.hdf5,70007851,7101,1,0,1,0,20200604,140325,Final,0
aif200303g.7100.hdf5,70007852,7100,1,0,1,1,20200304,150119,Final,0
aif200303g.7101.hdf5,70007852,7101,1,0,1,0,20200304,150127,Final,0
aif200503g.7100.hdf5,70007853,7100,1,0,1,1,20200504,140222,Final,0
aif200503g.7101.hdf5,70007853,7101,1,0,1,0,20200504,140230,Final,0
aif201103g.7100.hdf5,70007854,7100,1,0,1,1,20201104,150215,Final,0
aif201103g.7101.hdf5,70007854,7101,1,0,1,0,20201104,150225,Final,0
aif201003g.7100.hdf5,70007855,7100,1,0,1,1,20201004,140137,Final,0
aif201003g.7101.hdf5,70007855,7101,1,0,1,0,20201004,140144,Final,0
aif200903g.7100.hdf5,70007856,7100,1,0,1,1,20200904,140127,Final,0
aif200903g.7101.hdf5,70007856,7101,1,0,1,0,20200904,140134,Final,0
aif200404g.7100.hdf5,70007857,7100,1,0,1,1,20200405,140606,Final,0
aif200404g.7101.hdf5,70007857,7101,1,0,1,0,20200405,140613,Final,0
aif200804g.7100.hdf5,70007858,7100,1,0,1,1,20200805,140138,Final,0
aif200804g.7101.hdf5,70007858,7101,1,0,1,0,20200805,140146,Final,0
aif200204g.7100.hdf5,70007859,7100,1,0,1,1,20200205,150227,Final,0
aif200204g.7101.hdf5,70007859,7101,1,0,1,0,20200205,150236,Final,0
aif200104g.7100.hdf5,70007860,7100,1,0,1,1,20200105,150224,Final,0
aif200104g.7101.hdf5,70007860,7101,1,0,1,0,20200105,150233,Final,0
aif200704g.7100.hdf5,70007861,7100,1,0,1,1,20200705,140339,Final,0
aif200704g.7101.hdf5,70007861,7101,1,0,1,0,20200705,140348,Final,0
aif200604g.7100.hdf5,70007862,7100,1,0,1,1,20200605,140216,Final,0
aif200604g.7101.hdf5,70007862,7101,1,0,1,0,20200605,140224,Final,0
aif200304g.7100.hdf5,70007863,7100,1,0,1,1,20200306,150558,Final,0
aif200304g.7101.hdf5,70007863,7101,1,0,1,0,20200306,150606,Final,0
aif200504g.7100.hdf5,70007864,7100,1,0,1,1,20200505,140223,Final,0
aif200504g.7101.hdf5,70007864,7101,1,0,1,0,20200505,140230,Final,0
aif201104g.7100.hdf5,70007865,7100,1,0,1,1,20201105,150105,Final,0
aif201004g.7100.hdf5,70007866,7100,1,0,1,1,20201005,140156,Final,0
aif201004g.7101.hdf5,70007866,7101,1,0,1,0,20201005,140204,Final,0
aif200904g.7100.hdf5,70007867,7100,1,0,1,1,20200905,140219,Final,0
aif200904g.7101.hdf5,70007867,7101,1,0,1,0,20200905,140228,Final,0
aif200405g.7100.hdf5,70007868,7100,1,0,1,1,20200406,140208,Final,0
aif200405g.7101.hdf5,70007868,7101,1,0,1,0,20200406,140216,Final,0
aif200205g.7100.hdf5,70007869,7100,1,0,1,1,20200206,150156,Final,0
aif200205g.7101.hdf5,70007869,7101,1,0,1,0,20200206,150204,Final,0
aif200105g.7100.hdf5,70007870,7100,1,0,1,1,20200106,150413,Final,0
aif200105g.7101.hdf5,70007870,7101,1,0,1,0,20200106,150420,Final,0
aif200705g.7100.hdf5,70007871,7100,1,0,1,1,20200706,140115,Final,0
aif200705g.7101.hdf5,70007871,7101,1,0,1,0,20200706,140123,Final,0
aif200605g.7100.hdf5,70007872,7100,1,0,1,1,20200606,140439,Final,0
aif200605g.7101.hdf5,70007872,7101,1,0,1,0,20200606,140447,Final,0
aif200305g.7100.hdf5,70007873,7100,1,0,1,1,20200306,150449,Final,0
aif200305g.7101.hdf5,70007873,7101,1,0,1,0,20200306,150457,Final,0
aif200505g.7100.hdf5,70007874,7100,1,0,1,1,20200506,140325,Final,0
aif200505g.7101.hdf5,70007874,7101,1,0,1,0,20200506,140334,Final,0
aif201105g.7100.hdf5,70007875,7100,1,0,1,1,20201106,150203,Final,0
aif201105g.7101.hdf5,70007875,7101,1,0,1,0,20201106,150211,Final,0
aif201005g.7100.hdf5,70007876,7100,1,0,1,1,20201006,140201,Final,0
aif201005g.7101.hdf5,70007876,7101,1,0,1,0,20201006,140210,Final,0
aif200905g.7100.hdf5,70007877,7100,1,0,1,1,20200907,140231,Final,0
aif200905g.7101.hdf5,70007877,7101,1,0,1,0,20200907,140240,Final,0
aif200805g.7100.hdf5,70007878,7100,1,0,1,1,20200806,140326,Final,0
aif200805g.7101.hdf5,70007878,7101,1,0,1,0,20200806,140334,Final,0
aif200806g.7100.hdf5,70007879,7100,1,0,1,1,20200807,140339,Final,0
aif200806g.7101.hdf5,70007879,7101,1,0,1,0,20200807,140349,Final,0
aif201205g.7100.hdf5,70007880,7100,1,0,1,1,20201206,150204,Final,0
aif201205g.7101.hdf5,70007880,7101,1,0,1,0,20201206,150212,Final,0
aif200206g.7100.hdf5,70007881,7100,1,0,1,1,20200207,150119,Final,0
aif200206g.7101.hdf5,70007881,7101,1,0,1,0,20200207,150126,Final,0
aif200106g.7100.hdf5,70007882,7100,1,0,1,1,20200107,150330,Final,0
aif200106g.7101.hdf5,70007882,7101,1,0,1,0,20200107,150338,Final,0
aif200706g.7100.hdf5,70007883,7100,1,0,1,1,20200707,140110,Final,0
aif200706g.7101.hdf5,70007883,7101,1,0,1,0,20200707,140118,Final,0
aif200606g.7100.hdf5,70007884,7100,1,0,1,1,20200607,140231,Final,0
aif200606g.7101.hdf5,70007884,7101,1,0,1,0,20200607,140238,Final,0
aif201106g.7100.hdf5,70007885,7100,1,0,1,1,20201107,150302,Final,0
aif201106g.7101.hdf5,70007885,7101,1,0,1,0,20201107,150309,Final,0
aif201006g.7100.hdf5,70007886,7100,1,0,1,1,20201007,140220,Final,0
aif201006g.7101.hdf5,70007886,7101,1,0,1,0,20201007,140227,Final,0
aif200906g.7100.hdf5,70007887,7100,1,0,1,1,20200907,140125,Final,0
aif200906g.7101.hdf5,70007887,7101,1,0,1,0,20200907,140133,Final,0
aif200807g.7100.hdf5,70007888,7100,1,0,1,1,20200808,140427,Final,0
aif200807g.7101.hdf5,70007888,7101,1,0,1,0,20200808,140435,Final,0
aif201207g.7100.hdf5,70007889,7100,1,0,1,1,20201208,150454,Final,0
aif201207g.7101.hdf5,70007889,7101,1,0,1,0,20201208,150503,Final,0
aif201206g.7100.hdf5,70007890,7100,1,0,1,1,20201208,150609,Final,0
aif201206g.7101.hdf5,70007890,7101,1,0,1,0,20201208,150618,Final,0
aif200207g.7100.hdf5,70007891,7100,1,0,1,1,20200208,150414,Final,0
aif200207g.7101.hdf5,70007891,7101,1,0,1,0,20200208,150422,Final,0
aif200107g.7100.hdf5,70007892,7100,1,0,1,1,20200108,150226,Final,0
aif200107g.7101.hdf5,70007892,7101,1,0,1,0,20200108,150234,Final,0
aif200607g.7100.hdf5,70007893,7100,1,0,1,1,20200608,140229,Final,0
aif200607g.7101.hdf5,70007893,7101,1,0,1,0,20200608,140237,Final,0
aif200306g.7100.hdf5,70007894,7100,1,0,1,1,20200309,140423,Final,0
aif200306g.7101.hdf5,70007894,7101,1,0,1,0,20200309,140431,Final,0
aif200307g.7100.hdf5,70007895,7100,1,0,1,1,20200309,140532,Final,0
aif200307g.7101.hdf5,70007895,7101,1,0,1,0,20200309,140539,Final,0
aif200506g.7100.hdf5,70007896,7100,1,0,1,1,20200507,140217,Final,0
aif201107g.7100.hdf5,70007897,7100,1,0,1,1,20201108,150313,Final,0
aif201107g.7101.hdf5,70007897,7101,1,0,1,0,20201108,150321,Final,0
aif201007g.7100.hdf5,70007898,7100,1,0,1,1,20201009,140427,Final,0
aif200907g.7100.hdf5,70007899,7100,1,0,1,1,20200909,140517,Final,0
aif200907g.7101.hdf5,70007899,7101,1,0,1,0,20200909,140525,Final,0
aif200408g.7100.hdf5,70007900,7100,1,0,1,1,20200413,140940,Final,0
aif200408g.7101.hdf5,70007900,7101,1,0,1,0,20200413,140948,Final,0
aif200808g.7100.hdf5,70007901,7100,1,0,1,1,20200809,140341,Final,0
aif200808g.7101.hdf5,70007901,7101,1,0,1,0,20200809,140350,Final,0
aif201208g.7100.hdf5,70007902,7100,1,0,1,1,20201209,150221,Final,0
aif201208g.7101.hdf5,70007902,7101,1,0,1,0,20201209,150229,Final,0
aif200208g.7100.hdf5,70007903,7100,1,0,1,1,20200209,150113,Final,0
aif200208g.7101.hdf5,70007903,7101,1,0,1,0,20200209,150121,Final,0
aif200108g.7100.hdf5,70007904,7100,1,0,1,1,20200109,150345,Final,0
aif200108g.7101.hdf5,70007904,7101,1,0,1,0,20200109,150353,Final,0
aif200707g.7100.hdf5,70007905,7100,1,0,1,1,20200708,140126,Final,0
aif200707g.7101.hdf5,70007905,7101,1,0,1,0,20200708,140134,Final,0
aif200708g.7100.hdf5,70007906,7100,1,0,1,1,20200709,140139,Final,0
aif200708g.7101.hdf5,70007906,7101,1,0,1,0,20200709,140148,Final,0
aif200608g.7100.hdf5,70007907,7100,1,0,1,1,20200609,140344,Final,0
aif200608g.7101.hdf5,70007907,7101,1,0,1,0,20200609,140353,Final,0
aif200308g.7100.hdf5,70007908,7100,1,0,1,1,20200309,140628,Final,0
aif200308g.7101.hdf5,70007908,7101,1,0,1,0,20200309,140636,Final,0
aif200508g.7100.hdf5,70007909,7100,1,0,1,1,20200509,140426,Final,0
aif200508g.7101.hdf5,70007909,7101,1,0,1,0,20200509,140434,Final,0
aif201108g.7100.hdf5,70007910,7100,1,0,1,1,20201109,150236,Final,0
aif201108g.7101.hdf5,70007910,7101,1,0,1,0,20201109,150243,Final,0
aif201008g.7100.hdf5,70007911,7100,1,0,1,1,20201009,140321,Final,0
aif201008g.7101.hdf5,70007911,7101,1,0,1,0,20201009,140328,Final,0
aif200908g.7100.hdf5,70007912,7100,1,0,1,1,20200909,140631,Final,0
aif200908g.7101.hdf5,70007912,7101,1,0,1,0,20200909,140640,Final,0
aif200409g.7100.hdf5,70007913,7100,1,0,1,1,20200413,141243,Final,0
aif200409g.7101.hdf5,70007913,7101,1,0,1,0,20200413,141250,Final,0
aif200809g.7100.hdf5,70007914,7100,1,0,1,1,20200810,140931,Final,0
aif200809g.7101.hdf5,70007914,7101,1,0,1,0,20200810,140939,Final,0
aif201209g.7100.hdf5,70007915,7100,1,0,1,1,20201210,150115,Final,0
aif201209g.7101.hdf5,70007915,7101,1,0,1,0,20201210,150122,Final,0
aif200209g.7100.hdf5,70007916,7100,1,0,1,1,20200210,150117,Final,0
aif200209g.7101.hdf5,70007916,7101,1,0,1,0,20200210,150124,Final,0
aif200109g.7100.hdf5,70007917,7100,1,0,1,1,20200110,150214,Final,0
aif200109g.7101.hdf5,70007917,7101,1,0,1,0,20200110,150221,Final,0
aif200709g.7100.hdf5,70007918,7100,1,0,1,1,20200710,140130,Final,0
aif200709g.7101.hdf5,70007918,7101,1,0,1,0,20200710,140138,Final,0
aif200609g.7100.hdf5,70007919,7100,1,0,1,1,20200610,140226,Final,0
aif200609g.7101.hdf5,70007919,7101,1,0,1,0,20200610,140234,Final,0
aif201109g.7100.hdf5,70007920,7100,1,0,1,1,20201110,150209,Final,0
aif201109g.7101.hdf5,70007920,7101,1,0,1,0,20201110,150216,Final,0
aif201009g.7100.hdf5,70007921,7100,1,0,1,1,20201010,140221,Final,0
aif201009g.7101.hdf5,70007921,7101,1,0,1,0,20201010,140229,Final,0
aif200410g.7100.hdf5,70007922,7100,1,0,1,1,20200413,141346,Final,0
aif200410g.7101.hdf5,70007922,7101,1,0,1,0,20200413,141353,Final,0
aif201210g.7100.hdf5,70007923,7100,1,0,1,1,20201211,150124,Final,0
aif201210g.7101.hdf5,70007923,7101,1,0,1,0,20201211,150133,Final,0
aif200210g.7100.hdf5,70007924,7100,1,0,1,1,20200211,150216,Final,0
aif200210g.7101.hdf5,70007924,7101,1,0,1,0,20200211,150224,Final,0
aif200110g.7100.hdf5,70007925,7100,1,0,1,1,20200112,150346,Final,0
aif200110g.7101.hdf5,70007925,7101,1,0,1,0,20200112,150353,Final,0
aif200710g.7100.hdf5,70007926,7100,1,0,1,1,20200711,140250,Final,0
aif200710g.7101.hdf5,70007926,7101,1,0,1,0,20200711,140258,Final,0
aif200610g.7100.hdf5,70007927,7100,1,0,1,1,20200611,140123,Final,0
aif200610g.7101.hdf5,70007927,7101,1,0,1,0,20200611,140131,Final,0
aif200310g.7100.hdf5,70007928,7100,1,0,1,1,20200312,140426,Final,0
aif200310g.7101.hdf5,70007928,7101,1,0,1,0,20200312,140434,Final,0
aif200509g.7100.hdf5,70007929,7100,1,0,1,1,20200510,140331,Final,0
aif200509g.7101.hdf5,70007929,7101,1,0,1,0,20200510,140339,Final,0
aif201010g.7100.hdf5,70007930,7100,1,0,1,1,20201012,140353,Final,0
aif201010g.7101.hdf5,70007930,7101,1,0,1,0,20201012,140401,Final,0
aif200909g.7100.hdf5,70007931,7100,1,0,1,1,20200910,140401,Final,0
aif200909g.7101.hdf5,70007931,7101,1,0,1,0,20200910,140410,Final,0
aif200910g.7100.hdf5,70007932,7100,1,0,1,1,20200911,140338,Final,0
aif200910g.7101.hdf5,70007932,7101,1,0,1,0,20200911,140345,Final,0
aif200810g.7100.hdf5,70007933,7100,1,0,1,1,20200811,140344,Final,0
aif200810g.7101.hdf5,70007933,7101,1,0,1,0,20200811,140352,Final,0
aif200811g.7100.hdf5,70007934,7100,1,0,1,1,20200812,140341,Final,0
aif200811g.7101.hdf5,70007934,7101,1,0,1,0,20200812,140350,Final,0
aif201211g.7100.hdf5,70007935,7100,1,0,1,1,20201212,150235,Final,0
aif201211g.7101.hdf5,70007935,7101,1,0,1,0,20201212,150244,Final,0
aif200211g.7100.hdf5,70007936,7100,1,0,1,1,20200212,150229,Final,0
aif200211g.7101.hdf5,70007936,7101,1,0,1,0,20200212,150237,Final,0
aif200111g.7100.hdf5,70007937,7100,1,0,1,1,20200112,150244,Final,0
aif200111g.7101.hdf5,70007937,7101,1,0,1,0,20200112,150252,Final,0
aif200711g.7100.hdf5,70007938,7100,1,0,1,1,20200712,140118,Final,0
aif200711g.7101.hdf5,70007938,7101,1,0,1,0,20200712,140126,Final,0
aif200611g.7100.hdf5,70007939,7100,1,0,1,1,20200612,140122,Final,0
aif200611g.7101.hdf5,70007939,7101,1,0,1,0,20200612,140129,Final,0
aif200311g.7100.hdf5,70007940,7100,1,0,1,1,20200312,140328,Final,0
aif200311g.7101.hdf5,70007940,7101,1,0,1,0,20200312,140336,Final,0
aif200510g.7100.hdf5,70007941,7100,1,0,1,1,20200511,140327,Final,0
aif200510g.7101.hdf5,70007941,7101,1,0,1,0,20200511,140335,Final,0
aif201011g.7100.hdf5,70007942,7100,1,0,1,1,20201012,140252,Final,0
aif201011g.7101.hdf5,70007942,7101,1,0,1,0,20201012,140300,Final,0
aif200911g.7100.hdf5,70007943,7100,1,0,1,1,20200912,140525,Final,0
aif200911g.7101.hdf5,70007943,7101,1,0,1,0,20200912,140533,Final,0
aif200411g.7100.hdf5,70007944,7100,1,0,1,1,20200413,141140,Final,0
aif200411g.7101.hdf5,70007944,7101,1,0,1,0,20200413,141148,Final,0
aif201212g.7100.hdf5,70007945,7100,1,0,1,1,20201213,150234,Final,0
aif201212g.7101.hdf5,70007945,7101,1,0,1,0,20201213,150243,Final,0
aif200212g.7100.hdf5,70007946,7100,1,0,1,1,20200213,150214,Final,0
aif200212g.7101.hdf5,70007946,7101,1,0,1,0,20200213,150222,Final,0
aif200312g.7100.hdf5,70007947,7100,1,0,1,1,20200313,140123,Final,0
aif200312g.7101.hdf5,70007947,7101,1,0,1,0,20200313,140131,Final,0
aif200511g.7100.hdf5,70007948,7100,1,0,1,1,20200512,140255,Final,0
aif200511g.7101.hdf5,70007948,7101,1,0,1,0,20200512,140303,Final,0
aif200512g.7100.hdf5,70007949,7100,1,0,1,1,20200513,140423,Final,0
aif200512g.7101.hdf5,70007949,7101,1,0,1,0,20200513,140431,Final,0
aif201012g.7100.hdf5,70007950,7100,1,0,1,1,20201015,140642,Final,0
aif201012g.7101.hdf5,70007950,7101,1,0,1,0,20201015,140651,Final,0
aif200912g.7100.hdf5,70007951,7100,1,0,1,1,20200913,140341,Final,0
aif200912g.7101.hdf5,70007951,7101,1,0,1,0,20200913,140349,Final,0
aif200412g.7100.hdf5,70007952,7100,1,0,1,1,20200413,141038,Final,0
aif200412g.7101.hdf5,70007952,7101,1,0,1,0,20200413,141046,Final,0
aif200413g.7100.hdf5,70007953,7100,1,0,1,1,20200415,140334,Final,0
aif200413g.7101.hdf5,70007953,7101,1,0,1,0,20200415,140342,Final,0
aif200812g.7100.hdf5,70007954,7100,1,0,1,1,20200813,140341,Final,0
aif200812g.7101.hdf5,70007954,7101,1,0,1,0,20200813,140349,Final,0
aif201213g.7100.hdf5,70007955,7100,1,0,1,1,20201217,153009,Final,0
aif201213g.7101.hdf5,70007955,7101,1,0,1,0,20201217,153018,Final,0
aif200213g.7100.hdf5,70007956,7100,1,0,1,1,20200214,150216,Final,0
aif200213g.7101.hdf5,70007956,7101,1,0,1,0,20200214,150224,Final,0
aif200113g.7100.hdf5,70007957,7100,1,0,1,1,20200114,150134,Final,0
aif200113g.7101.hdf5,70007957,7101,1,0,1,0,20200114,150142,Final,0
aif200712g.7100.hdf5,70007958,7100,1,0,1,1,20200713,140219,Final,0
aif200712g.7101.hdf5,70007958,7101,1,0,1,0,20200713,140227,Final,0
aif200713g.7100.hdf5,70007959,7100,1,0,1,1,20200714,140257,Final,0
aif200713g.7101.hdf5,70007959,7101,1,0,1,0,20200714,140304,Final,0
aif200612g.7100.hdf5,70007960,7100,1,0,1,1,20200614,140423,Final,0
aif200612g.7101.hdf5,70007960,7101,1,0,1,0,20200614,140431,Final,0
aif200613g.7100.hdf5,70007961,7100,1,0,1,1,20200614,140535,Final,0
aif200613g.7101.hdf5,70007961,7101,1,0,1,0,20200614,140543,Final,0
aif200313g.7100.hdf5,70007962,7100,1,0,1,1,20200314,140600,Final,0
aif200313g.7101.hdf5,70007962,7101,1,0,1,0,20200314,140608,Final,0
aif201013g.7100.hdf5,70007963,7100,1,0,1,1,20201015,140534,Final,0
aif201013g.7101.hdf5,70007963,7101,1,0,1,0,20201015,140542,Final,0
aif200913g.7100.hdf5,70007964,7100,1,0,1,1,20200914,140332,Final,0
aif200913g.7101.hdf5,70007964,7101,1,0,1,0,20200914,140341,Final,0
aif200813g.7100.hdf5,70007965,7100,1,0,1,1,20200814,140342,Final,0
aif200813g.7101.hdf5,70007965,7101,1,0,1,0,20200814,140350,Final,0
aif201214g.7100.hdf5,70007966,7100,1,0,1,1,20201217,152742,Final,0
aif201214g.7101.hdf5,70007966,7101,1,0,1,0,20201217,152751,Final,0
aif200214g.7100.hdf5,70007967,7100,1,0,1,1,20200216,150436,Final,0
aif200214g.7101.hdf5,70007967,7101,1,0,1,0,20200216,150444,Final,0
aif200114g.7100.hdf5,70007968,7100,1,0,1,1,20200115,150137,Final,0
aif200114g.7101.hdf5,70007968,7101,1,0,1,0,20200115,150145,Final,0
aif200314g.7100.hdf5,70007969,7100,1,0,1,1,20200315,140211,Final,0
aif200314g.7101.hdf5,70007969,7101,1,0,1,0,20200315,140219,Final,0
aif201014g.7100.hdf5,70007970,7100,1,0,1,1,20201015,140431,Final,0
aif200914g.7100.hdf5,70007971,7100,1,0,1,1,20200915,140415,Final,0
aif200914g.7101.hdf5,70007971,7101,1,0,1,0,20200915,140424,Final,0
aif200414g.7100.hdf5,70007972,7100,1,0,1,1,20200415,140438,Final,0
aif200414g.7101.hdf5,70007972,7101,1,0,1,0,20200415,140447,Final,0
aif200415g.7100.hdf5,70007973,7100,1,0,1,1,20200419,141048,Final,0
aif200415g.7101.hdf5,70007973,7101,1,0,1,0,20200419,141056,Final,0
aif200814g.7100.hdf5,70007974,7100,1,0,1,1,20200815,140546,Final,0
aif200814g.7101.hdf5,70007974,7101,1,0,1,0,20200815,140555,Final,0
aif201215g.7100.hdf5,70007975,7100,1,0,1,1,20201217,152852,Final,0
aif201215g.7101.hdf5,70007975,7101,1,0,1,0,20201217,152901,Final,0
aif200215g.7100.hdf5,70007976,7100,1,0,1,1,20200216,150544,Final,0
aif200215g.7101.hdf5,70007976,7101,1,0,1,0,20200216,150552,Final,0
aif200115g.7100.hdf5,70007977,7100,1,0,1,1,20200116,150235,Final,0
aif200115g.7101.hdf5,70007977,7101,1,0,1,0,20200116,150242,Final,0
aif200714g.7100.hdf5,70007978,7100,1,0,1,1,20200715,142102,Final,0
aif200714g.7101.hdf5,70007978,7101,1,0,1,0,20200715,142109,Final,0
aif200715g.7100.hdf5,70007979,7100,1,0,1,1,20200716,140242,Final,0
aif200715g.7101.hdf5,70007979,7101,1,0,1,0,20200716,140251,Final,0
aif200614g.7100.hdf5,70007980,7100,1,0,1,1,20200615,140235,Final,0
aif200614g.7101.hdf5,70007980,7101,1,0,1,0,20200615,140243,Final,0
aif201015g.7100.hdf5,70007981,7100,1,0,1,1,20201016,140217,Final,0
aif201015g.7101.hdf5,70007981,7101,1,0,1,0,20201016,140225,Final,0
aif200915g.7100.hdf5,70007982,7100,1,0,1,1,20200916,140405,Final,0
aif200915g.7101.hdf5,70007982,7101,1,0,1,0,20200916,140413,Final,0
aif200815g.7100.hdf5,70007983,7100,1,0,1,1,20200816,140328,Final,0
aif200815g.7101.hdf5,70007983,7101,1,0,1,0,20200816,140336,Final,0
aif200816g.7100.hdf5,70007984,7100,1,0,1,1,20200817,140342,Final,0
aif200816g.7101.hdf5,70007984,7101,1,0,1,0,20200817,140351,Final,0
aif201216g.7100.hdf5,70007985,7100,1,0,1,1,20201217,152629,Final,0
aif201216g.7101.hdf5,70007985,7101,1,0,1,0,20201217,152639,Final,0
aif200216g.7100.hdf5,70007986,7100,1,0,1,1,20200217,150248,Final,0
aif200216g.7101.hdf5,70007986,7101,1,0,1,0,20200217,150256,Final,0
aif200116g.7100.hdf5,70007987,7100,1,0,1,1,20200118,150852,Final,0
aif200116g.7101.hdf5,70007987,7101,1,0,1,0,20200118,150901,Final,0
aif200716g.7100.hdf5,70007988,7100,1,0,1,1,20200717,140347,Final,0
aif200716g.7101.hdf5,70007988,7101,1,0,1,0,20200717,140355,Final,0
aif200615g.7100.hdf5,70007989,7100,1,0,1,1,20200616,140225,Final,0
aif200615g.7101.hdf5,70007989,7101,1,0,1,0,20200616,140233,Final,0
aif200616g.7100.hdf5,70007990,7100,1,0,1,1,20200617,140145,Final,0
aif200616g.7101.hdf5,70007990,7101,1,0,1,0,20200617,140152,Final,0
aif200316g.7100.hdf5,70007991,7100,1,0,1,1,20200317,140348,Final,0
aif200316g.7101.hdf5,70007991,7101,1,0,1,0,20200317,140356,Final,0
aif200315g.7100.hdf5,70007992,7100,1,0,1,1,20200317,140507,Final,0
aif200315g.7101.hdf5,70007992,7101,1,0,1,0,20200317,140515,Final,0
aif201016g.7100.hdf5,70007993,7100,1,0,1,1,20201018,140216,Final,0
aif201016g.7101.hdf5,70007993,7101,1,0,1,0,20201018,140224,Final,0
aif200416g.7100.hdf5,70007994,7100,1,0,1,1,20200419,140713,Final,0
aif200416g.7101.hdf5,70007994,7101,1,0,1,0,20200419,140721,Final,0
aif201217g.7100.hdf5,70007995,7100,1,0,1,1,20210115,201914,Final,0
aif201217g.7101.hdf5,70007995,7101,1,0,1,0,20210115,201923,Final,0
aif200217g.7100.hdf5,70007996,7100,1,0,1,1,20200218,150341,Final,0
aif200217g.7101.hdf5,70007996,7101,1,0,1,0,20200218,150349,Final,0
aif200117g.7100.hdf5,70007997,7100,1,0,1,1,20200118,150733,Final,0
aif200117g.7101.hdf5,70007997,7101,1,0,1,0,20200118,150741,Final,0
aif200717g.7100.hdf5,70007998,7100,1,0,1,1,20200718,140358,Final,0
aif200717g.7101.hdf5,70007998,7101,1,0,1,0,20200718,140407,Final,0
aif200617g.7100.hdf5,70007999,7100,1,0,1,1,20200618,140144,Final,0
aif200617g.7101.hdf5,70007999,7101,1,0,1,0,20200618,140152,Final,0
aif200317g.7100.hdf5,70008000,7100,1,0,1,1,20200318,140358,Final,0
aif200317g.7101.hdf5,70008000,7101,1,0,1,0,20200318,140406,Final,0
aif201017g.7100.hdf5,70008001,7100,1,0,1,1,20201018,140318,Final,0
aif201017g.7101.hdf5,70008001,7101,1,0,1,0,20201018,140326,Final,0
aif200916g.7100.hdf5,70008002,7100,1,0,1,1,20200917,140410,Final,0
aif200916g.7101.hdf5,70008002,7101,1,0,1,0,20200917,140419,Final,0
aif200917g.7100.hdf5,70008003,7100,1,0,1,1,20200918,140345,Final,0
aif200917g.7101.hdf5,70008003,7101,1,0,1,0,20200918,140353,Final,0
aif200418g.7100.hdf5,70008004,7100,1,0,1,1,20200419,140820,Final,0
aif200418g.7101.hdf5,70008004,7101,1,0,1,0,20200419,140828,Final,0
aif200417g.7100.hdf5,70008005,7100,1,0,1,1,20200419,140931,Final,0
aif200417g.7101.hdf5,70008005,7101,1,0,1,0,20200419,140940,Final,0
aif200817g.7100.hdf5,70008006,7100,1,0,1,1,20200818,140316,Final,0
aif200817g.7101.hdf5,70008006,7101,1,0,1,0,20200818,140324,Final,0
aif201218g.7100.hdf5,70008007,7100,1,0,1,1,20210115,202326,Final,0
aif201218g.7101.hdf5,70008007,7101,1,0,1,0,20210115,202334,Final,0
aif200218g.7100.hdf5,70008008,7100,1,0,1,1,20200219,150214,Final,0
aif200218g.7101.hdf5,70008008,7101,1,0,1,0,20200219,150222,Final,0
aif200118g.7100.hdf5,70008009,7100,1,0,1,1,20200119,150120,Final,0
aif200118g.7101.hdf5,70008009,7101,1,0,1,0,20200119,150128,Final,0
aif200718g.7100.hdf5,70008010,7100,1,0,1,1,20200719,140333,Final,0
aif200718g.7101.hdf5,70008010,7101,1,0,1,0,20200719,140342,Final,0
aif200618g.7100.hdf5,70008011,7100,1,0,1,1,20200620,140350,Final,0
aif200618g.7101.hdf5,70008011,7101,1,0,1,0,20200620,140358,Final,0
aif200318g.7100.hdf5,70008012,7100,1,0,1,1,20200319,140224,Final,0
aif200318g.7101.hdf5,70008012,7101,1,0,1,0,20200319,140232,Final,0
aif201018g.7100.hdf5,70008013,7100,1,0,1,1,20201019,140216,Final,0
aif201018g.7101.hdf5,70008013,7101,1,0,1,0,20201019,140224,Final,0
aif200918g.7100.hdf5,70008014,7100,1,0,1,1,20200919,140532,Final,0
aif200918g.7101.hdf5,70008014,7101,1,0,1,0,20200919,140541,Final,0
aif200818g.7100.hdf5,70008015,7100,1,0,1,1,20200819,140348,Final,0
aif200818g.7101.hdf5,70008015,7101,1,0,1,0,20200819,140356,Final,0
aif201219g.7100.hdf5,70008016,7100,1,0,1,1,20210115,200412,Final,0
aif201219g.7101.hdf5,70008016,7101,1,0,1,0,20210115,200421,Final,0
aif200119g.7100.hdf5,70008017,7100,1,0,1,1,20200121,150455,Final,0
aif200119g.7101.hdf5,70008017,7101,1,0,1,0,20200121,150503,Final,0
aif200319g.7100.hdf5,70008018,7100,1,0,1,1,20200320,140227,Final,0
aif200319g.7101.hdf5,70008018,7101,1,0,1,0,20200320,140235,Final,0
aif201019g.7100.hdf5,70008019,7100,1,0,1,1,20201020,140210,Final,0
aif201019g.7101.hdf5,70008019,7101,1,0,1,0,20201020,140218,Final,0
aif200919g.7100.hdf5,70008020,7100,1,0,1,1,20200920,140417,Final,0
aif200919g.7101.hdf5,70008020,7101,1,0,1,0,20200920,140426,Final,0
aif200419g.7100.hdf5,70008021,7100,1,0,1,1,20200420,140236,Final,0
aif200419g.7101.hdf5,70008021,7101,1,0,1,0,20200420,140244,Final,0
aif200819g.7100.hdf5,70008022,7100,1,0,1,1,20200820,140337,Final,0
aif200819g.7101.hdf5,70008022,7101,1,0,1,0,20200820,140345,Final,0
aif201220g.7100.hdf5,70008023,7100,1,0,1,1,20210115,200818,Final,0
aif201220g.7101.hdf5,70008023,7101,1,0,1,0,20210115,200826,Final,0
aif200219g.7100.hdf5,70008024,7100,1,0,1,1,20200220,150352,Final,0
aif200219g.7101.hdf5,70008024,7101,1,0,1,0,20200220,150401,Final,0
aif200220g.7100.hdf5,70008025,7100,1,0,1,1,20200222,150706,Final,0
aif200220g.7101.hdf5,70008025,7101,1,0,1,0,20200222,150715,Final,0
aif200120g.7100.hdf5,70008026,7100,1,0,1,1,20200121,150347,Final,0
aif200120g.7101.hdf5,70008026,7101,1,0,1,0,20200121,150355,Final,0
aif200719g.7100.hdf5,70008027,7100,1,0,1,1,20200721,140617,Final,0
aif200719g.7101.hdf5,70008027,7101,1,0,1,0,20200721,140625,Final,0
aif200720g.7100.hdf5,70008028,7100,1,0,1,1,20200721,140734,Final,0
aif200720g.7101.hdf5,70008028,7101,1,0,1,0,20200721,140742,Final,0
aif200620g.7100.hdf5,70008029,7100,1,0,1,1,20200621,140244,Final,0
aif200620g.7101.hdf5,70008029,7101,1,0,1,0,20200621,140252,Final,0
aif200619g.7100.hdf5,70008030,7100,1,0,1,1,20200621,140359,Final,0
aif200619g.7101.hdf5,70008030,7101,1,0,1,0,20200621,140407,Final,0
aif201020g.7100.hdf5,70008031,7100,1,0,1,1,20201021,140204,Final,0
aif201020g.7101.hdf5,70008031,7101,1,0,1,0,20201021,140212,Final,0
aif200920g.7100.hdf5,70008032,7100,1,0,1,1,20200921,140422,Final,0
aif200920g.7101.hdf5,70008032,7101,1,0,1,0,20200921,140432,Final,0
aif200420g.7100.hdf5,70008033,7100,1,0,1,1,20200422,140407,Final,0
aif200420g.7101.hdf5,70008033,7101,1,0,1,0,20200422,140415,Final,0
aif200820g.7100.hdf5,70008034,7100,1,0,1,1,20200821,140333,Final,0
aif200820g.7101.hdf5,70008034,7101,1,0,1,0,20200821,140341,Final,0
aif200821g.7100.hdf5,70008035,7100,1,0,1,1,20200822,140446,Final,0
aif200821g.7101.hdf5,70008035,7101,1,0,1,0,20200822,140455,Final,0
aif201221g.7100.hdf5,70008036,7100,1,0,1,1,20210115,202039,Final,0
aif201221g.7101.hdf5,70008036,7101,1,0,1,0,20210115,202047,Final,0
aif200221g.7100.hdf5,70008037,7100,1,0,1,1,20200222,150818,Final,0
aif200221g.7101.hdf5,70008037,7101,1,0,1,0,20200222,150827,Final,0
aif200121g.7100.hdf5,70008038,7100,1,0,1,1,20200122,150353,Final,0
aif200121g.7101.hdf5,70008038,7101,1,0,1,0,20200122,150401,Final,0
aif200721g.7100.hdf5,70008039,7100,1,0,1,1,20200722,140347,Final,0
aif200721g.7101.hdf5,70008039,7101,1,0,1,0,20200722,140355,Final,0
aif200320g.7100.hdf5,70008040,7100,1,0,1,1,20200321,140333,Final,0
aif200320g.7101.hdf5,70008040,7101,1,0,1,0,20200321,140341,Final,0
aif200321g.7100.hdf5,70008041,7100,1,0,1,1,20200322,140324,Final,0
aif200321g.7101.hdf5,70008041,7101,1,0,1,0,20200322,140332,Final,0
aif201021g.7100.hdf5,70008042,7100,1,0,1,1,20201022,140214,Final,0
aif201021g.7101.hdf5,70008042,7101,1,0,1,0,20201022,140222,Final,0
aif200921g.7100.hdf5,70008043,7100,1,0,1,1,20200922,140355,Final,0
aif200921g.7101.hdf5,70008043,7101,1,0,1,0,20200922,140404,Final,0
aif200421g.7100.hdf5,70008044,7100,1,0,1,1,20200422,140255,Final,0
aif200421g.7101.hdf5,70008044,7101,1,0,1,0,20200422,140304,Final,0
aif201222g.7100.hdf5,70008045,7100,1,0,1,1,20210115,200942,Final,0
aif201222g.7101.hdf5,70008045,7101,1,0,1,0,20210115,200950,Final,0
aif200222g.7100.hdf5,70008046,7100,1,0,1,1,20200223,150122,Final,0
aif200222g.7101.hdf5,70008046,7101,1,0,1,0,20200223,150130,Final,0
aif200122g.7100.hdf5,70008047,7100,1,0,1,1,20200123,150412,Final,0
aif200122g.7101.hdf5,70008047,7101,1,0,1,0,20200123,150420,Final,0
aif200621g.7100.hdf5,70008048,7100,1,0,1,1,20200622,140237,Final,0
aif200621g.7101.hdf5,70008048,7101,1,0,1,0,20200622,140244,Final,0
aif200322g.7100.hdf5,70008049,7100,1,0,1,1,20200324,140121,Final,0
aif200322g.7101.hdf5,70008049,7101,1,0,1,0,20200324,140129,Final,0
aif201022g.7100.hdf5,70008050,7100,1,0,1,1,20201023,140212,Final,0
aif201022g.7101.hdf5,70008050,7101,1,0,1,0,20201023,140220,Final,0
aif200922g.7100.hdf5,70008051,7100,1,0,1,1,20200923,140416,Final,0
aif200922g.7101.hdf5,70008051,7101,1,0,1,0,20200923,140424,Final,0
aif200422g.7100.hdf5,70008052,7100,1,0,1,1,20200423,140138,Final,0
aif200422g.7101.hdf5,70008052,7101,1,0,1,0,20200423,140145,Final,0
aif200423g.7100.hdf5,70008053,7100,1,0,1,1,20200424,140139,Final,0
aif200423g.7101.hdf5,70008053,7101,1,0,1,0,20200424,140147,Final,0
aif200823g.7100.hdf5,70008054,7100,1,0,1,1,20200824,140432,Final,0
aif200823g.7101.hdf5,70008054,7101,1,0,1,0,20200824,140441,Final,0
aif201223g.7100.hdf5,70008055,7100,1,0,1,1,20210115,201632,Final,0
aif201223g.7101.hdf5,70008055,7101,1,0,1,0,20210115,201640,Final,0
aif200223g.7100.hdf5,70008056,7100,1,0,1,1,20200224,150118,Final,0
aif200223g.7101.hdf5,70008056,7101,1,0,1,0,20200224,150126,Final,0
aif200123g.7100.hdf5,70008057,7100,1,0,1,1,20200125,150529,Final,0
aif200123g.7101.hdf5,70008057,7101,1,0,1,0,20200125,150537,Final,0
aif200722g.7100.hdf5,70008058,7100,1,0,1,1,20200723,140121,Final,0
aif200722g.7101.hdf5,70008058,7101,1,0,1,0,20200723,140129,Final,0
aif200622g.7100.hdf5,70008059,7100,1,0,1,1,20200623,140215,Final,0
aif200622g.7101.hdf5,70008059,7101,1,0,1,0,20200623,140223,Final,0
aif200323g.7100.hdf5,70008060,7100,1,0,1,1,20200324,140229,Final,0
aif200323g.7101.hdf5,70008060,7101,1,0,1,0,20200324,140236,Final,0
aif201023g.7100.hdf5,70008061,7100,1,0,1,1,20201025,140230,Final,0
aif201023g.7101.hdf5,70008061,7101,1,0,1,0,20201025,140238,Final,0
aif201224g.7100.hdf5,70008062,7100,1,0,1,1,20210115,200657,Final,0
aif201224g.7101.hdf5,70008062,7101,1,0,1,0,20210115,200705,Final,0
aif200224g.7100.hdf5,70008063,7100,1,0,1,1,20200225,150114,Final,0
aif200224g.7101.hdf5,70008063,7101,1,0,1,0,20200225,150122,Final,0
aif200124g.7100.hdf5,70008064,7100,1,0,1,1,20200125,150640,Final,0
aif200124g.7101.hdf5,70008064,7101,1,0,1,0,20200125,150648,Final,0
aif200723g.7100.hdf5,70008065,7100,1,0,1,1,20200724,140523,Final,0
aif200723g.7101.hdf5,70008065,7101,1,0,1,0,20200724,140531,Final,0
aif200623g.7100.hdf5,70008066,7100,1,0,1,1,20200624,140213,Final,0
aif200623g.7101.hdf5,70008066,7101,1,0,1,0,20200624,140220,Final,0
aif200324g.7100.hdf5,70008067,7100,1,0,1,1,20200325,140124,Final,0
aif200324g.7101.hdf5,70008067,7101,1,0,1,0,20200325,140132,Final,0
aif201024g.7100.hdf5,70008068,7100,1,0,1,1,20201025,140342,Final,0
aif201024g.7101.hdf5,70008068,7101,1,0,1,0,20201025,140350,Final,0
aif200924g.7100.hdf5,70008069,7100,1,0,1,1,20200925,140341,Final,0
aif200924g.7101.hdf5,70008069,7101,1,0,1,0,20200925,140350,Final,0
aif200424g.7100.hdf5,70008070,7100,1,0,1,1,20200425,140423,Final,0
aif200424g.7101.hdf5,70008070,7101,1,0,1,0,20200425,140431,Final,0
aif200825g.7100.hdf5,70008071,7100,1,0,1,1,20200827,141158,Final,0
aif200825g.7101.hdf5,70008071,7101,1,0,1,0,20200827,141206,Final,0
aif200824g.7100.hdf5,70008072,7100,1,0,1,1,20200827,141315,Final,0
aif200824g.7101.hdf5,70008072,7101,1,0,1,0,20200827,141324,Final,0
aif201225g.7100.hdf5,70008073,7100,1,0,1,1,20210115,200538,Final,0
aif201225g.7101.hdf5,70008073,7101,1,0,1,0,20210115,200547,Final,0
aif200225g.7100.hdf5,70008074,7100,1,0,1,1,20200226,150222,Final,0
aif200225g.7101.hdf5,70008074,7101,1,0,1,0,20200226,150230,Final,0
aif200125g.7100.hdf5,70008075,7100,1,0,1,1,20200126,150233,Final,0
aif200125g.7101.hdf5,70008075,7101,1,0,1,0,20200126,150241,Final,0
aif200724g.7100.hdf5,70008076,7100,1,0,1,1,20200725,140526,Final,0
aif200724g.7101.hdf5,70008076,7101,1,0,1,0,20200725,140535,Final,0
aif200725g.7100.hdf5,70008077,7100,1,0,1,1,20200727,140730,Final,0
aif200725g.7101.hdf5,70008077,7101,1,0,1,0,20200727,140739,Final,0
aif200624g.7100.hdf5,70008078,7100,1,0,1,1,20200625,140218,Final,0
aif200624g.7101.hdf5,70008078,7101,1,0,1,0,20200625,140225,Final,0
aif200325g.7100.hdf5,70008079,7100,1,0,1,1,20200326,140125,Final,0
aif200325g.7101.hdf5,70008079,7101,1,0,1,0,20200326,140133,Final,0
aif201025g.7100.hdf5,70008080,7100,1,0,1,1,20201026,140214,Final,0
aif201025g.7101.hdf5,70008080,7101,1,0,1,0,20201026,140222,Final,0
aif200925g.7100.hdf5,70008081,7100,1,0,1,1,20200926,140617,Final,0
aif200925g.7101.hdf5,70008081,7101,1,0,1,0,20200926,140626,Final,0
aif200425g.7100.hdf5,70008082,7100,1,0,1,1,20200426,140255,Final,0
aif200425g.7101.hdf5,70008082,7101,1,0,1,0,20200426,140303,Final,0
aif201226g.7100.hdf5,70008083,7100,1,0,1,1,20210115,201510,Final,0
aif201226g.7101.hdf5,70008083,7101,1,0,1,0,20210115,201519,Final,0
aif200226g.7100.hdf5,70008084,7100,1,0,1,1,20200227,150129,Final,0
aif200226g.7101.hdf5,70008084,7101,1,0,1,0,20200227,150137,Final,0
aif200126g.7100.hdf5,70008085,7100,1,0,1,1,20200127,150330,Final,0
aif200126g.7101.hdf5,70008085,7101,1,0,1,0,20200127,150338,Final,0
aif200625g.7100.hdf5,70008086,7100,1,0,1,1,20200626,140227,Final,0
aif200625g.7101.hdf5,70008086,7101,1,0,1,0,20200626,140235,Final,0
aif200626g.7100.hdf5,70008087,7100,1,0,1,1,20200627,140559,Final,0
aif200626g.7101.hdf5,70008087,7101,1,0,1,0,20200627,140608,Final,0
aif200326g.7100.hdf5,70008088,7100,1,0,1,1,20200327,140243,Final,0
aif200326g.7101.hdf5,70008088,7101,1,0,1,0,20200327,140252,Final,0
aif200526g.7100.hdf5,70008089,7100,1,0,1,1,20200527,140125,Final,0
aif200526g.7101.hdf5,70008089,7101,1,0,1,0,20200527,140133,Final,0
aif201026g.7100.hdf5,70008090,7100,1,0,1,1,20201027,140210,Final,0
aif201026g.7101.hdf5,70008090,7101,1,0,1,0,20201027,140217,Final,0
aif200926g.7100.hdf5,70008091,7100,1,0,1,1,20200927,140406,Final,0
aif200926g.7101.hdf5,70008091,7101,1,0,1,0,20200927,140414,Final,0
aif200426g.7100.hdf5,70008092,7100,1,0,1,1,20200427,140117,Final,0
aif200426g.7101.hdf5,70008092,7101,1,0,1,0,20200427,140125,Final,0
aif200427g.7100.hdf5,70008093,7100,1,0,1,1,20200428,140236,Final,0
aif200427g.7101.hdf5,70008093,7101,1,0,1,0,20200428,140244,Final,0
aif200826g.7100.hdf5,70008094,7100,1,0,1,1,20200827,141045,Final,0
aif200826g.7101.hdf5,70008094,7101,1,0,1,0,20200827,141053,Final,0
aif201227g.7100.hdf5,70008095,7100,1,0,1,1,20210115,201344,Final,0
aif201227g.7101.hdf5,70008095,7101,1,0,1,0,20210115,201353,Final,0
aif200227g.7100.hdf5,70008096,7100,1,0,1,1,20200228,150239,Final,0
aif200227g.7101.hdf5,70008096,7101,1,0,1,0,20200228,150247,Final,0
aif200127g.7100.hdf5,70008097,7100,1,0,1,1,20200128,150136,Final,0
aif200127g.7101.hdf5,70008097,7101,1,0,1,0,20200128,150144,Final,0
aif200726g.7100.hdf5,70008098,7100,1,0,1,1,20200727,140607,Final,0
aif200726g.7101.hdf5,70008098,7101,1,0,1,0,20200727,140615,Final,0
aif200727g.7100.hdf5,70008099,7100,1,0,1,1,20200728,140242,Final,0
aif200727g.7101.hdf5,70008099,7101,1,0,1,0,20200728,140251,Final,0
aif200327g.7100.hdf5,70008100,7100,1,0,1,1,20200330,140341,Final,0
aif200327g.7101.hdf5,70008100,7101,1,0,1,0,20200330,140349,Final,0
aif201027g.7100.hdf5,70008101,7100,1,0,1,1,20201028,140122,Final,0
aif201027g.7101.hdf5,70008101,7101,1,0,1,0,20201028,140129,Final,0
aif200927g.7100.hdf5,70008102,7100,1,0,1,1,20200928,140401,Final,0
aif200927g.7101.hdf5,70008102,7101,1,0,1,0,20200928,140410,Final,0
aif200828g.7100.hdf5,70008103,7100,1,0,1,1,20200901,140248,Final,0
aif200828g.7101.hdf5,70008103,7101,1,0,1,0,20200901,140256,Final,0
aif201228g.7100.hdf5,70008104,7100,1,0,1,1,20210115,202202,Final,0
aif201228g.7101.hdf5,70008104,7101,1,0,1,0,20210115,202209,Final,0
aif200228g.7100.hdf5,70008105,7100,1,0,1,1,20200229,150504,Final,0
aif200228g.7101.hdf5,70008105,7101,1,0,1,0,20200229,150512,Final,0
aif200128g.7100.hdf5,70008106,7100,1,0,1,1,20200129,150230,Final,0
aif200128g.7101.hdf5,70008106,7101,1,0,1,0,20200129,150238,Final,0
aif200728g.7100.hdf5,70008107,7100,1,0,1,1,20200729,140338,Final,0
aif200728g.7101.hdf5,70008107,7101,1,0,1,0,20200729,140346,Final,0
aif200627g.7100.hdf5,70008108,7100,1,0,1,1,20200628,140231,Final,0
aif200627g.7101.hdf5,70008108,7101,1,0,1,0,20200628,140240,Final,0
aif200628g.7100.hdf5,70008109,7100,1,0,1,1,20200629,140129,Final,0
aif200628g.7101.hdf5,70008109,7101,1,0,1,0,20200629,140137,Final,0
aif200328g.7100.hdf5,70008110,7100,1,0,1,1,20200330,140122,Final,0
aif200328g.7101.hdf5,70008110,7101,1,0,1,0,20200330,140130,Final,0
aif200527g.7100.hdf5,70008111,7100,1,0,1,1,20200528,140121,Final,0
aif200527g.7101.hdf5,70008111,7101,1,0,1,0,20200528,140128,Final,0
aif201028g.7100.hdf5,70008112,7100,1,0,1,1,20201029,140207,Final,0
aif200928g.7100.hdf5,70008113,7100,1,0,1,1,20201001,200720,Final,0
aif200928g.7101.hdf5,70008113,7101,1,0,1,0,20201001,200727,Final,0
aif200428g.7100.hdf5,70008114,7100,1,0,1,1,20200429,140224,Final,0
aif200428g.7101.hdf5,70008114,7101,1,0,1,0,20200429,140232,Final,0
aif200429g.7100.hdf5,70008115,7100,1,0,1,1,20200430,140138,Final,0
aif200429g.7101.hdf5,70008115,7101,1,0,1,0,20200430,140147,Final,0
aif200829g.7100.hdf5,70008116,7100,1,0,1,1,20200901,140636,Final,0
aif200829g.7101.hdf5,70008116,7101,1,0,1,0,20200901,140645,Final,0
aif201229g.7100.hdf5,70008117,7100,1,0,1,1,20210115,201104,Final,0
aif201229g.7101.hdf5,70008117,7101,1,0,1,0,20210115,201112,Final,0
aif200229g.7100.hdf5,70008118,7100,1,0,1,1,20200301,150336,Final,0
aif200229g.7101.hdf5,70008118,7101,1,0,1,0,20200301,150344,Final,0
aif200129g.7100.hdf5,70008119,7100,1,0,1,1,20200130,150346,Final,0
aif200129g.7101.hdf5,70008119,7101,1,0,1,0,20200130,150355,Final,0
aif200629g.7100.hdf5,70008120,7100,1,0,1,1,20200630,140126,Final,0
aif200629g.7101.hdf5,70008120,7101,1,0,1,0,20200630,140134,Final,0
aif200329g.7100.hdf5,70008121,7100,1,0,1,1,20200330,140237,Final,0
aif200329g.7101.hdf5,70008121,7101,1,0,1,0,20200330,140245,Final,0
aif200528g.7100.hdf5,70008122,7100,1,0,1,1,20200529,140131,Final,0
aif200528g.7101.hdf5,70008122,7101,1,0,1,0,20200529,140140,Final,0
aif200529g.7100.hdf5,70008123,7100,1,0,1,1,20200530,140509,Final,0
aif200529g.7101.hdf5,70008123,7101,1,0,1,0,20200530,140517,Final,0
aif201029g.7100.hdf5,70008124,7100,1,0,1,1,20201030,140109,Final,0
aif201029g.7101.hdf5,70008124,7101,1,0,1,0,20201030,140116,Final,0
aif200929g.7100.hdf5,70008125,7100,1,0,1,1,20201001,200535,Final,0
aif200929g.7101.hdf5,70008125,7101,1,0,1,0,20201001,200542,Final,0
aif200430g.7100.hdf5,70008126,7100,1,0,1,1,20200501,140218,Final,0
aif200430g.7101.hdf5,70008126,7101,1,0,1,0,20200501,140226,Final,0
aif200830g.7100.hdf5,70008127,7100,1,0,1,1,20200901,140404,Final,0
aif200830g.7101.hdf5,70008127,7101,1,0,1,0,20200901,140412,Final,0
aif201230g.7100.hdf5,70008128,7100,1,0,1,1,20210115,201224,Final,0
aif201230g.7101.hdf5,70008128,7101,1,0,1,0,20210115,201231,Final,0
aif200130g.7100.hdf5,70008129,7100,1,0,1,1,20200131,150341,Final,0
aif200130g.7101.hdf5,70008129,7101,1,0,1,0,20200131,150349,Final,0
aif200330g.7100.hdf5,70008130,7100,1,0,1,1,20200401,140122,Final,0
aif200330g.7101.hdf5,70008130,7101,1,0,1,0,20200401,140130,Final,0
aif201030g.7100.hdf5,70008131,7100,1,0,1,1,20201031,140324,Final,0
aif201030g.7101.hdf5,70008131,7101,1,0,1,0,20201031,140332,Final,0
aif200930g.7100.hdf5,70008132,7100,1,0,1,1,20201001,200628,Final,0
aif200930g.7101.hdf5,70008132,7101,1,0,1,0,20201001,200635,Final,0
aif200831g.7100.hdf5,70008133,7100,1,0,1,1,20200901,140513,Final,0
aif200831g.7101.hdf5,70008133,7101,1,0,1,0,20200901,140521,Final,0
aif201231g.7100.hdf5,70008134,7100,1,0,1,1,20210115,201747,Final,0
aif201231g.7101.hdf5,70008134,7101,1,0,1,0,20210115,201756,Final,0
aif200131g.7100.hdf5,70008135,7100,1,0,1,1,20200201,150235,Final,0
aif200131g.7101.hdf5,70008135,7101,1,0,1,0,20200201,150243,Final,0
aif200331g.7100.hdf5,70008136,7100,1,0,1,1,20200401,140230,Final,0
aif200331g.7101.hdf5,70008136,7101,1,0,1,0,20200401,140239,Final,0
aif200530g.7100.hdf5,70008137,7100,1,0,1,1,20200531,140242,Final,0
aif200530g.7101.hdf5,70008137,7101,1,0,1,0,20200531,140250,Final,0
aif200531g.7100.hdf5,70008138,7100,1,0,1,1,20200601,140301,Final,0
aif200531g.7101.hdf5,70008138,7101,1,0,1,0,20200601,140309,Final,0
aif201031g.7100.hdf5,70008139,7100,1,0,1,1,20201101,150227,Final,0
aif201031g.7101.hdf5,70008139,7101,1,0,1,0,20201101,150235,Final,0
aai20210401.00001.hdf5,70008140,20,1,0,1,1,20210404,055455,Final,0
aai20210201.00001.hdf5,70008141,20,1,0,1,1,20210207,065224,Final,0
aai20210101.00001.hdf5,70008142,20,1,0,1,1,20210103,065134,Final,0
aai20210701.00001.hdf5,70008143,20,1,0,1,1,20210704,055716,Final,0
aai20210601.00001.hdf5,70008144,20,1,0,1,1,20210606,055740,Final,0
aai20210301.00001.hdf5,70008145,20,1,0,1,1,20210307,065629,Final,0
aai20210501.00001.hdf5,70008146,20,1,0,1,1,20210509,055257,Final,0
aai20210402.00001.hdf5,70008147,20,1,0,1,1,20210404,055257,Final,0
aai20210202.00001.hdf5,70008148,20,1,0,1,1,20210207,065528,Final,0
aai20210102.00001.hdf5,70008149,20,1,0,1,1,20210103,064932,Final,0
aai20210702.00001.hdf5,70008150,20,1,0,1,1,20210704,055152,Final,0
aai20210602.00001.hdf5,70008151,20,1,0,1,1,20210606,055641,Final,0
aai20210302.00001.hdf5,70008152,20,1,0,1,1,20210307,065501,Final,0
aai20210502.00001.hdf5,70008153,20,1,0,1,1,20210509,055726,Final,0
aai20210403.00001.hdf5,70008154,20,1,0,1,1,20210404,055420,Final,0
aai20210203.00001.hdf5,70008155,20,1,0,1,1,20210207,065703,Final,0
aai20210103.00001.hdf5,70008156,20,1,0,1,1,20210110,065524,Final,0
aai20210703.00001.hdf5,70008157,20,1,0,1,1,20210704,055123,Final,0
aai20210603.00001.hdf5,70008158,20,1,0,1,1,20210606,055549,Final,0
aai20210303.00001.hdf5,70008159,20,1,0,1,1,20210307,065554,Final,0
aai20210503.00001.hdf5,70008160,20,1,0,1,1,20210509,055908,Final,0
aai20210404.00001.hdf5,70008161,20,1,0,1,1,20210411,055152,Final,0
aai20210204.00001.hdf5,70008162,20,1,0,1,1,20210207,065918,Final,0
aai20210104.00001.hdf5,70008163,20,1,0,1,1,20210110,065710,Final,0
aai20210704.00001.hdf5,70008164,20,1,0,1,1,20210711,055742,Final,0
aai20210604.00001.hdf5,70008165,20,1,0,1,1,20210606,055335,Final,0
aai20210304.00001.hdf5,70008166,20,1,0,1,1,20210307,065355,Final,0
aai20210504.00001.hdf5,70008167,20,1,0,1,1,20210509,055752,Final,0
aai20210405.00001.hdf5,70008168,20,1,0,1,1,20210411,055434,Final,0
aai20210205.00001.hdf5,70008169,20,1,0,1,1,20210207,065337,Final,0
aai20210105.00001.hdf5,70008170,20,1,0,1,1,20210110,065754,Final,0
aai20210705.00001.hdf5,70008171,20,1,0,1,1,20210711,055148,Final,0
aai20210605.00001.hdf5,70008172,20,1,0,1,1,20210606,055202,Final,0
aai20210305.00001.hdf5,70008173,20,1,0,1,1,20210307,065442,Final,0
aai20210505.00001.hdf5,70008174,20,1,0,1,1,20210509,055841,Final,0
aai20210406.00001.hdf5,70008175,20,1,0,1,1,20210411,055550,Final,0
aai20210206.00001.hdf5,70008176,20,1,0,1,1,20210214,065138,Final,0
aai20210106.00001.hdf5,70008177,20,1,0,1,1,20210110,065308,Final,0
aai20210706.00001.hdf5,70008178,20,1,0,1,1,20210711,055436,Final,0
aai20210606.00001.hdf5,70008179,20,1,0,1,1,20210613,055539,Final,0
aai20210306.00001.hdf5,70008180,20,1,0,1,1,20210307,065112,Final,0
aai20210506.00001.hdf5,70008181,20,1,0,1,1,20210509,055324,Final,0
aai20210407.00001.hdf5,70008182,20,1,0,1,1,20210411,055523,Final,0
aai20210207.00001.hdf5,70008183,20,1,0,1,1,20210214,065503,Final,0
aai20210107.00001.hdf5,70008184,20,1,0,1,1,20210110,065552,Final,0
aai20210707.00001.hdf5,70008185,20,1,0,1,1,20210711,055549,Final,0
aai20210607.00001.hdf5,70008186,20,1,0,1,1,20210613,055433,Final,0
aai20210307.00001.hdf5,70008187,20,1,0,1,1,20210314,065427,Final,0
aai20210507.00001.hdf5,70008188,20,1,0,1,1,20210509,055511,Final,0
aai20210408.00001.hdf5,70008189,20,1,0,1,1,20210411,055109,Final,0
aai20210208.00001.hdf5,70008190,20,1,0,1,1,20210214,065604,Final,0
aai20210108.00001.hdf5,70008191,20,1,0,1,1,20210110,065241,Final,0
aai20210708.00001.hdf5,70008192,20,1,0,1,1,20210711,055521,Final,0
aai20210608.00001.hdf5,70008193,20,1,0,1,1,20210613,055250,Final,0
aai20210308.00001.hdf5,70008194,20,1,0,1,1,20210314,065456,Final,0
aai20210508.00001.hdf5,70008195,20,1,0,1,1,20210509,055445,Final,0
aai20210409.00001.hdf5,70008196,20,1,0,1,1,20210411,055220,Final,0
aai20210209.00001.hdf5,70008197,20,1,0,1,1,20210214,065701,Final,0
aai20210109.00001.hdf5,70008198,20,1,0,1,1,20210110,065628,Final,0
aai20210709.00001.hdf5,70008199,20,1,0,1,1,20210711,055704,Final,0
aai20210609.00001.hdf5,70008200,20,1,0,1,1,20210613,055459,Final,0
aai20210309.00001.hdf5,70008201,20,1,0,1,1,20210314,065818,Final,0
aai20210509.00001.hdf5,70008202,20,1,0,1,1,20210516,055057,Final,0
aai20210410.00001.hdf5,70008203,20,1,0,1,1,20210411,055642,Final,0
aai20210210.00001.hdf5,70008204,20,1,0,1,1,20210214,065436,Final,0
aai20210110.00001.hdf5,70008205,20,1,0,1,1,20210117,065109,Final,0
aai20210710.00001.hdf5,70008206,20,1,0,1,1,20210711,055237,Final,0
aai20210610.00001.hdf5,70008207,20,1,0,1,1,20210613,055019,Final,0
aai20210310.00001.hdf5,70008208,20,1,0,1,1,20210314,065604,Final,0
aai20210510.00001.hdf5,70008209,20,1,0,1,1,20210516,055542,Final,0
aai20210411.00001.hdf5,70008210,20,1,0,1,1,20210418,055456,Final,0
aai20210211.00001.hdf5,70008211,20,1,0,1,1,20210214,065727,Final,0
aai20210111.00001.hdf5,70008212,20,1,0,1,1,20210117,065225,Final,0
aai20210711.00001.hdf5,70008213,20,1,0,1,1,20210718,055735,Final,0
aai20210611.00001.hdf5,70008214,20,1,0,1,1,20210613,055317,Final,0
aai20210311.00001.hdf5,70008215,20,1,0,1,1,20210314,065652,Final,0
aai20210511.00001.hdf5,70008216,20,1,0,1,1,20210516,055431,Final,0
aai20210412.00001.hdf5,70008217,20,1,0,1,1,20210418,055214,Final,0
aai20210212.00001.hdf5,70008218,20,1,0,1,1,20210214,065340,Final,0
aai20210112.00001.hdf5,70008219,20,1,0,1,1,20210117,065440,Final,0
aai20210712.00001.hdf5,70008220,20,1,0,1,1,20210718,055650,Final,0
aai20210612.00001.hdf5,70008221,20,1,0,1,1,20210613,054952,Final,0
aai20210312.00001.hdf5,70008222,20,1,0,1,1,20210314,065747,Final,0
aai20210512.00001.hdf5,70008223,20,1,0,1,1,20210516,055155,Final,0
aai20210413.00001.hdf5,70008224,20,1,0,1,1,20210418,055627,Final,0
aai20210213.00001.hdf5,70008225,20,1,0,1,1,20210214,065528,Final,0
aai20210113.00001.hdf5,70008226,20,1,0,1,1,20210117,065137,Final,0
aai20210713.00001.hdf5,70008227,20,1,0,1,1,20210718,055149,Final,0
aai20210613.00001.hdf5,70008228,20,1,0,1,1,20210620,055129,Final,0
aai20210313.00001.hdf5,70008229,20,1,0,1,1,20210314,065525,Final,0
aai20210513.00001.hdf5,70008230,20,1,0,1,1,20210516,055125,Final,0
aai20210414.00001.hdf5,70008231,20,1,0,1,1,20210418,055428,Final,0
aai20210214.00001.hdf5,70008232,20,1,0,1,1,20210221,065126,Final,0
aai20210114.00001.hdf5,70008233,20,1,0,1,1,20210117,065643,Final,0
aai20210714.00001.hdf5,70008234,20,1,0,1,1,20210718,055621,Final,0
aai20210614.00001.hdf5,70008235,20,1,0,1,1,20210620,055557,Final,0
aai20210314.00001.hdf5,70008236,20,1,0,1,1,20210321,055628,Final,0
aai20210514.00001.hdf5,70008237,20,1,0,1,1,20210523,055319,Final,0
aai20210415.00001.hdf5,70008238,20,1,0,1,1,20210418,055130,Final,0
aai20210215.00001.hdf5,70008239,20,1,0,1,1,20210221,065716,Final,0
aai20210115.00001.hdf5,70008240,20,1,0,1,1,20210117,065510,Final,0
aai20210715.00001.hdf5,70008241,20,1,0,1,1,20210718,055238,Final,0
aai20210615.00001.hdf5,70008242,20,1,0,1,1,20210620,055705,Final,0
aai20210315.00001.hdf5,70008243,20,1,0,1,1,20210321,055500,Final,0
aai20210515.00001.hdf5,70008244,20,1,0,1,1,20210523,055723,Final,0
aai20210416.00001.hdf5,70008245,20,1,0,1,1,20210418,055549,Final,0
aai20210216.00001.hdf5,70008246,20,1,0,1,1,20210221,065322,Final,0
aai20210116.00001.hdf5,70008247,20,1,0,1,1,20210117,065612,Final,0
aai20210716.00001.hdf5,70008248,20,1,0,1,1,20210718,055500,Final,0
aai20210616.00001.hdf5,70008249,20,1,0,1,1,20210620,055224,Final,0
aai20210316.00001.hdf5,70008250,20,1,0,1,1,20210321,055655,Final,0
aai20210516.00001.hdf5,70008251,20,1,0,1,1,20210523,055639,Final,0
aai20210417.00001.hdf5,70008252,20,1,0,1,1,20210418,055524,Final,0
aai20210217.00001.hdf5,70008253,20,1,0,1,1,20210221,065250,Final,0
aai20210117.00001.hdf5,70008254,20,1,0,1,1,20210124,065044,Final,0
aai20210717.00001.hdf5,70008255,20,1,0,1,1,20210718,055527,Final,0
aai20210617.00001.hdf5,70008256,20,1,0,1,1,20210620,055523,Final,0
aai20210317.00001.hdf5,70008257,20,1,0,1,1,20210321,055540,Final,0
aai20210517.00001.hdf5,70008258,20,1,0,1,1,20210523,055846,Final,0
aai20210418.00001.hdf5,70008259,20,1,0,1,1,20210425,055603,Final,0
aai20210218.00001.hdf5,70008260,20,1,0,1,1,20210221,065748,Final,0
aai20210118.00001.hdf5,70008261,20,1,0,1,1,20210124,065627,Final,0
aai20210718.00001.hdf5,70008262,20,1,0,1,1,20210725,055444,Final,0
aai20210618.00001.hdf5,70008263,20,1,0,1,1,20210620,055457,Final,0
aai20210318.00001.hdf5,70008264,20,1,0,1,1,20210321,055429,Final,0
aai20210518.00001.hdf5,70008265,20,1,0,1,1,20210523,055604,Final,0
aai20210419.00001.hdf5,70008266,20,1,0,1,1,20210425,055731,Final,0
aai20210219.00001.hdf5,70008267,20,1,0,1,1,20210221,065217,Final,0
aai20210119.00001.hdf5,70008268,20,1,0,1,1,20210124,065114,Final,0
aai20210719.00001.hdf5,70008269,20,1,0,1,1,20210725,055414,Final,0
aai20210619.00001.hdf5,70008270,20,1,0,1,1,20210620,055156,Final,0
aai20210319.00001.hdf5,70008271,20,1,0,1,1,20210321,055151,Final,0
aai20210519.00001.hdf5,70008272,20,1,0,1,1,20210523,055535,Final,0
aai20210420.00001.hdf5,70008273,20,1,0,1,1,20210425,055139,Final,0
aai20210220.00001.hdf5,70008274,20,1,0,1,1,20210221,065551,Final,0
aai20210120.00001.hdf5,70008275,20,1,0,1,1,20210124,065400,Final,0
aai20210720.00001.hdf5,70008276,20,1,0,1,1,20210725,055141,Final,0
aai20210620.00001.hdf5,70008277,20,1,0,1,1,20210627,055023,Final,0
aai20210320.00001.hdf5,70008278,20,1,0,1,1,20210321,055742,Final,0
aai20210520.00001.hdf5,70008279,20,1,0,1,1,20210523,055250,Final,0
aai20210421.00001.hdf5,70008280,20,1,0,1,1,20210425,055505,Final,0
aai20210221.00001.hdf5,70008281,20,1,0,1,1,20210228,065529,Final,0
aai20210121.00001.hdf5,70008282,20,1,0,1,1,20210124,065539,Final,0
aai20210721.00001.hdf5,70008283,20,1,0,1,1,20210725,055055,Final,0
aai20210621.00001.hdf5,70008284,20,1,0,1,1,20210627,055311,Final,0
aai20210321.00001.hdf5,70008285,20,1,0,1,1,20210328,055619,Final,0
aai20210521.00001.hdf5,70008286,20,1,0,1,1,20210523,055807,Final,0
aai20210422.00001.hdf5,70008287,20,1,0,1,1,20210425,055435,Final,0
aai20210222.00001.hdf5,70008288,20,1,0,1,1,20210228,065609,Final,0
aai20210122.00001.hdf5,70008289,20,1,0,1,1,20210124,065328,Final,0
aai20210722.00001.hdf5,70008290,20,1,0,1,1,20210725,055113,Final,0
aai20210622.00001.hdf5,70008291,20,1,0,1,1,20210627,055402,Final,0
aai20210322.00001.hdf5,70008292,20,1,0,1,1,20210328,055510,Final,0
aai20210522.00001.hdf5,70008293,20,1,0,1,1,20210523,055204,Final,0
aai20210423.00001.hdf5,70008294,20,1,0,1,1,20210425,055634,Final,0
aai20210223.00001.hdf5,70008295,20,1,0,1,1,20210228,065346,Final,0
aai20210123.00001.hdf5,70008296,20,1,0,1,1,20210124,065446,Final,0
aai20210623.00001.hdf5,70008297,20,1,0,1,1,20210627,055043,Final,0
aai20210323.00001.hdf5,70008298,20,1,0,1,1,20210328,055149,Final,0
aai20210523.00001.hdf5,70008299,20,1,0,1,1,20210530,055037,Final,0
aai20210424.00001.hdf5,70008300,20,1,0,1,1,20210425,055218,Final,0
aai20210224.00001.hdf5,70008301,20,1,0,1,1,20210228,065153,Final,0
aai20210124.00001.hdf5,70008302,20,1,0,1,1,20210207,065250,Final,0
aai20210724.00001.hdf5,70008303,20,1,0,1,1,20210801,055351,Final,0
aai20210324.00001.hdf5,70008304,20,1,0,1,1,20210328,055545,Final,0
aai20210524.00001.hdf5,70008305,20,1,0,1,1,20210530,055159,Final,0
aai20210425.00001.hdf5,70008306,20,1,0,1,1,20210509,055341,Final,0
aai20210225.00001.hdf5,70008307,20,1,0,1,1,20210228,065112,Final,0
aai20210125.00001.hdf5,70008308,20,1,0,1,1,20210207,065603,Final,0
aai20210725.00001.hdf5,70008309,20,1,0,1,1,20210801,055428,Final,0
aai20210625.00001.hdf5,70008310,20,1,0,1,1,20210627,054957,Final,0
aai20210325.00001.hdf5,70008311,20,1,0,1,1,20210328,055240,Final,0
aai20210525.00001.hdf5,70008312,20,1,0,1,1,20210530,054831,Final,0
aai20210126.00001.hdf5,70008313,20,1,0,1,1,20210207,065805,Final,0
aai20210726.00001.hdf5,70008314,20,1,0,1,1,20210801,055648,Final,0
aai20210626.00001.hdf5,70008315,20,1,0,1,1,20210627,055434,Final,0
aai20210326.00001.hdf5,70008316,20,1,0,1,1,20210328,055703,Final,0
aai20210127.00001.hdf5,70008317,20,1,0,1,1,20210207,065310,Final,0
aai20210727.00001.hdf5,70008318,20,1,0,1,1,20210801,055449,Final,0
aai20210627.00001.hdf5,70008319,20,1,0,1,1,20210704,055303,Final,0
aai20210527.00001.hdf5,70008320,20,1,0,1,1,20210606,055305,Final,0
aai20210428.00001.hdf5,70008321,20,1,0,1,1,20210509,055942,Final,0
aai20210228.00001.hdf5,70008322,20,1,0,1,1,20210307,065129,Final,0
aai20210728.00001.hdf5,70008323,20,1,0,1,1,20210801,055200,Final,0
aai20210628.00001.hdf5,70008324,20,1,0,1,1,20210704,055539,Final,0
aai20210528.00001.hdf5,70008325,20,1,0,1,1,20210606,055826,Final,0
aai20210429.00001.hdf5,70008326,20,1,0,1,1,20210509,055402,Final,0
aai20210729.00001.hdf5,70008327,20,1,0,1,1,20210801,055114,Final,0
aai20210629.00001.hdf5,70008328,20,1,0,1,1,20210704,055623,Final,0
aai20210329.00001.hdf5,70008329,20,1,0,1,1,20210404,055204,Final,0
aai20210529.00001.hdf5,70008330,20,1,0,1,1,20210606,055611,Final,0
aai20210430.00001.hdf5,70008331,20,1,0,1,1,20210509,060029,Final,0
aai20210130.00001.hdf5,70008332,20,1,0,1,1,20210207,065744,Final,0
aai20210730.00001.hdf5,70008333,20,1,0,1,1,20210801,055515,Final,0
aai20210630.00001.hdf5,70008334,20,1,0,1,1,20210704,055240,Final,0
aai20210330.00001.hdf5,70008335,20,1,0,1,1,20210404,055336,Final,0
aai20210530.00001.hdf5,70008336,20,1,0,1,1,20210606,055228,Final,0
aai20210131.00001.hdf5,70008337,20,1,0,1,1,20210207,065838,Final,0
aai20210731.00001.hdf5,70008338,20,1,0,1,1,20210801,055609,Final,0
aai20210331.00001.hdf5,70008339,20,1,0,1,1,20210404,055314,Final,0
aai20210531.00001.hdf5,70008340,20,1,0,1,1,20210606,055708,Final,0
aif210401g.7100.hdf5,70008341,7100,1,0,1,1,20210402,140242,Final,0
aif210401g.7101.hdf5,70008341,7101,1,0,1,0,20210402,140250,Final,0
aif210731g.7100.hdf5,70008342,7100,1,0,1,1,20210801,140431,Final,0
aif210731g.7101.hdf5,70008342,7101,1,0,1,0,20210801,140440,Final,0
aif210201g.7100.hdf5,70008343,7100,1,0,1,1,20210220,155247,Final,0
aif210201g.7101.hdf5,70008343,7101,1,0,1,0,20210220,155255,Final,0
aif210101g.7100.hdf5,70008344,7100,1,0,1,1,20210115,203150,Final,0
aif210101g.7101.hdf5,70008344,7101,1,0,1,0,20210115,203158,Final,0
aif210701g.7100.hdf5,70008345,7100,1,0,1,1,20210702,140226,Final,0
aif210701g.7101.hdf5,70008345,7101,1,0,1,0,20210702,140236,Final,0
aif210601g.7100.hdf5,70008346,7100,1,0,1,1,20210602,140426,Final,0
aif210601g.7101.hdf5,70008346,7101,1,0,1,0,20210602,140434,Final,0
aif210301g.7100.hdf5,70008347,7100,1,0,1,1,20210302,150115,Final,0
aif210301g.7101.hdf5,70008347,7101,1,0,1,0,20210302,150123,Final,0
aif210430g.7100.hdf5,70008348,7100,1,0,1,1,20210502,140214,Final,0
aif210430g.7101.hdf5,70008348,7101,1,0,1,0,20210502,140222,Final,0
aif210501g.7100.hdf5,70008349,7100,1,0,1,1,20210502,140332,Final,0
aif210501g.7101.hdf5,70008349,7101,1,0,1,0,20210502,140340,Final,0
aif210402g.7100.hdf5,70008350,7100,1,0,1,1,20210404,140302,Final,0
aif210402g.7101.hdf5,70008350,7101,1,0,1,0,20210404,140311,Final,0
aif210801g.7100.hdf5,70008351,7100,1,0,1,1,20210802,140230,Final,0
aif210801g.7101.hdf5,70008351,7101,1,0,1,0,20210802,140237,Final,0
aif210202g.7100.hdf5,70008352,7100,1,0,1,1,20210220,154630,Final,0
aif210202g.7101.hdf5,70008352,7101,1,0,1,0,20210220,154639,Final,0
aif210102g.7100.hdf5,70008353,7100,1,0,1,1,20210115,203313,Final,0
aif210102g.7101.hdf5,70008353,7101,1,0,1,0,20210115,203321,Final,0
aif210602g.7100.hdf5,70008354,7100,1,0,1,1,20210603,140217,Final,0
aif210602g.7101.hdf5,70008354,7101,1,0,1,0,20210603,140226,Final,0
aif210302g.7100.hdf5,70008355,7100,1,0,1,1,20210303,150155,Final,0
aif210302g.7101.hdf5,70008355,7101,1,0,1,0,20210303,150203,Final,0
aif210403g.7100.hdf5,70008356,7100,1,0,1,1,20210404,140409,Final,0
aif210403g.7101.hdf5,70008356,7101,1,0,1,0,20210404,140418,Final,0
aif210802g.7100.hdf5,70008357,7100,1,0,1,1,20210803,140209,Final,0
aif210203g.7100.hdf5,70008358,7100,1,0,1,1,20210220,155017,Final,0
aif210203g.7101.hdf5,70008358,7101,1,0,1,0,20210220,155025,Final,0
aif210103g.7100.hdf5,70008359,7100,1,0,1,1,20210115,202604,Final,0
aif210103g.7101.hdf5,70008359,7101,1,0,1,0,20210115,202612,Final,0
aif210303g.7100.hdf5,70008360,7100,3,0,1,1,20210304,150136,Final,0
aif210303g.7101.hdf5,70008360,7101,3,0,1,0,20210304,150145,Final,0
aif210303g.7100.00000.hdf5,70008360,7100,1,0,1,0,20210305,150253,Final,0
aif210303g.7101.00001.hdf5,70008360,7101,1,0,1,0,20210305,150301,Final,0
aif210502g.7100.hdf5,70008361,7100,1,0,1,1,20210503,140228,Final,0
aif210502g.7101.hdf5,70008361,7101,1,0,1,0,20210503,140237,Final,0
aif210803g.7100.hdf5,70008362,7100,1,0,1,1,20210804,140221,Final,0
aif210804g.7100.hdf5,70008363,7100,1,0,1,1,20210805,140204,Final,0
aif210204g.7100.hdf5,70008364,7100,1,0,1,1,20210220,155406,Final,0
aif210204g.7101.hdf5,70008364,7101,1,0,1,0,20210220,155413,Final,0
aif210104g.7100.hdf5,70008365,7100,1,0,1,1,20210115,202906,Final,0
aif210104g.7101.hdf5,70008365,7101,1,0,1,0,20210115,202913,Final,0
aif210703g.7100.hdf5,70008366,7100,1,0,1,1,20210704,140322,Final,0
aif210703g.7101.hdf5,70008366,7101,1,0,1,0,20210704,140331,Final,0
aif210604g.7100.hdf5,70008367,7100,1,0,1,1,20210606,140318,Final,0
aif210604g.7101.hdf5,70008367,7101,1,0,1,0,20210606,140326,Final,0
aif210304g.7100.hdf5,70008368,7100,1,0,1,1,20210305,150136,Final,0
aif210304g.7101.hdf5,70008368,7101,1,0,1,0,20210305,150146,Final,0
aif210503g.7100.hdf5,70008369,7100,1,0,1,1,20210504,140219,Final,0
aif210503g.7101.hdf5,70008369,7101,1,0,1,0,20210504,140228,Final,0
aif210504g.7100.hdf5,70008370,7100,1,0,1,1,20210505,140228,Final,0
aif210504g.7101.hdf5,70008370,7101,1,0,1,0,20210505,140237,Final,0
aif210405g.7100.hdf5,70008371,7100,1,0,1,1,20210406,140340,Final,0
aif210405g.7101.hdf5,70008371,7101,1,0,1,0,20210406,140355,Final,0
aif210805g.7100.hdf5,70008372,7100,1,0,1,1,20210806,140217,Final,0
aif210205g.7100.hdf5,70008373,7100,1,0,1,1,20210220,155525,Final,0
aif210205g.7101.hdf5,70008373,7101,1,0,1,0,20210220,155532,Final,0
aif210105g.7100.hdf5,70008374,7100,1,0,1,1,20210115,204003,Final,0
aif210105g.7101.hdf5,70008374,7101,1,0,1,0,20210115,204011,Final,0
aif210704g.7100.hdf5,70008375,7100,1,0,1,1,20210705,140230,Final,0
aif210704g.7101.hdf5,70008375,7101,1,0,1,0,20210705,140239,Final,0
aif210705g.7100.hdf5,70008376,7100,1,0,1,1,20210706,140240,Final,0
aif210705g.7101.hdf5,70008376,7101,1,0,1,0,20210706,140250,Final,0
aif210605g.7100.hdf5,70008377,7100,1,0,1,1,20210606,140425,Final,0
aif210605g.7101.hdf5,70008377,7101,1,0,1,0,20210606,140433,Final,0
aif210305g.7100.hdf5,70008378,7100,1,0,1,1,20210306,150302,Final,0
aif210305g.7101.hdf5,70008378,7101,1,0,1,0,20210306,150310,Final,0
aif210505g.7100.hdf5,70008379,7100,1,0,1,1,20210506,140241,Final,0
aif210505g.7101.hdf5,70008379,7101,1,0,1,0,20210506,140250,Final,0
aif210406g.7100.hdf5,70008380,7100,1,0,1,1,20210407,140254,Final,0
aif210406g.7101.hdf5,70008380,7101,1,0,1,0,20210407,140303,Final,0
aif210206g.7100.hdf5,70008381,7100,1,0,1,1,20210220,160138,Final,0
aif210206g.7101.hdf5,70008381,7101,1,0,1,0,20210220,160147,Final,0
aif210106g.7100.hdf5,70008382,7100,1,0,1,1,20210115,203839,Final,0
aif210106g.7101.hdf5,70008382,7101,1,0,1,0,20210115,203847,Final,0
aif210706g.7100.hdf5,70008383,7100,1,0,1,1,20210707,140244,Final,0
aif210706g.7101.hdf5,70008383,7101,1,0,1,0,20210707,140253,Final,0
aif210606g.7100.hdf5,70008384,7100,1,0,1,1,20210607,140205,Final,0
aif210306g.7100.hdf5,70008385,7100,1,0,1,1,20210307,150221,Final,0
aif210306g.7101.hdf5,70008385,7101,1,0,1,0,20210307,150229,Final,0
aif210407g.7100.hdf5,70008386,7100,1,0,1,1,20210408,140251,Final,0
aif210407g.7101.hdf5,70008386,7101,1,0,1,0,20210408,140300,Final,0
aif210207g.7100.hdf5,70008387,7100,1,0,1,1,20210220,154248,Final,0
aif210207g.7101.hdf5,70008387,7101,1,0,1,0,20210220,154256,Final,0
aif210107g.7100.hdf5,70008388,7100,1,0,1,1,20210115,203028,Final,0
aif210107g.7101.hdf5,70008388,7101,1,0,1,0,20210115,203036,Final,0
aif210707g.7100.hdf5,70008389,7100,1,0,1,1,20210708,140223,Final,0
aif210707g.7101.hdf5,70008389,7101,1,0,1,0,20210708,140231,Final,0
aif210607g.7100.hdf5,70008390,7100,1,0,1,1,20210608,140215,Final,0
aif210607g.7101.hdf5,70008390,7101,1,0,1,0,20210608,140224,Final,0
aif210307g.7100.hdf5,70008391,7100,1,0,1,1,20210308,150229,Final,0
aif210307g.7101.hdf5,70008391,7101,1,0,1,0,20210308,150237,Final,0
aif210506g.7100.hdf5,70008392,7100,1,0,1,1,20210507,140219,Final,0
aif210506g.7101.hdf5,70008392,7101,1,0,1,0,20210507,140228,Final,0
aif210507g.7100.hdf5,70008393,7100,1,0,1,1,20210509,140229,Final,0
aif210507g.7101.hdf5,70008393,7101,1,0,1,0,20210509,140237,Final,0
aif210208g.7100.hdf5,70008394,7100,1,0,1,1,20210220,154757,Final,0
aif210208g.7101.hdf5,70008394,7101,1,0,1,0,20210220,154805,Final,0
aif210108g.7100.hdf5,70008395,7100,1,0,1,1,20210115,203704,Final,0
aif210108g.7101.hdf5,70008395,7101,1,0,1,0,20210115,203713,Final,0
aif210708g.7100.hdf5,70008396,7100,1,0,1,1,20210709,140208,Final,0
aif210708g.7101.hdf5,70008396,7101,1,0,1,0,20210709,140216,Final,0
aif210608g.7100.hdf5,70008397,7100,1,0,1,1,20210609,140217,Final,0
aif210608g.7101.hdf5,70008397,7101,1,0,1,0,20210609,140227,Final,0
aif210308g.7100.hdf5,70008398,7100,1,0,1,1,20210309,150223,Final,0
aif210308g.7101.hdf5,70008398,7101,1,0,1,0,20210309,150231,Final,0
aif210408g.7100.hdf5,70008399,7100,1,0,1,1,20210409,140226,Final,0
aif210408g.7101.hdf5,70008399,7101,1,0,1,0,20210409,140234,Final,0
aif210209g.7100.hdf5,70008400,7100,1,0,1,1,20210220,155750,Final,0
aif210209g.7101.hdf5,70008400,7101,1,0,1,0,20210220,155758,Final,0
aif210109g.7100.hdf5,70008401,7100,1,0,1,1,20210115,202738,Final,0
aif210109g.7101.hdf5,70008401,7101,1,0,1,0,20210115,202747,Final,0
aif210309g.7100.hdf5,70008402,7100,1,0,1,1,20210310,150240,Final,0
aif210309g.7101.hdf5,70008402,7101,1,0,1,0,20210310,150249,Final,0
aif210508g.7100.hdf5,70008403,7100,1,0,1,1,20210509,140332,Final,0
aif210508g.7101.hdf5,70008403,7101,1,0,1,0,20210509,140340,Final,0
aif210509g.7100.hdf5,70008404,7100,1,0,1,1,20210510,140314,Final,0
aif210509g.7101.hdf5,70008404,7101,1,0,1,0,20210510,140323,Final,0
aif210410g.7100.hdf5,70008405,7100,1,0,1,1,20210411,140230,Final,0
aif210410g.7101.hdf5,70008405,7101,1,0,1,0,20210411,140238,Final,0
aif210409g.7100.hdf5,70008406,7100,1,0,1,1,20210411,140342,Final,0
aif210409g.7101.hdf5,70008406,7101,1,0,1,0,20210411,140350,Final,0
aif210210g.7100.hdf5,70008407,7100,1,0,1,1,20210220,155914,Final,0
aif210210g.7101.hdf5,70008407,7101,1,0,1,0,20210220,155922,Final,0
aif210110g.7100.hdf5,70008408,7100,1,0,1,1,20210115,203428,Final,0
aif210110g.7101.hdf5,70008408,7101,1,0,1,0,20210115,203436,Final,0
aif210709g.7100.hdf5,70008409,7100,1,0,1,1,20210711,140309,Final,0
aif210709g.7101.hdf5,70008409,7101,1,0,1,0,20210711,140316,Final,0
aif210710g.7100.hdf5,70008410,7100,1,0,1,1,20210711,140422,Final,0
aif210710g.7101.hdf5,70008410,7101,1,0,1,0,20210711,140431,Final,0
aif210609g.7100.hdf5,70008411,7100,1,0,1,1,20210610,140220,Final,0
aif210609g.7101.hdf5,70008411,7101,1,0,1,0,20210610,140227,Final,0
aif210610g.7100.hdf5,70008412,7100,1,0,1,1,20210611,140228,Final,0
aif210610g.7101.hdf5,70008412,7101,1,0,1,0,20210611,140238,Final,0
aif210310g.7100.hdf5,70008413,7100,1,0,1,1,20210311,150242,Final,0
aif210310g.7101.hdf5,70008413,7101,1,0,1,0,20210311,150251,Final,0
aif210510g.7100.hdf5,70008414,7100,1,0,1,1,20210511,140226,Final,0
aif210510g.7101.hdf5,70008414,7101,1,0,1,0,20210511,140234,Final,0
aif210411g.7100.hdf5,70008415,7100,1,0,1,1,20210418,140420,Final,0
aif210411g.7101.hdf5,70008415,7101,1,0,1,0,20210418,140430,Final,0
aif210211g.7100.hdf5,70008416,7100,1,0,1,1,20210220,154004,Final,0
aif210211g.7101.hdf5,70008416,7101,1,0,1,0,20210220,154011,Final,0
aif210111g.7100.hdf5,70008417,7100,1,0,1,1,20210115,202436,Final,0
aif210111g.7101.hdf5,70008417,7101,1,0,1,0,20210115,202445,Final,0
aif210711g.7100.hdf5,70008418,7100,1,0,1,1,20210712,140216,Final,0
aif210711g.7101.hdf5,70008418,7101,1,0,1,0,20210712,140225,Final,0
aif210611g.7100.hdf5,70008419,7100,1,0,1,1,20210613,140415,Final,0
aif210611g.7101.hdf5,70008419,7101,1,0,1,0,20210613,140424,Final,0
aif210311g.7100.hdf5,70008420,7100,1,0,1,1,20210312,150228,Final,0
aif210311g.7101.hdf5,70008420,7101,1,0,1,0,20210312,150237,Final,0
aif210511g.7100.hdf5,70008421,7100,1,0,1,1,20210512,140235,Final,0
aif210511g.7101.hdf5,70008421,7101,1,0,1,0,20210512,140243,Final,0
aif210412g.7100.hdf5,70008422,7100,1,0,1,1,20210413,140236,Final,0
aif210412g.7101.hdf5,70008422,7101,1,0,1,0,20210413,140244,Final,0
aif210212g.7100.hdf5,70008423,7100,1,0,1,1,20210220,155133,Final,0
aif210212g.7101.hdf5,70008423,7101,1,0,1,0,20210220,155140,Final,0
aif210112g.7100.hdf5,70008424,7100,1,0,1,1,20210115,204222,Final,0
aif210112g.7101.hdf5,70008424,7101,1,0,1,0,20210115,204231,Final,0
aif210712g.7100.hdf5,70008425,7100,1,0,1,1,20210714,015930,Final,0
aif210712g.7101.hdf5,70008425,7101,1,0,1,0,20210714,015943,Final,0
aif210612g.7100.hdf5,70008426,7100,1,0,1,1,20210613,140308,Final,0
aif210612g.7101.hdf5,70008426,7101,1,0,1,0,20210613,140316,Final,0
aif210312g.7100.hdf5,70008427,7100,1,0,1,1,20210313,150232,Final,0
aif210312g.7101.hdf5,70008427,7101,1,0,1,0,20210313,150241,Final,0
aif210512g.7100.hdf5,70008428,7100,1,0,1,1,20210513,140219,Final,0
aif210512g.7101.hdf5,70008428,7101,1,0,1,0,20210513,140228,Final,0
aif210413g.7100.hdf5,70008429,7100,1,0,1,1,20210414,140203,Final,0
aif210413g.7101.hdf5,70008429,7101,1,0,1,0,20210414,140212,Final,0
aif210213g.7100.hdf5,70008430,7100,1,0,1,1,20210220,154124,Final,0
aif210213g.7101.hdf5,70008430,7101,1,0,1,0,20210220,154132,Final,0
aif210113g.7100.hdf5,70008431,7100,1,0,1,1,20210115,204110,Final,0
aif210113g.7101.hdf5,70008431,7101,1,0,1,0,20210115,204118,Final,0
aif210713g.7100.hdf5,70008432,7100,1,0,1,1,20210714,140508,Final,0
aif210713g.7101.hdf5,70008432,7101,1,0,1,0,20210714,140516,Final,0
aif210613g.7100.hdf5,70008433,7100,1,0,1,1,20210614,140227,Final,0
aif210613g.7101.hdf5,70008433,7101,1,0,1,0,20210614,140236,Final,0
aif210313g.7100.hdf5,70008434,7100,1,0,1,1,20210314,140115,Final,0
aif210313g.7101.hdf5,70008434,7101,1,0,1,0,20210314,140123,Final,0
aif210513g.7100.hdf5,70008435,7100,1,0,1,1,20210602,140819,Final,0
aif210513g.7101.hdf5,70008435,7101,1,0,1,0,20210602,140828,Final,0
aif210414g.7100.hdf5,70008436,7100,1,0,1,1,20210415,140228,Final,0
aif210414g.7101.hdf5,70008436,7101,1,0,1,0,20210415,140237,Final,0
aif210214g.7100.hdf5,70008437,7100,1,0,1,1,20210220,154901,Final,0
aif210114g.7100.hdf5,70008438,7100,1,0,1,1,20210115,203538,Final,0
aif210114g.7101.hdf5,70008438,7101,1,0,1,0,20210115,203547,Final,0
aif210314g.7100.hdf5,70008439,7100,1,0,1,1,20210315,140244,Final,0
aif210314g.7101.hdf5,70008439,7101,1,0,1,0,20210315,140254,Final,0
aif210415g.7100.hdf5,70008440,7100,3,0,1,1,20210416,140213,Final,0
aif210415g.7101.hdf5,70008440,7101,3,0,1,0,20210416,140222,Final,0
aif210415g.7100.00000.hdf5,70008440,7100,1,0,1,0,20210418,140647,Final,0
aif210415g.7101.00001.hdf5,70008440,7101,1,0,1,0,20210418,140657,Final,0
aif210215g.7100.hdf5,70008441,7100,1,0,1,1,20210220,154359,Final,0
aif210215g.7101.hdf5,70008441,7101,1,0,1,0,20210220,154408,Final,0
aif210115g.7100.hdf5,70008442,7100,1,0,1,1,20210220,160929,Final,0
aif210115g.7101.hdf5,70008442,7101,1,0,1,0,20210220,160937,Final,0
aif210714g.7100.hdf5,70008443,7100,1,0,1,1,20210715,140340,Final,0
aif210714g.7101.hdf5,70008443,7101,1,0,1,0,20210715,140349,Final,0
aif210715g.7100.hdf5,70008444,7100,1,0,1,1,20210716,140319,Final,0
aif210715g.7101.hdf5,70008444,7101,1,0,1,0,20210716,140329,Final,0
aif210614g.7100.hdf5,70008445,7100,1,0,1,1,20210615,140211,Final,0
aif210614g.7101.hdf5,70008445,7101,1,0,1,0,20210615,140220,Final,0
aif210615g.7100.hdf5,70008446,7100,1,0,1,1,20210616,140228,Final,0
aif210615g.7101.hdf5,70008446,7101,1,0,1,0,20210616,140237,Final,0
aif210315g.7100.hdf5,70008447,7100,1,0,1,1,20210316,140130,Final,0
aif210315g.7101.hdf5,70008447,7101,1,0,1,0,20210316,140138,Final,0
aif210515g.7100.hdf5,70008448,7100,1,0,1,1,20210602,141520,Final,0
aif210515g.7101.hdf5,70008448,7101,1,0,1,0,20210602,141528,Final,0
aif210416g.7100.hdf5,70008449,7100,1,0,1,1,20210418,140529,Final,0
aif210416g.7101.hdf5,70008449,7101,1,0,1,0,20210418,140537,Final,0
aif210216g.7100.hdf5,70008450,7100,1,0,1,1,20210220,155627,Final,0
aif210216g.7101.hdf5,70008450,7101,1,0,1,0,20210220,155635,Final,0
aif210116g.7100.hdf5,70008451,7100,1,0,1,1,20210220,161559,Final,0
aif210116g.7101.hdf5,70008451,7101,1,0,1,0,20210220,161607,Final,0
aif210716g.7100.hdf5,70008452,7100,1,0,1,1,20210718,140357,Final,0
aif210716g.7101.hdf5,70008452,7101,1,0,1,0,20210718,140406,Final,0
aif210616g.7100.hdf5,70008453,7100,1,0,1,1,20210617,140238,Final,0
aif210616g.7101.hdf5,70008453,7101,1,0,1,0,20210617,140247,Final,0
aif210316g.7100.hdf5,70008454,7100,1,0,1,1,20210317,140348,Final,0
aif210316g.7101.hdf5,70008454,7101,1,0,1,0,20210317,140356,Final,0
aif210417g.7100.hdf5,70008455,7100,1,0,1,1,20210418,140259,Final,0
aif210417g.7101.hdf5,70008455,7101,1,0,1,0,20210418,140308,Final,0
aif210217g.7100.hdf5,70008456,7100,1,0,1,1,20210220,160017,Final,0
aif210217g.7101.hdf5,70008456,7101,1,0,1,0,20210220,160025,Final,0
aif210117g.7100.hdf5,70008457,7100,1,0,1,1,20210220,160529,Final,0
aif210117g.7101.hdf5,70008457,7101,1,0,1,0,20210220,160537,Final,0
aif210717g.7100.hdf5,70008458,7100,1,0,1,1,20210718,140508,Final,0
aif210717g.7101.hdf5,70008458,7101,1,0,1,0,20210718,140518,Final,0
aif210617g.7100.hdf5,70008459,7100,1,0,1,1,20210618,140206,Final,0
aif210317g.7100.hdf5,70008460,7100,1,0,1,1,20210318,140254,Final,0
aif210317g.7101.hdf5,70008460,7101,1,0,1,0,20210318,140303,Final,0
aif210517g.7100.hdf5,70008461,7100,1,0,1,1,20210602,140602,Final,0
aif210517g.7101.hdf5,70008461,7101,1,0,1,0,20210602,140609,Final,0
aif210516g.7100.hdf5,70008462,7100,1,0,1,1,20210602,141342,Final,0
aif210516g.7101.hdf5,70008462,7101,1,0,1,0,20210602,141351,Final,0
aif210418g.7100.hdf5,70008463,7100,1,0,1,1,20210419,140216,Final,0
aif210418g.7101.hdf5,70008463,7101,1,0,1,0,20210419,140225,Final,0
aif210218g.7100.hdf5,70008464,7100,1,0,1,1,20210220,154505,Final,0
aif210218g.7101.hdf5,70008464,7101,1,0,1,0,20210220,154513,Final,0
aif210118g.7100.hdf5,70008465,7100,1,0,1,1,20210220,160807,Final,0
aif210118g.7101.hdf5,70008465,7101,1,0,1,0,20210220,160815,Final,0
aif210618g.7100.hdf5,70008466,7100,1,0,1,1,20210619,141215,Final,0
aif210618g.7101.hdf5,70008466,7101,1,0,1,0,20210619,141251,Final,0
aif210318g.7100.hdf5,70008467,7100,1,0,1,1,20210319,140220,Final,0
aif210318g.7101.hdf5,70008467,7101,1,0,1,0,20210319,140230,Final,0
aif210518g.7100.hdf5,70008468,7100,1,0,1,1,20210602,141641,Final,0
aif210518g.7101.hdf5,70008468,7101,1,0,1,0,20210602,141649,Final,0
aif210419g.7100.hdf5,70008469,7100,1,0,1,1,20210420,140240,Final,0
aif210419g.7101.hdf5,70008469,7101,1,0,1,0,20210420,140249,Final,0
aif210219g.7100.hdf5,70008470,7100,1,0,1,1,20210220,160244,Final,0
aif210219g.7101.hdf5,70008470,7101,1,0,1,0,20210220,160252,Final,0
aif210718g.7100.hdf5,70008471,7100,1,0,1,1,20210719,140246,Final,0
aif210718g.7101.hdf5,70008471,7101,1,0,1,0,20210719,140254,Final,0
aif210719g.7100.hdf5,70008472,7100,1,0,1,1,20210720,140250,Final,0
aif210719g.7101.hdf5,70008472,7101,1,0,1,0,20210720,140258,Final,0
aif210619g.7100.hdf5,70008473,7100,1,0,1,1,20210620,140245,Final,0
aif210619g.7101.hdf5,70008473,7101,1,0,1,0,20210620,140254,Final,0
aif210319g.7100.hdf5,70008474,7100,1,0,1,1,20210321,140254,Final,0
aif210319g.7101.hdf5,70008474,7101,1,0,1,0,20210321,140303,Final,0
aif210519g.7100.hdf5,70008475,7100,1,0,1,1,20210602,141805,Final,0
aif210519g.7101.hdf5,70008475,7101,1,0,1,0,20210602,141813,Final,0
aif210220g.7100.hdf5,70008476,7100,1,0,1,1,20210221,150117,Final,0
aif210220g.7101.hdf5,70008476,7101,1,0,1,0,20210221,150125,Final,0
aif210120g.7100.hdf5,70008477,7100,1,0,1,1,20210220,162115,Final,0
aif210120g.7101.hdf5,70008477,7101,1,0,1,0,20210220,162123,Final,0
aif210720g.7100.hdf5,70008478,7100,1,0,1,1,20210721,140130,Final,0
aif210720g.7101.hdf5,70008478,7101,1,0,1,0,20210721,140140,Final,0
aif210620g.7100.hdf5,70008479,7100,1,0,1,1,20210621,140250,Final,0
aif210620g.7101.hdf5,70008479,7101,1,0,1,0,20210621,140258,Final,0
aif210320g.7100.hdf5,70008480,7100,1,0,1,1,20210321,140400,Final,0
aif210320g.7101.hdf5,70008480,7101,1,0,1,0,20210321,140408,Final,0
aif210520g.7100.hdf5,70008481,7100,1,0,1,1,20210602,141106,Final,0
aif210520g.7101.hdf5,70008481,7101,1,0,1,0,20210602,141114,Final,0
aif210420g.7100.hdf5,70008482,7100,1,0,1,1,20210421,140235,Final,0
aif210420g.7101.hdf5,70008482,7101,1,0,1,0,20210421,140243,Final,0
aif210421g.7100.hdf5,70008483,7100,1,0,1,1,20210422,140244,Final,0
aif210421g.7101.hdf5,70008483,7101,1,0,1,0,20210422,140253,Final,0
aif210721g.7100.hdf5,70008484,7100,1,0,1,1,20210722,140220,Final,0
aif210721g.7101.hdf5,70008484,7101,1,0,1,0,20210722,140229,Final,0
aif210621g.7100.hdf5,70008485,7100,1,0,1,1,20210622,140218,Final,0
aif210621g.7101.hdf5,70008485,7101,1,0,1,0,20210622,140226,Final,0
aif210321g.7100.hdf5,70008486,7100,1,0,1,1,20210322,140250,Final,0
aif210321g.7101.hdf5,70008486,7101,1,0,1,0,20210322,140259,Final,0
aif210521g.7100.hdf5,70008487,7100,1,0,1,1,20210523,140301,Final,0
aif210521g.7101.hdf5,70008487,7101,1,0,1,0,20210523,140309,Final,0
aif210422g.7100.hdf5,70008488,7100,1,0,1,1,20210423,140219,Final,0
aif210422g.7101.hdf5,70008488,7101,1,0,1,0,20210423,140228,Final,0
aif210222g.7100.hdf5,70008489,7100,1,0,1,1,20210223,150109,Final,0
aif210222g.7101.hdf5,70008489,7101,1,0,1,0,20210223,150117,Final,0
aif210122g.7100.hdf5,70008490,7100,1,0,1,1,20210220,160406,Final,0
aif210122g.7101.hdf5,70008490,7101,1,0,1,0,20210220,160415,Final,0
aif210722g.7100.hdf5,70008491,7100,1,0,1,1,20210723,140205,Final,0
aif210722g.7101.hdf5,70008491,7101,1,0,1,0,20210723,140213,Final,0
aif210622g.7100.hdf5,70008492,7100,1,0,1,1,20210623,140216,Final,0
aif210622g.7101.hdf5,70008492,7101,1,0,1,0,20210623,140224,Final,0
aif210322g.7100.hdf5,70008493,7100,1,0,1,1,20210323,140225,Final,0
aif210322g.7101.hdf5,70008493,7101,1,0,1,0,20210323,140232,Final,0
aif210522g.7100.hdf5,70008494,7100,1,0,1,1,20210523,140206,Final,0
aif210423g.7100.hdf5,70008495,7100,1,0,1,1,20210425,140432,Final,0
aif210423g.7101.hdf5,70008495,7101,1,0,1,0,20210425,140441,Final,0
aif210223g.7100.hdf5,70008496,7100,1,0,1,1,20210224,150108,Final,0
aif210223g.7101.hdf5,70008496,7101,1,0,1,0,20210224,150116,Final,0
aif210123g.7100.hdf5,70008497,7100,1,0,1,1,20210220,161437,Final,0
aif210123g.7101.hdf5,70008497,7101,1,0,1,0,20210220,161445,Final,0
aif210723g.7100.hdf5,70008498,7100,1,0,1,1,20210725,140207,Final,0
aif210723g.7101.hdf5,70008498,7101,1,0,1,0,20210725,140215,Final,0
aif210623g.7100.hdf5,70008499,7100,1,0,1,1,20210624,140236,Final,0
aif210623g.7101.hdf5,70008499,7101,1,0,1,0,20210624,140245,Final,0
aif210323g.7100.hdf5,70008500,7100,1,0,1,1,20210324,140244,Final,0
aif210323g.7101.hdf5,70008500,7101,1,0,1,0,20210324,140253,Final,0
aif210523g.7100.hdf5,70008501,7100,1,0,1,1,20210524,140221,Final,0
aif210424g.7100.hdf5,70008502,7100,1,0,1,1,20210425,140324,Final,0
aif210424g.7101.hdf5,70008502,7101,1,0,1,0,20210425,140333,Final,0
aif210224g.7100.hdf5,70008503,7100,1,0,1,1,20210225,150153,Final,0
aif210224g.7101.hdf5,70008503,7101,1,0,1,0,20210225,150202,Final,0
aif210124g.7100.hdf5,70008504,7100,1,0,1,1,20210220,161321,Final,0
aif210124g.7101.hdf5,70008504,7101,1,0,1,0,20210220,161328,Final,0
aif210724g.7100.hdf5,70008505,7100,1,0,1,1,20210725,140311,Final,0
aif210724g.7101.hdf5,70008505,7101,1,0,1,0,20210725,140320,Final,0
aif210624g.7100.hdf5,70008506,7100,1,0,1,1,20210625,140223,Final,0
aif210624g.7101.hdf5,70008506,7101,1,0,1,0,20210625,140231,Final,0
aif210324g.7100.hdf5,70008507,7100,1,0,1,1,20210325,140306,Final,0
aif210324g.7101.hdf5,70008507,7101,1,0,1,0,20210325,140315,Final,0
aif210524g.7100.hdf5,70008508,7100,1,0,1,1,20210525,140258,Final,0
aif210524g.7101.hdf5,70008508,7101,1,0,1,0,20210525,140307,Final,0
aif210425g.7100.hdf5,70008509,7100,1,0,1,1,20210426,140231,Final,0
aif210425g.7101.hdf5,70008509,7101,1,0,1,0,20210426,140239,Final,0
aif210225g.7100.hdf5,70008510,7100,1,0,1,1,20210226,150106,Final,0
aif210225g.7101.hdf5,70008510,7101,1,0,1,0,20210226,150113,Final,0
aif210125g.7100.hdf5,70008511,7100,1,0,1,1,20210220,161049,Final,0
aif210125g.7101.hdf5,70008511,7101,1,0,1,0,20210220,161057,Final,0
aif210625g.7100.hdf5,70008512,7100,1,0,1,1,20210627,140319,Final,0
aif210625g.7101.hdf5,70008512,7101,1,0,1,0,20210627,140327,Final,0
aif210325g.7100.hdf5,70008513,7100,1,0,1,1,20210326,140602,Final,0
aif210325g.7101.hdf5,70008513,7101,1,0,1,0,20210326,140611,Final,0
aif210226g.7100.hdf5,70008514,7100,1,0,1,1,20210228,150119,Final,0
aif210226g.7101.hdf5,70008514,7101,1,0,1,0,20210228,150126,Final,0
aif210126g.7100.hdf5,70008515,7100,1,0,1,1,20210220,161715,Final,0
aif210126g.7101.hdf5,70008515,7101,1,0,1,0,20210220,161722,Final,0
aif210725g.7100.hdf5,70008516,7100,1,0,1,1,20210726,140213,Final,0
aif210725g.7101.hdf5,70008516,7101,1,0,1,0,20210726,140221,Final,0
aif210626g.7100.hdf5,70008517,7100,1,0,1,1,20210627,140418,Final,0
aif210626g.7101.hdf5,70008517,7101,1,0,1,0,20210627,140426,Final,0
aif210326g.7100.hdf5,70008518,7100,1,0,1,1,20210328,140245,Final,0
aif210326g.7101.hdf5,70008518,7101,1,0,1,0,20210328,140254,Final,0
aif210525g.7100.hdf5,70008519,7100,1,0,1,1,20210526,140323,Final,0
aif210525g.7101.hdf5,70008519,7101,1,0,1,0,20210526,140331,Final,0
aif210526g.7100.hdf5,70008520,7100,1,0,1,1,20210527,140311,Final,0
aif210526g.7101.hdf5,70008520,7101,1,0,1,0,20210527,140320,Final,0
aif210426g.7100.hdf5,70008521,7100,1,0,1,1,20210427,140205,Final,0
aif210426g.7101.hdf5,70008521,7101,1,0,1,0,20210427,140213,Final,0
aif210227g.7100.hdf5,70008522,7100,1,0,1,1,20210228,150219,Final,0
aif210227g.7101.hdf5,70008522,7101,1,0,1,0,20210228,150227,Final,0
aif210127g.7100.hdf5,70008523,7100,1,0,1,1,20210220,161204,Final,0
aif210127g.7101.hdf5,70008523,7101,1,0,1,0,20210220,161211,Final,0
aif210726g.7100.hdf5,70008524,7100,1,0,1,1,20210727,140254,Final,0
aif210726g.7101.hdf5,70008524,7101,1,0,1,0,20210727,140302,Final,0
aif210727g.7100.hdf5,70008525,7100,1,0,1,1,20210728,140236,Final,0
aif210627g.7100.hdf5,70008526,7100,1,0,1,1,20210628,140155,Final,0
aif210627g.7101.hdf5,70008526,7101,1,0,1,0,20210628,140203,Final,0
aif210327g.7100.hdf5,70008527,7100,1,0,1,1,20210328,140346,Final,0
aif210327g.7101.hdf5,70008527,7101,1,0,1,0,20210328,140355,Final,0
aif210527g.7100.hdf5,70008528,7100,1,0,1,1,20210528,140240,Final,0
aif210527g.7101.hdf5,70008528,7101,1,0,1,0,20210528,140247,Final,0
aif210228g.7100.hdf5,70008529,7100,1,0,1,1,20210301,150131,Final,0
aif210228g.7101.hdf5,70008529,7101,1,0,1,0,20210301,150138,Final,0
aif210128g.7100.hdf5,70008530,7100,1,0,1,1,20210220,161949,Final,0
aif210128g.7101.hdf5,70008530,7101,1,0,1,0,20210220,161956,Final,0
aif210628g.7100.hdf5,70008531,7100,1,0,1,1,20210629,140223,Final,0
aif210628g.7101.hdf5,70008531,7101,1,0,1,0,20210629,140231,Final,0
aif210328g.7100.hdf5,70008532,7100,1,0,1,1,20210329,140216,Final,0
aif210328g.7101.hdf5,70008532,7101,1,0,1,0,20210329,140224,Final,0
aif210528g.7100.hdf5,70008533,7100,1,0,1,1,20210530,140735,Final,0
aif210528g.7101.hdf5,70008533,7101,1,0,1,0,20210530,140743,Final,0
aif210428g.7100.hdf5,70008534,7100,1,0,1,1,20210429,140208,Final,0
aif210428g.7101.hdf5,70008534,7101,1,0,1,0,20210429,140216,Final,0
aif210429g.7100.hdf5,70008535,7100,1,0,1,1,20210430,140228,Final,0
aif210429g.7101.hdf5,70008535,7101,1,0,1,0,20210430,140236,Final,0
aif210129g.7100.hdf5,70008536,7100,1,0,1,1,20210220,160646,Final,0
aif210129g.7101.hdf5,70008536,7101,1,0,1,0,20210220,160655,Final,0
aif210728g.7100.hdf5,70008537,7100,1,0,1,1,20210729,140245,Final,0
aif210728g.7101.hdf5,70008537,7101,1,0,1,0,20210729,140255,Final,0
aif210729g.7100.hdf5,70008538,7100,1,0,1,1,20210730,140248,Final,0
aif210729g.7101.hdf5,70008538,7101,1,0,1,0,20210730,140256,Final,0
aif210629g.7100.hdf5,70008539,7100,1,0,1,1,20210630,140226,Final,0
aif210629g.7101.hdf5,70008539,7101,1,0,1,0,20210630,140235,Final,0
aif210329g.7100.hdf5,70008540,7100,1,0,1,1,20210330,140242,Final,0
aif210529g.7100.hdf5,70008541,7100,1,0,1,1,20210530,140524,Final,0
aif210529g.7101.hdf5,70008541,7101,1,0,1,0,20210530,140532,Final,0
aif210730g.7100.hdf5,70008542,7100,1,0,1,1,20210801,140324,Final,0
aif210730g.7101.hdf5,70008542,7101,1,0,1,0,20210801,140333,Final,0
aif210630g.7100.hdf5,70008543,7100,1,0,1,1,20210701,140217,Final,0
aif210630g.7101.hdf5,70008543,7101,1,0,1,0,20210701,140226,Final,0
aif210330g.7100.hdf5,70008544,7100,1,0,1,1,20210331,140226,Final,0
aif210330g.7101.hdf5,70008544,7101,1,0,1,0,20210331,140234,Final,0
aif210530g.7100.hdf5,70008545,7100,1,0,1,1,20210531,140214,Final,0
aif210530g.7101.hdf5,70008545,7101,1,0,1,0,20210531,140222,Final,0
aif210131g.7100.hdf5,70008546,7100,1,0,1,1,20210220,161835,Final,0
aif210131g.7101.hdf5,70008546,7101,1,0,1,0,20210220,161843,Final,0
aif210331g.7100.hdf5,70008547,7100,1,0,1,1,20210401,140215,Final,0
aif210331g.7101.hdf5,70008547,7101,1,0,1,0,20210401,140224,Final,0
aif210531g.7100.hdf5,70008548,7100,1,0,1,1,20210602,140927,Final,0
aif210531g.7101.hdf5,70008548,7101,1,0,1,0,20210602,140934,Final,0
jro20140110_060051.hdf5,220000042,19000,1,0,1,1,20191023,234519,final,0
jro20140930_060051.hdf5,220000035,19000,1,0,1,1,20191023,234728,final,0
jro20140107_073744.hdf5,220000033,19000,1,0,1,1,20191023,234411,final,0
jro20141002_060051.hdf5,220000036,19000,1,0,1,1,20191023,234759,final,0
jro20140513_073322.hdf5,220000030,19000,1,0,1,1,20191023,234545,final,0
jro20141001_060052.hdf5,220000041,19000,1,0,1,1,20191023,234746,final,0
jro20140109_060052.hdf5,220000038,19000,1,0,1,1,20191023,234459,final,0
jro20141003_060052.hdf5,220000031,19000,1,0,1,1,20191023,234812,final,0
jro20140929_132237.hdf5,220000032,19000,1,0,1,1,20191023,234709,final,0
jro20140515_060052.hdf5,220000039,19000,1,0,1,1,20191023,234623,final,0
jro20140514_060051.hdf5,220000037,19000,1,0,1,1,20191023,234604,final,0
jro20140108_060051.hdf5,220000040,19000,1,0,1,1,20191023,234441,final,0
jro20140516_060052.hdf5,220000034,19000,1,0,1,1,20191023,234642,final,0
jro20070622_143916.hdf5,220000055,19000,1,0,1,1,20191024,230830,final,0
jro20070621_094102.hdf5,220000058,19000,1,0,1,1,20191024,230819,final,0
jro20070620_085545.hdf5,220000057,19000,1,0,1,1,20191024,230354,final,0
jro20070623_083821.hdf5,220000054,19000,1,0,1,1,20191024,230844,final,0
jro20070619_075645.hdf5,220000056,19000,1,0,1,1,20191024,230313,final,0
jro20090127_063352.hdf5,220000052,19000,1,0,1,1,20191024,163403,final,0
jro20090123_063112.hdf5,220000053,19000,1,0,1,1,20191024,163247,final,0
jro20090121_064447.hdf5,220000045,19000,1,0,1,1,20191024,163206,final,0
jro20090124_064249.hdf5,220000046,19000,1,0,1,1,20191024,163307,final,0
jro20090119_063046.hdf5,220000048,19000,1,0,1,1,20191024,163128,final,0
jro20090118_075407.hdf5,220000043,19000,1,0,1,1,20191024,163048,final,0
jro20090126_064034.hdf5,220000050,19000,1,0,1,1,20191024,163349,final,0
jro20090117_064529.hdf5,220000049,19000,1,0,1,1,20191024,163027,final,0
jro20090125_070420.hdf5,220000044,19000,1,0,1,1,20191024,163328,final,0
jro20090122_065107.hdf5,220000051,19000,1,0,1,1,20191024,163231,final,0
jro20090120_063457.hdf5,220000047,19000,1,0,1,1,20191024,163149,final,0
dst570101g.002.hdf5,220000112,30006,1,0,1,0,0,0,0,0
geo500101g.002.hdf5,220000113,30007,1,0,1,0,20241209,233941,0,0
mlh980120g.002.hdf5,220000105,3410,1,1505280,0,0,19980123,152308,final,0
jro980427d.001.hdf5,220000106,1800,1,0,1,0,20171221,191512,final,0
lyr970408g.001.hdf5,220000110,6831,1,0,1,0,20171221,191510,0,0
are970106g.001.hdf5,220000109,2010,1,0,1,0,20171221,191507,0,0
son970106g.001.hdf5,220000111,5501,1,0,1,0,20171221,191506,0,0
jro20170419_060052.hdf5,220000099,19000,1,0,1,1,20191027,154749,final,0
jro20170420_060039.hdf5,220000098,19000,1,0,1,1,20191027,154833,final,0
jro20170418_060052.hdf5,220000096,19000,1,0,1,1,20191027,154720,final,0
jro20170417_165039.hdf5,220000095,19000,1,0,1,1,20191027,154646,final,0
jro20170421_060052.hdf5,220000097,19000,1,0,1,1,20191027,154845,final,0
jro20061204_165216.hdf5,220000064,19000,1,0,1,1,20191026,165448,final,0
jro20060905_083225.hdf5,220000062,19000,1,0,1,1,20191026,165412,final,0
jro20060406_082608.hdf5,220000070,19000,1,0,1,1,20191026,165258,final,0
jro20060404_083347.hdf5,220000060,19000,1,0,1,1,20191026,165155,final,0
jro20061207_081847.hdf5,220000071,19000,1,0,1,1,20191026,165528,final,0
jro20060803_082453.hdf5,220000069,19000,1,0,1,1,20191026,165355,final,0
jro20061206_080954.hdf5,220000067,19000,1,0,1,1,20191026,165511,final,0
jro20060907_083852.hdf5,220000072,19000,1,0,1,1,20191026,165436,final,0
jro20060802_082417.hdf5,220000066,19000,1,0,1,1,20191026,165343,final,0
jro20060403_151019.hdf5,220000068,19000,1,0,1,1,20191026,164945,final,0
jro20060906_082540.hdf5,220000065,19000,1,0,1,1,20191026,165425,final,0
jro20060801_082922.hdf5,220000059,19000,1,0,1,1,20191026,165329,final,0
jro20061205_081227.hdf5,220000061,19000,1,0,1,1,20191026,165500,final,0
jro20060405_082838.hdf5,220000063,19000,1,0,1,1,20191026,165234,final,0
jro20150708_060052.hdf5,220000015,19000,1,0,1,0,20191023,054704,final,0
jro20150417_060051.hdf5,220000019,19000,1,0,1,1,20191023,195115,final,0
jro20151001_060051.hdf5,220000018,19000,1,0,1,1,20191023,195244,final,0
jro20150105_165953.hdf5,220000020,19000,1,0,1,1,20191023,194838,final,0
jro20150707_085104.hdf5,220000017,19000,1,0,1,0,20191023,054641,final,0
jro20150930_060052.hdf5,220000025,19000,1,0,1,1,20191023,195227,final,0
jro20150408_060052.hdf5,220000016,19000,1,0,1,0,20191023,054554,final,0
jro20150416_060052.hdf5,220000022,19000,1,0,1,1,20191023,195046,final,0
jro20150710_060051.hdf5,220000014,19000,1,0,1,0,20191023,054732,final,0
jro20150106_065003.hdf5,220000029,19000,1,0,1,1,20191023,194915,final,0
jro20150929_065325.hdf5,220000028,19000,1,0,1,1,20191023,195209,final,0
jro20150107_060051.hdf5,220000023,19000,1,0,1,1,20191023,194938,final,0
jro20150108_060052.hdf5,220000011,19000,1,0,1,0,20191023,054419,final,0
jro20150706_113518.hdf5,220000027,19000,1,0,1,1,20191023,195136,final,0
jro20150415_060051.hdf5,220000010,19000,1,0,1,0,20191023,195641,final,0
jro20151002_060051.hdf5,220000024,19000,1,0,1,1,20191023,195305,final,0
jro20150407_072203.hdf5,220000013,19000,1,0,1,0,20191023,054532,final,0
jro20150709_060052.hdf5,220000012,19000,1,0,1,0,20191023,054719,final,0
jro20150109_060052.hdf5,220000021,19000,1,0,1,1,20191023,194955,final,0
jro20150414_071505.hdf5,220000026,19000,1,0,1,1,20191023,195023,final,0
imf631127g.002.hdf5,220000114,30012,1,0,1,0,20241210,024310,0,0
jro20050616_063048.hdf5,220000093,19000,1,0,1,1,20191027,142557,final,0
jro20051220_083232.hdf5,220000087,19000,1,0,1,1,20191027,142852,final,0
jro20050908_060310.hdf5,220000094,19000,1,0,1,1,20191027,142729,final,0
jro20050427_062016.hdf5,220000082,19000,1,0,1,1,20191027,142409,final,0
jro20050907_060119.hdf5,220000079,19000,1,0,1,1,20191027,142707,final,0
jro20050315_063812.hdf5,220000076,19000,1,0,1,1,20191027,142122,final,0
jro20050426_171439.hdf5,220000074,19000,1,0,1,1,20191027,142350,final,0
jro20050615_063345.hdf5,220000078,19000,1,0,1,1,20191027,142535,final,0
jro20050905_164354.hdf5,220000086,19000,1,0,1,1,20191027,142635,final,0
jro20050317_061424.hdf5,220000092,19000,1,0,1,1,20191027,142255,final,0
jro20051214_082244.hdf5,220000091,19000,1,0,1,1,20191027,142822,final,0
jro20050617_064818.hdf5,220000085,19000,1,0,1,1,20191027,142615,final,0
jro20050906_060225.hdf5,220000073,19000,1,0,1,1,20191027,142655,final,0
jro20050613_065328.hdf5,220000083,19000,1,0,1,1,20191027,142455,final,0
jro20051212_123248.hdf5,220000075,19000,1,0,1,1,20191027,142752,final,0
jro20051222_075226.hdf5,220000080,19000,1,0,1,1,20191027,142920,final,0
jro20050316_061556.hdf5,220000084,19000,1,0,1,1,20191027,142242,final,0
jro20050415_100104.hdf5,220000090,19000,1,0,1,1,20191027,142314,final,0
jro20050614_063414.hdf5,220000077,19000,1,0,1,1,20191027,142517,final,0
jro20050425_105817.hdf5,220000088,19000,1,0,1,1,20191027,142334,final,0
jro20051221_060430.hdf5,220000089,19000,1,0,1,1,20191027,142907,final,0
jro20051213_090810.hdf5,220000081,19000,1,0,1,1,20191027,142809,final,0
jic950201g.001.hdf5,220000104,1050,1,0,1,0,20171221,191459,0,0
jro20190306_060051.hdf5,220000100,19000,1,0,1,1,20191027,154931,final,0
jro20190307_060051.hdf5,220000101,19000,1,0,1,1,20191027,154943,final,0
jro20190305_101657.hdf5,220000102,19000,1,0,1,1,20191027,154914,final,0
geo500101g.002.hdf5,360000005,30007,1,0,1,0,20200525,222744,0,0,,
dst570101g.002.hdf5,360000002,30006,1,0,1,0,20200525,223323,0,0,,
jro980427d.001.hdf5,360000003,1800,1,0,1,0,20171221,191512,final,0,,
mlh980120g.002.hdf5,360000004,3410,1,1505280,0,0,19980123,152308,final,0
jic950201g.001.hdf5,360000006,1050,1,0,1,0,20171221,191459,0,0,,
imf631127g.002.hdf5,360000001,30012,1,0,1,0,20200525,224338,0,0,,
lyr970408g.001.hdf5,360000008,6831,1,0,1,0,20171221,191510,0,0,,
son970106g.001.hdf5,360000009,5501,1,0,1,0,20171221,191506,0,0,,
are970106g.001.hdf5,360000007,2010,1,0,1,0,20171221,191507,0,0,,
